id,news_id,date_time,stock_code,stock_name,title,long_text,file_info,audit_firms,kams,kam_tags,file_link
65,9434820,08/09/2020 17:18,164,CHINA BAOLI TEC,Annual Report 2019/20,Financial Statements/ESG Information - [Annual Report],4MB,"[<Auditor(65, 9434820, Asian Alliance (HK) CPA Limited)>]",[],[],https://www1.hkexnews.hk/listedco/listconews/sehk/2020/0908/2020090800537.pdf
93,9403051,18/08/2020 12:00,651,CHI OCEAN IND,Annual Report 2019,Financial Statements/ESG Information - [Annual Report],5MB,"[<Auditor(91, 9403051, Asian Alliance (HK) CPA Limited)>]",[],[],https://www1.hkexnews.hk/listedco/listconews/sehk/2020/0818/2020081800152.pdf
118,9377549,31/07/2020 16:32,1867,LKS HOLDING,ANNUAL REPORT 2020,Financial Statements/ESG Information - [Annual Report],3MB,"[<Auditor(108, 9377549, Asian Alliance (HK) CPA Limited)>]","[<KeyAuditMatter(213, 9377549 Recognition of contract revenue and costs)>, <KeyAuditMatter(214, 9377549 Recognition of contract revenue and costs (Continued))>, <KeyAuditMatter(215, 9377549 Impairment assessment of trade receivables and contract assets)>]","[<KeyAuditMatterTag(505, 213, recognition)>, <KeyAuditMatterTag(506, 213, revenue)>, <KeyAuditMatterTag(507, 214, recognition)>, <KeyAuditMatterTag(508, 214, revenue)>, <KeyAuditMatterTag(509, 215, assessment)>, <KeyAuditMatterTag(510, 215, asset)>, <KeyAuditMatterTag(511, 215, impairment)>]",https://www1.hkexnews.hk/listedco/listconews/sehk/2020/0731/2020073100409.pdf
606,9298751,31/05/2020 18:07,747,SHENYANG PUBLIC,Annual Report 2019,Financial Statements/ESG Information - [Annual Report],2MB,"[<Auditor(581, 9298751, Asian Alliance (HK) CPA Limited)>]","[<KeyAuditMatter(1385, 9298751 Impairment assessment of deposit paid for acquisition of properties)>, <KeyAuditMatter(1386, 9298751 Impairment assessment of deposit paid for acquisition of properties (Continued))>, <KeyAuditMatter(1387, 9298751 Impairment assessment of deposits paid for potential investments)>, <KeyAuditMatter(1388, 9298751 Impairment assessment of other receivables)>, <KeyAuditMatter(1389, 9298751 Impairment assessment of other receivables(Continued))>]","[<KeyAuditMatterTag(3309, 1385, acquisition)>, <KeyAuditMatterTag(3310, 1385, assessment)>, <KeyAuditMatterTag(3311, 1385, impairment)>, <KeyAuditMatterTag(3312, 1385, properties)>, <KeyAuditMatterTag(3313, 1386, acquisition)>, <KeyAuditMatterTag(3314, 1386, assessment)>, <KeyAuditMatterTag(3315, 1386, impairment)>, <KeyAuditMatterTag(3316, 1386, properties)>, <KeyAuditMatterTag(3317, 1387, assessment)>, <KeyAuditMatterTag(3318, 1387, impairment)>, <KeyAuditMatterTag(3319, 1387, investment)>, <KeyAuditMatterTag(3320, 1388, assessment)>, <KeyAuditMatterTag(3321, 1388, impairment)>, <KeyAuditMatterTag(3322, 1389, assessment)>, <KeyAuditMatterTag(3323, 1389, impairment)>]",https://www1.hkexnews.hk/listedco/listconews/sehk/2020/0531/2020053100009.pdf
647,9281891,15/05/2020 16:31,1103,DASHENG AGR FIN,Annual Report 2019,Financial Statements/ESG Information - [Annual Report],3MB,"[<Auditor(621, 9281891, Asian Alliance (HK) CPA Limited)>]",[],[],https://www1.hkexnews.hk/listedco/listconews/sehk/2020/0515/2020051500556.pdf
697,9280112,14/05/2020 17:31,8166,CHINA ECO-FARM,Annual Report 2019,"Financial Statements/ESG Information - [Annual Report / Environmental, Social and Governance Information/Report]",2MB,"[<Auditor(670, 9280112, Asian Alliance (HK) CPA Limited)>]","[<KeyAuditMatter(1608, 9280112 Impairment assessment on loan and interest receivables)>, <KeyAuditMatter(1609, 9280112 Impairment assessment on loan and interest receivables (continued))>, <KeyAuditMatter(1610, 9280112 Valuation of investment properties)>]","[<KeyAuditMatterTag(3819, 1608, assessment)>, <KeyAuditMatterTag(3820, 1608, impairment)>, <KeyAuditMatterTag(3821, 1609, assessment)>, <KeyAuditMatterTag(3822, 1609, impairment)>, <KeyAuditMatterTag(3823, 1610, investment)>, <KeyAuditMatterTag(3824, 1610, properties)>, <KeyAuditMatterTag(3825, 1610, valuation)>]",https://www1.hkexnews.hk/listedco/listconews/gem/2020/0514/2020051401081.pdf
721,9279606,14/05/2020 16:37,8089,CHINESE STRAT,Annual Report 2019,"Financial Statements/ESG Information - [Annual Report / Environmental, Social and Governance Information/Report]",3MB,"[<Auditor(694, 9279606, Asian Alliance (HK) CPA Limited)>]",[],[],https://www1.hkexnews.hk/listedco/listconews/gem/2020/0514/2020051400575.pdf
722,9279604,14/05/2020 16:37,1192,TITAN PETROCHEM,ANNUAL REPORT 2019,Financial Statements/ESG Information - [Annual Report],2MB,"[<Auditor(695, 9279604, Asian Alliance (HK) CPA Limited)>]",[],[],https://www1.hkexnews.hk/listedco/listconews/sehk/2020/0514/2020051400573.pdf
896,9258296,29/04/2020 09:38,1139,VICTORY GROUP,Annual Report 2019,"Financial Statements/ESG Information - [Annual Report / Environmental, Social and Governance Information/Report]",1MB,"[<Auditor(851, 9258296, Asian Alliance (HK) CPA Limited)>]","[<KeyAuditMatter(2014, 9258296 1. Impairment assessment of trade receivables and other receivables)>, <KeyAuditMatter(2015, 9258296 KEY AUDIT MATTERS 2. Net realisable value assessment of inventories)>]","[<KeyAuditMatterTag(4776, 2014, assessment)>, <KeyAuditMatterTag(4777, 2014, impairment)>, <KeyAuditMatterTag(4778, 2015, assessment)>, <KeyAuditMatterTag(4779, 2015, inventories)>, <KeyAuditMatterTag(4780, 2015, net realisable value)>, <KeyAuditMatterTag(4781, 2015, value)>]",https://www1.hkexnews.hk/listedco/listconews/sehk/2020/0429/2020042900338.pdf
2136,9214259,31/03/2020 20:05,8493,DRAGON KING GP,ANNUAL REPORT 2019,Financial Statements/ESG Information - [Annual Report],2MB,"[<Auditor(2051, 9214259, Asian Alliance (HK) CPA Limited)>]","[<KeyAuditMatter(4773, 9214259 Impairment assessment of property, plant and equipment and right-of-use assets)>]","[<KeyAuditMatterTag(11207, 4773, assessment)>, <KeyAuditMatterTag(11208, 4773, asset)>, <KeyAuditMatterTag(11209, 4773, impairment)>, <KeyAuditMatterTag(11210, 4773, plant and equipment)>, <KeyAuditMatterTag(11211, 4773, property)>, <KeyAuditMatterTag(11212, 4773, right)>]",https://www1.hkexnews.hk/listedco/listconews/gem/2020/0331/2020033101844.pdf
2144,9213473,31/03/2020 17:14,8272,C FOOD&BEV GP,Annual Report 2019,Financial Statements/ESG Information - [Annual Report],10MB,"[<Auditor(2059, 9213473, Asian Alliance (HK) CPA Limited)>]",[],[],https://www1.hkexnews.hk/listedco/listconews/gem/2020/0331/2020033101066.pdf
