id,news_id,date_time,stock_code,stock_name,title,long_text,file_info,audit_firms,kams,kam_tags,file_link
31,9457583,30/09/2020 06:10,8140,BOSATECH,ANNUAL REPORT 2020,Financial Statements/ESG Information - [Annual Report],2MB,"[<Auditor(31, 9457583, Baker Tilly Hong Kong Limited)>]","[<KeyAuditMatter(59, 9457583 TO THE SHAREHOLDERS OF BOSA TECHNOLOGY HOLDINGS LIMITED(Incorporated in the Cayman Islands with limited liability))>, <KeyAuditMatter(60, 9457583 Revenue recognition on provision of mechanical splicing services)>, <KeyAuditMatter(61, 9457583 	understanding	the	revenue	business	process	and	)>, <KeyAuditMatter(62, 9457583 Valuation of trade receivables)>, <KeyAuditMatter(63, 9457583 	criteria	for	determining	whether	or	not	there	)>, <KeyAuditMatter(64, 9457583 	economic	indicators	for	forward-looking		reviewing	subsequent	settlements	of	trade	)>]","[<KeyAuditMatterTag(170, 59, land)>, <KeyAuditMatterTag(171, 60, provision)>, <KeyAuditMatterTag(172, 60, recognition)>, <KeyAuditMatterTag(173, 60, revenue)>, <KeyAuditMatterTag(174, 61, revenue)>, <KeyAuditMatterTag(175, 62, valuation)>, <KeyAuditMatterTag(176, 63, mining)>, <KeyAuditMatterTag(177, 64, indicator)>]",https://www1.hkexnews.hk/listedco/listconews/gem/2020/0930/2020093000043.pdf
41,9455626,28/09/2020 20:19,8201,PPS INT'L,Annual Report 2020,"Financial Statements/ESG Information - [Annual Report / Environmental, Social and Governance Information/Report]",5MB,"[<Auditor(41, 9455626, Baker Tilly Hong Kong Limited)>]","[<KeyAuditMatter(88, 9455626 The Key Audit MatterHow the matter was addressed in our auditValuation and existence of loans and interest receivablesRefer to notes 2.10(i), 2.12, 16 and 29(a) of the consolidated financial statements)>]","[<KeyAuditMatterTag(222, 88, valuation)>]",https://www1.hkexnews.hk/listedco/listconews/gem/2020/0928/2020092801410.pdf
321,9364141,21/07/2020 16:30,3638,HUABANG FIN,2020 Annual Report,"Financial Statements/ESG Information - [Annual Report / Environmental, Social and Governance Information/Report]",2MB,"[<Auditor(307, 9364141, Baker Tilly Hong Kong Limited)>]","[<KeyAuditMatter(796, 9364141 TO THE SHAREHOLDERS OF HUABANG FINANCIAL HOLDINGS LIMITED(Incorporated in the Cayman Islands with limited liability))>, <KeyAuditMatter(797, 9364141 Impairment assessment on goodwill)>, <KeyAuditMatter(798, 9364141 Impairment assessments on loan receivables and cash client receivables)>]","[<KeyAuditMatterTag(1931, 796, land)>, <KeyAuditMatterTag(1932, 797, assessment)>, <KeyAuditMatterTag(1933, 797, goodwill)>, <KeyAuditMatterTag(1934, 797, impairment)>, <KeyAuditMatterTag(1935, 798, assessment)>, <KeyAuditMatterTag(1936, 798, impairment)>]",https://www1.hkexnews.hk/listedco/listconews/sehk/2020/0721/2020072100487.pdf
459,9336110,30/06/2020 18:11,8200,SAU SAN TONG,2020 Annual Report,Financial Statements/ESG Information - [Annual Report],3MB,"[<Auditor(438, 9336110, Baker Tilly Hong Kong Limited)>]","[<KeyAuditMatter(1080, 9336110 Key judgements relating to impairment testing of goodwill)>, <KeyAuditMatter(1081, 9336110 Valuation and existence of loans and interest receivables)>, <KeyAuditMatter(1082, 9336110 Valuation and existence of loans and interest receivables (Continued))>, <KeyAuditMatter(1083, 9336110 Impairment of trade and other receivables)>, <KeyAuditMatter(1084, 9336110 Impairment of trade and other receivables (Continued))>]","[<KeyAuditMatterTag(2600, 1080, goodwill)>, <KeyAuditMatterTag(2601, 1080, impairment)>, <KeyAuditMatterTag(2602, 1081, valuation)>, <KeyAuditMatterTag(2603, 1082, valuation)>, <KeyAuditMatterTag(2604, 1083, impairment)>, <KeyAuditMatterTag(2605, 1084, impairment)>]",https://www1.hkexnews.hk/listedco/listconews/gem/2020/0630/2020063001256.pdf
552,9331325,26/06/2020 16:52,8425,HING MING HLDGS,2020 ANNUAL REPORT,Financial Statements/ESG Information - [Annual Report],617KB,"[<Auditor(530, 9331325, Baker Tilly Hong Kong Limited)>]","[<KeyAuditMatter(1283, 9331325 The Key Audit MatterHow the matter was addressed in our auditImpairment of trade receivables)>]","[<KeyAuditMatterTag(3046, 1283, impairment)>]",https://www1.hkexnews.hk/listedco/listconews/gem/2020/0626/2020062600525.pdf
568,9328274,23/06/2020 17:00,8092,ITE HOLDINGS,Annual Report 2019/20,"Financial Statements/ESG Information - [Annual Report / Environmental, Social and Governance Information/Report]",3MB,"[<Auditor(543, 9328274, Baker Tilly Hong Kong Limited)>]","[<KeyAuditMatter(1309, 9328274 Revenue recognition on service contracts )>, <KeyAuditMatter(1310, 9328274 Impairment assessment of trade receivables and contract assets )>]","[<KeyAuditMatterTag(3102, 1309, contracts)>, <KeyAuditMatterTag(3103, 1309, recognition)>, <KeyAuditMatterTag(3104, 1309, revenue)>, <KeyAuditMatterTag(3105, 1310, assessment)>, <KeyAuditMatterTag(3106, 1310, asset)>, <KeyAuditMatterTag(3107, 1310, impairment)>]",https://www1.hkexnews.hk/listedco/listconews/gem/2020/0623/2020062300792.pdf
689,9280369,14/05/2020 18:06,906,COFCO PACKAGING,Annual Report 2019,"Financial Statements/ESG Information - [Annual Report / Environmental, Social and Governance Information/Report]",10MB,"[<Auditor(662, 9280369, Baker Tilly Hong Kong Limited)>]",[],[],https://www1.hkexnews.hk/listedco/listconews/sehk/2020/0514/2020051401328.pdf
797,9260851,29/04/2020 20:42,2228,CECEP COSTIN,Annual Report 2019,Financial Statements/ESG Information - [Annual Report],283KB,"[<Auditor(764, 9260851, Baker Tilly Hong Kong Limited)>]",[],[],https://www1.hkexnews.hk/listedco/listconews/sehk/2020/0429/2020042902726.pdf
840,9259338,29/04/2020 17:03,1561,PAN ASIA DATA H,2019 ANNUAL REPORT,"Financial Statements/ESG Information - [Annual Report / Environmental, Social and Governance Information/Report]",3MB,"[<Auditor(796, 9259338, Baker Tilly Hong Kong Limited)>]","[<KeyAuditMatter(1924, 9259338 To the shareholders of Pan Asia Data Holdings Inc.(formerly known as Manfield Chemical Holdings Limited)(Incorporated in the Cayman Islands with limited liability))>, <KeyAuditMatter(1925, 9259338 Accounting related to major acquisition of a subsidiary)>, <KeyAuditMatter(1926, 9259338 	Obtaining	the	valuation	report	and	discussed	with	the	)>, <KeyAuditMatter(1927, 9259338 	Involving	our	valuation	experts	to	evaluate	the	)>, <KeyAuditMatter(1928, 9259338 Impairment assessment of goodwill)>, <KeyAuditMatter(1929, 9259338 	Obtaining	the	valuation	report	and	discussed	with	the	)>, <KeyAuditMatter(1930, 9259338 Impairment assessment of trade and other receivables)>, <KeyAuditMatter(1931, 9259338 	Understanding	the	managements	assessment	of	)>]","[<KeyAuditMatterTag(4571, 1924, land)>, <KeyAuditMatterTag(4572, 1925, acquisition)>, <KeyAuditMatterTag(4573, 1926, valuation)>, <KeyAuditMatterTag(4574, 1927, valuation)>, <KeyAuditMatterTag(4575, 1928, assessment)>, <KeyAuditMatterTag(4576, 1928, goodwill)>, <KeyAuditMatterTag(4577, 1928, impairment)>, <KeyAuditMatterTag(4578, 1929, valuation)>, <KeyAuditMatterTag(4579, 1930, assessment)>, <KeyAuditMatterTag(4580, 1930, impairment)>, <KeyAuditMatterTag(4581, 1931, assessment)>]",https://www1.hkexnews.hk/listedco/listconews/sehk/2020/0429/2020042901245.pdf
847,9259272,29/04/2020 16:58,1736,PARENTING NET,ANNUAL REPORT 2019,"Financial Statements/ESG Information - [Annual Report / Environmental, Social and Governance Information/Report]",2MB,"[<Auditor(803, 9259272, Baker Tilly Hong Kong Limited)>]","[<KeyAuditMatter(1942, 9259272 (Incorporated in the Cayman Islands with limited liability))>, <KeyAuditMatter(1943, 9259272 Impairment assessment of interest-free loans to employees)>, <KeyAuditMatter(1944, 9259272 Impairment assessment of trade and bills receivables and contract assets)>, <KeyAuditMatter(1945, 9259272 Fair value assessment of unlisted equity securities designated at fair value through other comprehensive income)>, <KeyAuditMatter(1946, 9259272 Fair value and impairment assessment of loans to third parties)>]","[<KeyAuditMatterTag(4605, 1942, land)>, <KeyAuditMatterTag(4606, 1943, assessment)>, <KeyAuditMatterTag(4607, 1943, impairment)>, <KeyAuditMatterTag(4608, 1944, assessment)>, <KeyAuditMatterTag(4609, 1944, asset)>, <KeyAuditMatterTag(4610, 1944, impairment)>, <KeyAuditMatterTag(4611, 1945, assessment)>, <KeyAuditMatterTag(4612, 1945, fair)>, <KeyAuditMatterTag(4613, 1945, income)>, <KeyAuditMatterTag(4614, 1945, value)>, <KeyAuditMatterTag(4615, 1946, assessment)>, <KeyAuditMatterTag(4616, 1946, fair)>, <KeyAuditMatterTag(4617, 1946, impairment)>, <KeyAuditMatterTag(4618, 1946, value)>]",https://www1.hkexnews.hk/listedco/listconews/sehk/2020/0429/2020042901179.pdf
1029,9255648,28/04/2020 16:56,911,QIANHAI HEALTH,2019 Annual Report,Financial Statements/ESG Information - [Annual Report],4MB,"[<Auditor(982, 9255648, Baker Tilly Hong Kong Limited)>]","[<KeyAuditMatter(2328, 9255648 Impairment of trade receivables)>, <KeyAuditMatter(2329, 9255648 Net realisable value of inventories)>]","[<KeyAuditMatterTag(5528, 2328, impairment)>, <KeyAuditMatterTag(5529, 2329, inventories)>, <KeyAuditMatterTag(5530, 2329, net realisable value)>, <KeyAuditMatterTag(5531, 2329, value)>]",https://www1.hkexnews.hk/listedco/listconews/sehk/2020/0428/2020042801296.pdf
1176,9253376,27/04/2020 18:01,2668,PAK TAK INT'L,ANNUAL REPORT 2019,Financial Statements/ESG Information - [Annual Report],3MB,"[<Auditor(1125, 9253376, Baker Tilly Hong Kong Limited)>]","[<KeyAuditMatter(2646, 9253376 Revenue recognitionRefer to Note 2 (t) (significant accounting policies), Note 3 (revenue) and Note 12 (segment reporting) to the consolidated financial statements.)>, <KeyAuditMatter(2647, 9253376 Valuation of investment propertiesRefer to Note 2 (g) (significant accounting policies), Note 14 (investment properties) and Note 37 (f) (accounting estimates and judgements) to the consolidated financial statements.)>, <KeyAuditMatter(2648, 9253376 Valuers)>, <KeyAuditMatter(2649, 9253376 Impairment assessment of trade receivablesRefer to Note 2 (j) (credit losses and impairment of assets), Note 19 (trade receivables) and Note 37 (g) (accounting estimates and judgements) to the consolidated financial statements.)>, <KeyAuditMatter(2650, 9253376 ECL)>, <KeyAuditMatter(2651, 9253376 Valuation of investment in equity interest of an unlisted companyRefer to Note 16 (financial assets at fair value through other comprehensive income) and Note 37 (h) (accounting estimates and judgements) to the consolidated financial statements.)>]","[<KeyAuditMatterTag(6271, 2646, recognition)>, <KeyAuditMatterTag(6272, 2646, revenue)>, <KeyAuditMatterTag(6273, 2647, investment)>, <KeyAuditMatterTag(6274, 2647, properties)>, <KeyAuditMatterTag(6275, 2647, valuation)>, <KeyAuditMatterTag(6276, 2648, value)>, <KeyAuditMatterTag(6277, 2649, assessment)>, <KeyAuditMatterTag(6278, 2649, asset)>, <KeyAuditMatterTag(6279, 2649, impairment)>, <KeyAuditMatterTag(6280, 2650, ecl)>, <KeyAuditMatterTag(6281, 2651, asset)>, <KeyAuditMatterTag(6282, 2651, fair)>, <KeyAuditMatterTag(6283, 2651, financial asset)>, <KeyAuditMatterTag(6284, 2651, income)>, <KeyAuditMatterTag(6285, 2651, investment)>, <KeyAuditMatterTag(6286, 2651, valuation)>, <KeyAuditMatterTag(6287, 2651, value)>]",https://www1.hkexnews.hk/listedco/listconews/sehk/2020/0427/2020042701804.pdf
1226,9252681,27/04/2020 16:54,607,FULLSHARE,Annual Report 2019,Financial Statements/ESG Information - [Annual Report],2MB,"[<Auditor(1175, 9252681, Baker Tilly Hong Kong Limited)>]",[],[],https://www1.hkexnews.hk/listedco/listconews/sehk/2020/0427/2020042701116.pdf
1259,9252310,27/04/2020 16:37,1395,ELL ENV,Annual Report 2019,"Financial Statements/ESG Information - [Annual Report / Environmental, Social and Governance Information/Report]",4MB,"[<Auditor(1207, 9252310, Baker Tilly Hong Kong Limited)>]","[<KeyAuditMatter(2849, 9252310 Imputed interest income on receivables under service concession arrangements)>, <KeyAuditMatter(2850, 9252310 Imputed interest income on receivables under service concession arrangements)>, <KeyAuditMatter(2851, 9252310 Impairment assessment of property, plant and equipment)>, <KeyAuditMatter(2852, 9252310 Impairment assessment of property, plant and equipment)>]","[<KeyAuditMatterTag(6747, 2849, income)>, <KeyAuditMatterTag(6748, 2850, income)>, <KeyAuditMatterTag(6749, 2851, assessment)>, <KeyAuditMatterTag(6750, 2851, impairment)>, <KeyAuditMatterTag(6751, 2851, plant and equipment)>, <KeyAuditMatterTag(6752, 2851, property)>, <KeyAuditMatterTag(6753, 2852, assessment)>, <KeyAuditMatterTag(6754, 2852, impairment)>, <KeyAuditMatterTag(6755, 2852, plant and equipment)>, <KeyAuditMatterTag(6756, 2852, property)>]",https://www1.hkexnews.hk/listedco/listconews/sehk/2020/0427/2020042700745.pdf
1268,9252258,27/04/2020 16:34,658,C TRANSMISSION,2019 ANNUAL REPORT,Financial Statements/ESG Information - [Annual Report],2MB,"[<Auditor(1216, 9252258, Baker Tilly Hong Kong Limited)>]","[<KeyAuditMatter(2868, 9252258 Fair value measurement of financial instruments with significant inputs not based on observable market data (level 3))>, <KeyAuditMatter(2869, 9252258 Fair value measurement of financial instruments with significant inputs not based on observable market data (level 3) (continued))>, <KeyAuditMatter(2870, 9252258 Recoverability of trade receivables)>]","[<KeyAuditMatterTag(6792, 2868, fair)>, <KeyAuditMatterTag(6793, 2868, measurement)>, <KeyAuditMatterTag(6794, 2868, value)>, <KeyAuditMatterTag(6795, 2869, fair)>, <KeyAuditMatterTag(6796, 2869, measurement)>, <KeyAuditMatterTag(6797, 2869, value)>, <KeyAuditMatterTag(6798, 2870, recoverability)>]",https://www1.hkexnews.hk/listedco/listconews/sehk/2020/0427/2020042700693.pdf
1274,9252200,27/04/2020 16:31,1297,SINOSOFT TECH,Annual Report 2019,"Financial Statements/ESG Information - [Annual Report / Environmental, Social and Governance Information/Report]",5MB,"[<Auditor(1222, 9252200, Baker Tilly Hong Kong Limited)>]","[<KeyAuditMatter(2898, 9252200 (Incorporated in the Cayman Islands with limited liability))>, <KeyAuditMatter(2899, 9252200 Revenue recognition)>, <KeyAuditMatter(2900, 9252200 Impairment of trade receivables)>]","[<KeyAuditMatterTag(6853, 2898, land)>, <KeyAuditMatterTag(6854, 2899, recognition)>, <KeyAuditMatterTag(6855, 2899, revenue)>, <KeyAuditMatterTag(6856, 2900, impairment)>]",https://www1.hkexnews.hk/listedco/listconews/sehk/2020/0427/2020042700635.pdf
1826,9239713,17/04/2020 17:56,396,HING LEE (HK),Annual Report 2019,Financial Statements/ESG Information - [Annual Report],3MB,"[<Auditor(1758, 9239713, Baker Tilly Hong Kong Limited)>]","[<KeyAuditMatter(4077, 9239713 Key judgements relating to the impairment testing on goodwillRefer to Note 2(i)(ii) and 14 to the audited consolidated financial statements)>, <KeyAuditMatter(4078, 9239713 Key judgements relating to the impairment testing on property, plant and equipment and right-of-use assetsRefer to Notes 2(i)(ii), 11 and 13 to the audited consolidated financial statements)>, <KeyAuditMatter(4079, 9239713 Valuation of inventoriesRefer to Note 2(k) and 15 to the audited consolidated financial statements)>, <KeyAuditMatter(4080, 9239713 Impairment of trade receivablesRefer to Note 2(i)(i) and 16 to the audited consolidated financial statements)>]","[<KeyAuditMatterTag(9604, 4077, goodwill)>, <KeyAuditMatterTag(9605, 4077, impairment)>, <KeyAuditMatterTag(9606, 4078, asset)>, <KeyAuditMatterTag(9607, 4078, impairment)>, <KeyAuditMatterTag(9608, 4078, plant and equipment)>, <KeyAuditMatterTag(9609, 4078, property)>, <KeyAuditMatterTag(9610, 4078, right)>, <KeyAuditMatterTag(9611, 4079, inventories)>, <KeyAuditMatterTag(9612, 4079, valuation)>, <KeyAuditMatterTag(9613, 4080, impairment)>]",https://www1.hkexnews.hk/listedco/listconews/sehk/2020/0417/2020041701071.pdf
1834,9239431,17/04/2020 17:02,229,RAYMOND IND,Annual Report 2019,Financial Statements/ESG Information - [Annual Report],2MB,"[<Auditor(1765, 9239431, Baker Tilly Hong Kong Limited)>]","[<KeyAuditMatter(4103, 9239431 Impairment of trade receivables)>, <KeyAuditMatter(4104, 9239431 Valuation of inventories)>, <KeyAuditMatter(4105, 9239431 Revenue recognition)>]","[<KeyAuditMatterTag(9668, 4103, impairment)>, <KeyAuditMatterTag(9669, 4104, inventories)>, <KeyAuditMatterTag(9670, 4104, valuation)>, <KeyAuditMatterTag(9671, 4105, recognition)>, <KeyAuditMatterTag(9672, 4105, revenue)>]",https://www1.hkexnews.hk/listedco/listconews/sehk/2020/0417/2020041700789.pdf
1921,9237022,16/04/2020 13:37,668,DOYEN INTL HOLD,Annual Report 2019,"Financial Statements/ESG Information - [Annual Report / Environmental, Social and Governance Information/Report]",717KB,"[<Auditor(1847, 9237022, Baker Tilly Hong Kong Limited)>]","[<KeyAuditMatter(4323, 9237022 Impairment assessment on loan receivables and amounts due from a related company)>, <KeyAuditMatter(4324, 9237022 Valuation of investment property )>]","[<KeyAuditMatterTag(10156, 4323, assessment)>, <KeyAuditMatterTag(10157, 4323, impairment)>, <KeyAuditMatterTag(10158, 4324, investment)>, <KeyAuditMatterTag(10159, 4324, property)>, <KeyAuditMatterTag(10160, 4324, valuation)>]",https://www1.hkexnews.hk/listedco/listconews/sehk/2020/0416/2020041600237.pdf
2094,9223369,02/04/2020 20:10,3323,CNBM,2019 Annual Report,"Financial Statements/ESG Information - [Annual Report / Environmental, Social and Governance Information/Report]",2MB,"[<Auditor(2013, 9223369, Baker Tilly Hong Kong Limited)>]",[],[],https://www1.hkexnews.hk/listedco/listconews/sehk/2020/0402/2020040202388.pdf
2190,9210360,30/03/2020 17:38,8242,NEW WESTERN,Annual Report 2019,Financial Statements/ESG Information - [Annual Report],5MB,"[<Auditor(2103, 9210360, Baker Tilly Hong Kong Limited)>]","[<KeyAuditMatter(4887, 9210360 Key Audit MatterImpairment of Goodwill)>, <KeyAuditMatter(4888, 9210360 Refer to significant accounting policies in note 3, key sources of estimation uncertainty in note 4 and disclosures of goodwill in note 18 to the consolidated financial statements.)>, <KeyAuditMatter(4889, 9210360 Key Audit MatterImpairment assessment of loan receivables)>, <KeyAuditMatter(4890, 9210360 Refer to the significant accounting policies in note 3, key sources of estimation uncertainty in note 4 and disclosures of loan receivables in note 21 to the consolidated financial statements.)>]","[<KeyAuditMatterTag(11453, 4887, goodwill)>, <KeyAuditMatterTag(11454, 4887, impairment)>, <KeyAuditMatterTag(11455, 4888, estimation)>, <KeyAuditMatterTag(11456, 4888, goodwill)>, <KeyAuditMatterTag(11457, 4889, assessment)>, <KeyAuditMatterTag(11458, 4889, impairment)>, <KeyAuditMatterTag(11459, 4890, estimation)>]",https://www1.hkexnews.hk/listedco/listconews/gem/2020/0330/2020033000945.pdf
2192,9210311,30/03/2020 17:29,8120,CH DEMETER FIN,ANNUAL REPORT 2019,"Financial Statements/ESG Information - [Annual Report / Environmental, Social and Governance Information/Report]",9MB,"[<Auditor(2105, 9210311, Baker Tilly Hong Kong Limited)>]","[<KeyAuditMatter(4892, 9210311 Impairment of loans and interest receivables)>, <KeyAuditMatter(4893, 9210311 ECL)>, <KeyAuditMatter(4894, 9210311 Impairment assessment of goodwill)>, <KeyAuditMatter(4895, 9210311 Impairment of property, plant and equipment and right-of-use assets)>]","[<KeyAuditMatterTag(11463, 4892, impairment)>, <KeyAuditMatterTag(11464, 4893, ecl)>, <KeyAuditMatterTag(11465, 4894, assessment)>, <KeyAuditMatterTag(11466, 4894, goodwill)>, <KeyAuditMatterTag(11467, 4894, impairment)>, <KeyAuditMatterTag(11468, 4895, asset)>, <KeyAuditMatterTag(11469, 4895, impairment)>, <KeyAuditMatterTag(11470, 4895, plant and equipment)>, <KeyAuditMatterTag(11471, 4895, property)>, <KeyAuditMatterTag(11472, 4895, right)>]",https://www1.hkexnews.hk/listedco/listconews/gem/2020/0330/2020033000896.pdf
2193,9210271,30/03/2020 17:24,8133,JETE POWER,Annual Report 2019,"Financial Statements/ESG Information - [Annual Report / Environmental, Social and Governance Information/Report]",1MB,"[<Auditor(2106, 9210271, Baker Tilly Hong Kong Limited)>]","[<KeyAuditMatter(4896, 9210271 Independent auditors report to the shareholders of Jete Power Holdings Limited(Incorporated in Cayman Islands with limited liability))>, <KeyAuditMatter(4897, 9210271 Impairment of trade receivables)>, <KeyAuditMatter(4898, 9210271 Valuation of inventories)>, <KeyAuditMatter(4899, 9210271 Valuation and impairment of plant and equipment)>]","[<KeyAuditMatterTag(11473, 4896, land)>, <KeyAuditMatterTag(11474, 4897, impairment)>, <KeyAuditMatterTag(11475, 4898, inventories)>, <KeyAuditMatterTag(11476, 4898, valuation)>, <KeyAuditMatterTag(11477, 4899, impairment)>, <KeyAuditMatterTag(11478, 4899, plant and equipment)>, <KeyAuditMatterTag(11479, 4899, valuation)>]",https://www1.hkexnews.hk/listedco/listconews/gem/2020/0330/2020033000856.pdf
2219,9209900,30/03/2020 16:38,8375,VERTICAL INT'L,ANNUAL REPORT 2019,"Financial Statements/ESG Information - [Annual Report / Environmental, Social and Governance Information/Report]",1MB,"[<Auditor(2132, 9209900, Baker Tilly Hong Kong Limited)>]","[<KeyAuditMatter(4956, 9209900 Valuation of inventories)>, <KeyAuditMatter(4957, 9209900 Valuation of trade receivables)>]","[<KeyAuditMatterTag(11581, 4956, inventories)>, <KeyAuditMatterTag(11582, 4956, valuation)>, <KeyAuditMatterTag(11583, 4957, valuation)>]",https://www1.hkexnews.hk/listedco/listconews/gem/2020/0330/2020033000487.pdf
2246,9206811,27/03/2020 19:08,8071,CH NETCOMTECH,Annual Report 2019,"Financial Statements/ESG Information - [Annual Report / Environmental, Social and Governance Information/Report]",4MB,"[<Auditor(2158, 9206811, Baker Tilly Hong Kong Limited)>]","[<KeyAuditMatter(5015, 9206811 Revenue recognition on provision of financial technology services)>, <KeyAuditMatter(5016, 9206811 Revenue recognition on provision of financial technology services )>, <KeyAuditMatter(5017, 9206811 Assessing impairment of contract assets and quality assurance fund receivables and recognition of financial guarantee liabilities)>, <KeyAuditMatter(5018, 9206811 Assessing impairment of contract assets and quality assurance fund receivables and recognition of financial guarantee liabilities )>]","[<KeyAuditMatterTag(11701, 5015, provision)>, <KeyAuditMatterTag(11702, 5015, recognition)>, <KeyAuditMatterTag(11703, 5015, revenue)>, <KeyAuditMatterTag(11704, 5016, provision)>, <KeyAuditMatterTag(11705, 5016, recognition)>, <KeyAuditMatterTag(11706, 5016, revenue)>, <KeyAuditMatterTag(11707, 5017, asset)>, <KeyAuditMatterTag(11708, 5017, impairment)>, <KeyAuditMatterTag(11709, 5017, recognition)>, <KeyAuditMatterTag(11710, 5018, asset)>, <KeyAuditMatterTag(11711, 5018, impairment)>, <KeyAuditMatterTag(11712, 5018, recognition)>]",https://www1.hkexnews.hk/listedco/listconews/gem/2020/0327/2020032701266.pdf
2272,9204606,26/03/2020 18:59,8547,PACIFIC LEGEND,2019 Annual Report,"Financial Statements/ESG Information - [Annual Report / Environmental, Social and Governance Information/Report]",845KB,"[<Auditor(2184, 9204606, Baker Tilly Hong Kong Limited)>]","[<KeyAuditMatter(5072, 9204606 The Key Audit MatterHow the matter was addressed in our auditInventory provisionRefer to note 13 to the audited consolidated financial statements)>, <KeyAuditMatter(5073, 9204606 The Key Audit MatterHow the matter was addressed in our auditImpairment of trade receivablesRefer to note 15 to the audited consolidated financial statements)>, <KeyAuditMatter(5074, 9204606 The Key Audit MatterHow the matter was addressed in our auditRecognition of revenue from project contractsRefer to notes 2(q)(ii) and 14 to the audited consolidated financial statements)>, <KeyAuditMatter(5075, 9204606 The Key Audit MatterHow the matter was addressed in our auditRecognition of revenue from project contractsRefer to notes 2(q)(ii) and 14 to the audited consolidated financial statements)>]","[<KeyAuditMatterTag(11825, 5072, inventory)>, <KeyAuditMatterTag(11826, 5072, provision)>, <KeyAuditMatterTag(11827, 5073, impairment)>, <KeyAuditMatterTag(11828, 5074, contracts)>, <KeyAuditMatterTag(11829, 5074, recognition)>, <KeyAuditMatterTag(11830, 5074, revenue)>, <KeyAuditMatterTag(11831, 5075, contracts)>, <KeyAuditMatterTag(11832, 5075, recognition)>, <KeyAuditMatterTag(11833, 5075, revenue)>]",https://www1.hkexnews.hk/listedco/listconews/gem/2020/0326/2020032601109.pdf
2288,9202364,25/03/2020 17:30,8148,AURUM PACIFIC,ANNUAL REPORT 2019,Financial Statements/ESG Information - [Annual Report],2MB,"[<Auditor(2200, 9202364, Baker Tilly Hong Kong Limited)>]","[<KeyAuditMatter(5103, 9202364 Key judgements relating to the impairment testing on goodwill)>, <KeyAuditMatter(5104, 9202364 Key judgements relating to the impairment testing on goodwill (Continued))>, <KeyAuditMatter(5105, 9202364 Key judgements relating to the impairment testing on intangible assets)>, <KeyAuditMatter(5106, 9202364 Key judgements relating to the impairment testing on intangible assets (Continued))>, <KeyAuditMatter(5107, 9202364 Valuation and existence of loans and interest receivables)>, <KeyAuditMatter(5108, 9202364 Valuation and existence of loans and interest receivables (Continued))>]","[<KeyAuditMatterTag(11886, 5103, goodwill)>, <KeyAuditMatterTag(11887, 5103, impairment)>, <KeyAuditMatterTag(11888, 5104, goodwill)>, <KeyAuditMatterTag(11889, 5104, impairment)>, <KeyAuditMatterTag(11890, 5105, asset)>, <KeyAuditMatterTag(11891, 5105, impairment)>, <KeyAuditMatterTag(11892, 5106, asset)>, <KeyAuditMatterTag(11893, 5106, impairment)>, <KeyAuditMatterTag(11894, 5107, valuation)>, <KeyAuditMatterTag(11895, 5108, valuation)>]",https://www1.hkexnews.hk/listedco/listconews/gem/2020/0325/2020032500744.pdf
2433,3619952,24/10/2019 18:01,1082,HK EDU INTL,Annual Report 2019,"Financial Statements/ESG Information - [Annual Report / Environmental, Social and Governance Information/Report]",3706KB,"[<Auditor(2335, 3619952, Baker Tilly Hong Kong Limited)>]","[<KeyAuditMatter(5400, 3619952 1. Valuation of financial instruments classified as Level 3 under 1.  fair value hierarchy)>, <KeyAuditMatter(5401, 3619952 Y AUDIT MATTERSValuation of financial instruments classified as Level 3 under 1.  fair value hierarchy )>, <KeyAuditMatter(5402, 3619952 Y AUDIT MATTERSValuation of financial instruments classified as Level 3 under 1.  fair value hierarchy )>, <KeyAuditMatter(5403, 3619952 Y AUDIT MATTERSImpairment assessment of trade and other receivables, other 2. loan receivable and loan receivables)>, <KeyAuditMatter(5404, 3619952 Y AUDIT MATTERSImpairment assessment of trade and other receivables, other 2. loan receivable and loan receivables)>, <KeyAuditMatter(5405, 3619952 Impairment assessment of goodwill)>, <KeyAuditMatter(5406, 3619952 Y AUDIT MATTERSImpairment assessment of goodwill . )>]","[<KeyAuditMatterTag(12555, 5400, fair)>, <KeyAuditMatterTag(12556, 5400, valuation)>, <KeyAuditMatterTag(12557, 5400, value)>, <KeyAuditMatterTag(12558, 5401, fair)>, <KeyAuditMatterTag(12559, 5401, valuation)>, <KeyAuditMatterTag(12560, 5401, value)>, <KeyAuditMatterTag(12561, 5402, fair)>, <KeyAuditMatterTag(12562, 5402, valuation)>, <KeyAuditMatterTag(12563, 5402, value)>, <KeyAuditMatterTag(12564, 5403, assessment)>, <KeyAuditMatterTag(12565, 5403, impairment)>, <KeyAuditMatterTag(12566, 5404, assessment)>, <KeyAuditMatterTag(12567, 5404, impairment)>, <KeyAuditMatterTag(12568, 5405, assessment)>, <KeyAuditMatterTag(12569, 5405, goodwill)>, <KeyAuditMatterTag(12570, 5405, impairment)>, <KeyAuditMatterTag(12571, 5406, assessment)>, <KeyAuditMatterTag(12572, 5406, goodwill)>, <KeyAuditMatterTag(12573, 5406, impairment)>]",https://www1.hkexnews.hk/listedco/listconews/sehk/2019/1024/ltn20191024133.pdf
1220,9252715,27/04/2020 16:56,1845,WG ENV TECH,2019 ANNUAL REPORT,"Financial Statements/ESG Information - [Annual Report / Environmental, Social and Governance Information/Report]",2MB,"[<Auditor(1169, 9252715, baker Tilly hong Kong Limited)>]","[<KeyAuditMatter(2742, 9252715 Recognition of revenue on contracts with customers for hazardous waste incineration solutions services)>, <KeyAuditMatter(2743, 9252715 	Obtaining	an	understanding	of	the	revenue	)>, <KeyAuditMatter(2744, 9252715 Recognition of revenue on contracts with customers for hazardous waste incineration solutions services (continued))>, <KeyAuditMatter(2745, 9252715 Estimated impairment of trade receivables and contract assets)>, <KeyAuditMatter(2746, 9252715 Estimated impairment of trade receivables and contract assets (continued))>]","[<KeyAuditMatterTag(6492, 2742, contracts)>, <KeyAuditMatterTag(6493, 2742, recognition)>, <KeyAuditMatterTag(6494, 2742, revenue)>, <KeyAuditMatterTag(6495, 2743, revenue)>, <KeyAuditMatterTag(6496, 2744, contracts)>, <KeyAuditMatterTag(6497, 2744, recognition)>, <KeyAuditMatterTag(6498, 2744, revenue)>, <KeyAuditMatterTag(6499, 2745, asset)>, <KeyAuditMatterTag(6500, 2745, impairment)>, <KeyAuditMatterTag(6501, 2746, asset)>, <KeyAuditMatterTag(6502, 2746, impairment)>]",https://www1.hkexnews.hk/listedco/listconews/sehk/2020/0427/2020042701150.pdf
