id,news_id,date_time,stock_code,stock_name,title,long_text,file_info,audit_firms,kams,kam_tags,file_link
1101,9255062,28/04/2020 16:30,1194,BAY AREA GOLD,ANNUAL REPORT 2019,Financial Statements/ESG Information - [Annual Report],5MB,"[<Auditor(1052, 9255062, CCTH CPA LIMITED)>]",[],[],https://www1.hkexnews.hk/listedco/listconews/sehk/2020/0428/2020042800710.pdf
34,9457309,29/09/2020 21:40,8156,SINOPHARM TECH,ANNUAL REPORT 2020,"Financial Statements/ESG Information - [Annual Report / Environmental, Social and Governance Information/Report]",2MB,"[<Auditor(34, 9457309, CCTH CPA Limited)>]","[<KeyAuditMatter(65, 9457309 Impairment assessment on trade receivables and other receivables )>, <KeyAuditMatter(66, 9457309 Impairment assessment of goodwill and intangible assets)>, <KeyAuditMatter(67, 9457309 Recognition of acquisition in an associate)>, <KeyAuditMatter(68, 9457309 Impairment of interest in associate)>]","[<KeyAuditMatterTag(178, 65, assessment)>, <KeyAuditMatterTag(179, 65, impairment)>, <KeyAuditMatterTag(180, 66, assessment)>, <KeyAuditMatterTag(181, 66, asset)>, <KeyAuditMatterTag(182, 66, goodwill)>, <KeyAuditMatterTag(183, 66, impairment)>, <KeyAuditMatterTag(184, 67, acquisition)>, <KeyAuditMatterTag(185, 67, associate)>, <KeyAuditMatterTag(186, 67, recognition)>, <KeyAuditMatterTag(187, 68, associate)>, <KeyAuditMatterTag(188, 68, impairment)>]",https://www1.hkexnews.hk/listedco/listconews/gem/2020/0929/2020092901298.pdf
94,9398720,14/08/2020 17:10,1386,VESTATE GROUP,Annual Report 2019/2020,"Financial Statements/ESG Information - [Annual Report / Environmental, Social and Governance Information/Report]",5MB,"[<Auditor(92, 9398720, CCTH CPA Limited)>]",[],[],https://www1.hkexnews.hk/listedco/listconews/sehk/2020/0814/2020081400864.pdf
216,9372530,28/07/2020 16:35,907,ELEGANCEOPTICAL,Annual Report 2019/2020,"Financial Statements/ESG Information - [Annual Report / Environmental, Social and Governance Information/Report]",2MB,"[<Auditor(206, 9372530, CCTH CPA Limited)>]","[<KeyAuditMatter(499, 9372530 Impairment of trade and other receivables and loan and interest receivables)>, <KeyAuditMatter(500, 9372530 Impairment of trade and other receivables and loan and interest receivables (Continued))>, <KeyAuditMatter(501, 9372530 Provision for obsolete and slow moving inventories)>, <KeyAuditMatter(502, 9372530 Impairment of property, plant and equipment and right-of-use assets)>, <KeyAuditMatter(503, 9372530 Impairment of property, plant and equipment and right-of-use assets (Continued))>, <KeyAuditMatter(504, 9372530 Impairment assessment of investment in an associate)>, <KeyAuditMatter(505, 9372530 Fair value measurement of investments in film production)>, <KeyAuditMatter(506, 9372530 Fair value measurement of investments in film production (Continued))>]","[<KeyAuditMatterTag(1188, 499, impairment)>, <KeyAuditMatterTag(1189, 500, impairment)>, <KeyAuditMatterTag(1190, 501, inventories)>, <KeyAuditMatterTag(1191, 501, provision)>, <KeyAuditMatterTag(1192, 502, asset)>, <KeyAuditMatterTag(1193, 502, impairment)>, <KeyAuditMatterTag(1194, 502, plant and equipment)>, <KeyAuditMatterTag(1195, 502, property)>, <KeyAuditMatterTag(1196, 502, right)>, <KeyAuditMatterTag(1197, 503, asset)>, <KeyAuditMatterTag(1198, 503, impairment)>, <KeyAuditMatterTag(1199, 503, plant and equipment)>, <KeyAuditMatterTag(1200, 503, property)>, <KeyAuditMatterTag(1201, 503, right)>, <KeyAuditMatterTag(1202, 504, assessment)>, <KeyAuditMatterTag(1203, 504, associate)>, <KeyAuditMatterTag(1204, 504, impairment)>, <KeyAuditMatterTag(1205, 504, investment)>, <KeyAuditMatterTag(1206, 505, fair)>, <KeyAuditMatterTag(1207, 505, film)>, <KeyAuditMatterTag(1208, 505, investment)>, <KeyAuditMatterTag(1209, 505, measurement)>, <KeyAuditMatterTag(1210, 505, value)>, <KeyAuditMatterTag(1211, 506, fair)>, <KeyAuditMatterTag(1212, 506, film)>, <KeyAuditMatterTag(1213, 506, investment)>, <KeyAuditMatterTag(1214, 506, measurement)>, <KeyAuditMatterTag(1215, 506, value)>]",https://www1.hkexnews.hk/listedco/listconews/sehk/2020/0728/2020072800342.pdf
386,9356578,14/07/2020 18:00,282,NEXT DIGITAL,ANNUAL REPORT 2019/20,Financial Statements/ESG Information - [Annual Report],19MB,"[<Auditor(368, 9356578, CCTH CPA Limited)>]","[<KeyAuditMatter(942, 9356578 Impairment on intangible assets)>, <KeyAuditMatter(943, 9356578 Provisions for legal cases)>]","[<KeyAuditMatterTag(2283, 942, asset)>, <KeyAuditMatterTag(2284, 942, impairment)>, <KeyAuditMatterTag(2285, 943, provision)>]",https://www1.hkexnews.hk/listedco/listconews/sehk/2020/0714/2020071400871.pdf
469,9335532,30/06/2020 16:34,8040,DCB HOLDINGS,Annual Report 2019/20,Financial Statements/ESG Information - [Annual Report],3MB,"[<Auditor(448, 9335532, CCTH CPA Limited)>]","[<KeyAuditMatter(1107, 9335532 Recognition of contract revenue, contract assets and contract liabilitiesRefer to notes 6, 18 and 21 to the consolidated financial statements)>]","[<KeyAuditMatterTag(2661, 1107, asset)>, <KeyAuditMatterTag(2662, 1107, recognition)>, <KeyAuditMatterTag(2663, 1107, revenue)>]",https://www1.hkexnews.hk/listedco/listconews/gem/2020/0630/2020063000683.pdf
489,9334185,29/06/2020 21:00,574,PASHUN INT'L,Annual Report 2019,Financial Statements/ESG Information - [Annual Report],1MB,"[<Auditor(467, 9334185, CCTH CPA Limited)>]","[<KeyAuditMatter(1155, 9334185 Revenue recognised from sales of pharmaceutical products)>, <KeyAuditMatter(1156, 9334185  We tested the recognition of material )>, <KeyAuditMatter(1157, 9334185 Impairment assessment of the proposed property development project)>, <KeyAuditMatter(1158, 9334185 Net realisable value of inventories)>, <KeyAuditMatter(1159, 9334185  We observed the Groups inventory counts )>, <KeyAuditMatter(1160, 9334185 Recoverability of trade and commercial bills receivables)>, <KeyAuditMatter(1161, 9334185 Recoverability of other receivables)>, <KeyAuditMatter(1162, 9334185 Impairment assessment for investments in associates)>]","[<KeyAuditMatterTag(2758, 1155, revenue)>, <KeyAuditMatterTag(2759, 1156, recognition)>, <KeyAuditMatterTag(2760, 1157, assessment)>, <KeyAuditMatterTag(2761, 1157, impairment)>, <KeyAuditMatterTag(2762, 1157, property)>, <KeyAuditMatterTag(2763, 1158, inventories)>, <KeyAuditMatterTag(2764, 1158, net realisable value)>, <KeyAuditMatterTag(2765, 1158, value)>, <KeyAuditMatterTag(2766, 1159, inventory)>, <KeyAuditMatterTag(2767, 1160, recoverability)>, <KeyAuditMatterTag(2768, 1161, recoverability)>, <KeyAuditMatterTag(2769, 1162, assessment)>, <KeyAuditMatterTag(2770, 1162, associate)>, <KeyAuditMatterTag(2771, 1162, impairment)>, <KeyAuditMatterTag(2772, 1162, investment)>]",https://www1.hkexnews.hk/listedco/listconews/sehk/2020/0629/2020062901847.pdf
518,9333154,29/06/2020 17:02,8309,MANSHING GLOBAL,ANNUAL REPORT 2020,"Financial Statements/ESG Information - [Annual Report / Environmental, Social and Governance Information/Report]",4MB,"[<Auditor(496, 9333154, CCTH CPA Limited)>]","[<KeyAuditMatter(1219, 9333154 Impairment assessment for goodwill)>, <KeyAuditMatter(1220, 9333154 Recoverability of trade receivables)>]","[<KeyAuditMatterTag(2902, 1219, assessment)>, <KeyAuditMatterTag(2903, 1219, goodwill)>, <KeyAuditMatterTag(2904, 1219, impairment)>, <KeyAuditMatterTag(2905, 1220, recoverability)>]",https://www1.hkexnews.hk/listedco/listconews/gem/2020/0629/2020062900746.pdf
593,9310515,05/06/2020 21:55,988,SILKROAD LOG,ANNUAL REPORT 2019,Financial Statements/ESG Information - [Annual Report],4MB,"[<Auditor(568, 9310515, CCTH CPA Limited)>]",[],[],https://www1.hkexnews.hk/listedco/listconews/sehk/2020/0605/2020060501427.pdf
688,9280408,14/05/2020 18:12,1069,BOZZA DEVELOP,Annual Report 2019,"Financial Statements/ESG Information - [Annual Report / Environmental, Social and Governance Information/Report]",2MB,"[<Auditor(661, 9280408, CCTH CPA Limited)>]",[],[],https://www1.hkexnews.hk/listedco/listconews/sehk/2020/0514/2020051401367.pdf
1350,9250138,24/04/2020 17:38,542,TFG INTL GP,Annual Report 2019,Financial Statements/ESG Information - [Annual Report],2MB,"[<Auditor(1296, 9250138, CCTH CPA Limited)>]","[<KeyAuditMatter(3058, 9250138 TFG International Group Limited(incorporated in the Cayman Islands with limited liability))>, <KeyAuditMatter(3059, 9250138 Recoverability of trade receivables)>, <KeyAuditMatter(3060, 9250138 Key audit matterHow the matter was addressed in our auditAt 31 December 2019, the Groups gross trade impairment assessment on trade receivables included:receivables are HK$90,547,000, of which impairment losses amounted to HK$86,961,000 had been recognised up to that date.)>, <KeyAuditMatter(3061, 9250138 Impairment assessment of property, plant and equipment, right-of-use assets and licensing rights)>, <KeyAuditMatter(3062, 9250138 HK$268,256,000, HK$52,146,000 and HK$15,842,000 hotel business included:respectively. Substantially all of these assets are )>, <KeyAuditMatter(3063, 9250138 Peoples Republic of China.the related assets.)>, <KeyAuditMatter(3064, 9250138 the valuation carried out by an external valuer.)>, <KeyAuditMatter(3065, 9250138 property.)>, <KeyAuditMatter(3066, 9250138 judgments involved in the impairment assessment.)>, <KeyAuditMatter(3067, 9250138 Impairment assessment of properties under development)>, <KeyAuditMatter(3068, 9250138 property valuer.valuer.)>, <KeyAuditMatter(3069, 9250138 Impairment of properties held for sale under development)>, <KeyAuditMatter(3070, 9250138 net realisable value of the properties.)>, <KeyAuditMatter(3071, 9250138 impairment provisions.)>, <KeyAuditMatter(3072, 9250138 the net realisable value.)>, <KeyAuditMatter(3073, 9250138 Valuation of investment properties)>, <KeyAuditMatter(3074, 9250138 Key audit matterHow the matter was addressed in our auditAs at 31 December 2019, the carrying amount of the investment properties included:Groups investment properties is HK$18,400,000.)>, <KeyAuditMatter(3075, 9250138 fair value. The fair value valuations, which were carried valuer;)>, <KeyAuditMatter(3076, 9250138 inputs. Details of the valuation techniques and )>, <KeyAuditMatter(3077, 9250138 value.)>, <KeyAuditMatter(3078, 9250138 and events in a manner that achieves fair presentation.)>, <KeyAuditMatter(3079, 9250138 key audit matters. We describe these matters in our auditors report unless law or regulation precludes public )>]","[<KeyAuditMatterTag(7221, 3058, land)>, <KeyAuditMatterTag(7222, 3059, recoverability)>, <KeyAuditMatterTag(7223, 3060, assessment)>, <KeyAuditMatterTag(7224, 3060, impairment)>, <KeyAuditMatterTag(7225, 3061, assessment)>, <KeyAuditMatterTag(7226, 3061, asset)>, <KeyAuditMatterTag(7227, 3061, impairment)>, <KeyAuditMatterTag(7228, 3061, plant and equipment)>, <KeyAuditMatterTag(7229, 3061, property)>, <KeyAuditMatterTag(7230, 3061, right)>, <KeyAuditMatterTag(7231, 3062, asset)>, <KeyAuditMatterTag(7232, 3063, asset)>, <KeyAuditMatterTag(7233, 3064, valuation)>, <KeyAuditMatterTag(7234, 3064, value)>, <KeyAuditMatterTag(7235, 3065, property)>, <KeyAuditMatterTag(7236, 3066, assessment)>, <KeyAuditMatterTag(7237, 3066, impairment)>, <KeyAuditMatterTag(7238, 3067, assessment)>, <KeyAuditMatterTag(7239, 3067, impairment)>, <KeyAuditMatterTag(7240, 3067, properties)>, <KeyAuditMatterTag(7241, 3068, property)>, <KeyAuditMatterTag(7242, 3068, value)>, <KeyAuditMatterTag(7243, 3069, impairment)>, <KeyAuditMatterTag(7244, 3069, properties)>, <KeyAuditMatterTag(7245, 3070, net realisable value)>, <KeyAuditMatterTag(7246, 3070, properties)>, <KeyAuditMatterTag(7247, 3070, value)>, <KeyAuditMatterTag(7248, 3071, impairment)>, <KeyAuditMatterTag(7249, 3071, provision)>, <KeyAuditMatterTag(7250, 3072, net realisable value)>, <KeyAuditMatterTag(7251, 3072, value)>, <KeyAuditMatterTag(7252, 3073, investment)>, <KeyAuditMatterTag(7253, 3073, properties)>, <KeyAuditMatterTag(7254, 3073, valuation)>, <KeyAuditMatterTag(7255, 3074, investment)>, <KeyAuditMatterTag(7256, 3074, properties)>, <KeyAuditMatterTag(7257, 3075, fair)>, <KeyAuditMatterTag(7258, 3075, valuation)>, <KeyAuditMatterTag(7259, 3075, value)>, <KeyAuditMatterTag(7260, 3076, valuation)>, <KeyAuditMatterTag(7261, 3077, value)>, <KeyAuditMatterTag(7262, 3078, fair)>, <KeyAuditMatterTag(7263, 3079, ecl)>]",https://www1.hkexnews.hk/listedco/listconews/sehk/2020/0424/2020042401564.pdf
1449,9248695,24/04/2020 06:02,1259,PROSPER FUTURE,Annual Report 2019,Financial Statements/ESG Information - [Annual Report],5MB,"[<Auditor(1390, 9248695, CCTH CPA Limited)>]","[<KeyAuditMatter(3285, 9248695 To the shareholders of Prosperous Future Holdings Limited(incorporated in the Cayman Islands with limited liability))>]","[<KeyAuditMatterTag(7735, 3285, land)>]",https://www1.hkexnews.hk/listedco/listconews/sehk/2020/0424/2020042400003.pdf
2151,9213287,31/03/2020 16:46,8226,KOALA FIN GP,Annual Report 2019,Financial Statements/ESG Information - [Annual Report],2MB,"[<Auditor(2065, 9213287, CCTH CPA Limited)>]","[<KeyAuditMatter(4812, 9213287 Impairment assessments of goodwill and intangible assets with indefinite useful lives)>, <KeyAuditMatter(4813, 9213287 Recoverability of loans receivables and accounts receivables)>]","[<KeyAuditMatterTag(11284, 4812, assessment)>, <KeyAuditMatterTag(11285, 4812, asset)>, <KeyAuditMatterTag(11286, 4812, goodwill)>, <KeyAuditMatterTag(11287, 4812, impairment)>, <KeyAuditMatterTag(11288, 4813, recoverability)>]",https://www1.hkexnews.hk/listedco/listconews/gem/2020/0331/2020033100917.pdf
2242,9208405,29/03/2020 18:09,8360,AL GROUP,ANNUAL REPORT 2019,Financial Statements/ESG Information - [Annual Report],4MB,"[<Auditor(2154, 9208405, CCTH CPA Limited)>]","[<KeyAuditMatter(5008, 9208405 Recognition of contract revenueRefer to note 7 to the consolidated financial statements)>, <KeyAuditMatter(5009, 9208405 Impairment assessment of trade receivablesRefer to note 22 to the consolidated financial statements)>, <KeyAuditMatter(5010, 9208405 Impairment assessment for interests in associatesRefer to note 20 to the consolidated financial statements)>, <KeyAuditMatter(5011, 9208405 Impairment assessment of goodwillRefer to note 19 to the consolidated financial statements)>]","[<KeyAuditMatterTag(11687, 5008, recognition)>, <KeyAuditMatterTag(11688, 5008, revenue)>, <KeyAuditMatterTag(11689, 5009, assessment)>, <KeyAuditMatterTag(11690, 5009, impairment)>, <KeyAuditMatterTag(11691, 5010, assessment)>, <KeyAuditMatterTag(11692, 5010, associate)>, <KeyAuditMatterTag(11693, 5010, impairment)>, <KeyAuditMatterTag(11694, 5011, assessment)>, <KeyAuditMatterTag(11695, 5011, goodwill)>, <KeyAuditMatterTag(11696, 5011, impairment)>]",https://www1.hkexnews.hk/listedco/listconews/gem/2020/0329/2020032900063.pdf
2375,9110202,30/12/2019 16:36,907,ELEGANCEOPTICAL,Annual Report 2018/2019,"Financial Statements/ESG Information - [Annual Report / Environmental, Social and Governance Information/Report]",5MB,"[<Auditor(2279, 9110202, CCTH CPA Limited)>]","[<KeyAuditMatter(5267, 9110202 Impairment of trade and other receivables and loan and interest receivables)>, <KeyAuditMatter(5268, 9110202 Impairment of trade and other receivables and loan and interest receivables (Continued))>, <KeyAuditMatter(5269, 9110202 Provision for obsolete and slow moving inventories)>, <KeyAuditMatter(5270, 9110202 Impairment of property, plant and equipment and prepaid land lease payments)>, <KeyAuditMatter(5271, 9110202 Impairment assessment of investment in an associate)>, <KeyAuditMatter(5272, 9110202 Impairment assessment of investment in an associate (Continued))>]","[<KeyAuditMatterTag(12230, 5267, impairment)>, <KeyAuditMatterTag(12231, 5268, impairment)>, <KeyAuditMatterTag(12232, 5269, inventories)>, <KeyAuditMatterTag(12233, 5269, provision)>, <KeyAuditMatterTag(12234, 5270, impairment)>, <KeyAuditMatterTag(12235, 5270, land)>, <KeyAuditMatterTag(12236, 5270, plant and equipment)>, <KeyAuditMatterTag(12237, 5270, property)>, <KeyAuditMatterTag(12238, 5271, assessment)>, <KeyAuditMatterTag(12239, 5271, associate)>, <KeyAuditMatterTag(12240, 5271, impairment)>, <KeyAuditMatterTag(12241, 5271, investment)>, <KeyAuditMatterTag(12242, 5272, assessment)>, <KeyAuditMatterTag(12243, 5272, associate)>, <KeyAuditMatterTag(12244, 5272, impairment)>, <KeyAuditMatterTag(12245, 5272, investment)>]",https://www1.hkexnews.hk/listedco/listconews/sehk/2019/1230/2019123000523.pdf
