id,news_id,date_time,stock_code,stock_name,title,long_text,file_info,audit_firms,kams,kam_tags,file_link
370,9359514,16/07/2020 16:32,1468,KINGKEY FIN INT,ANNUAL REPORT 2020,"Financial Statements/ESG Information - [Annual Report / Environmental, Social and Governance Information/Report]",5MB,"[<Auditor(355, 9359514, Confucius International CPA Limited)>]","[<KeyAuditMatter(912, 9359514 (Incorporated in the Cayman Islands with limited liability))>, <KeyAuditMatter(913, 9359514 (Continued)Key audit matters Impairment assessment of goodwill (refer to Note 17 to the consolidated financial statements))>, <KeyAuditMatter(914, 9359514 Impairment assessment of trade receivables arising from securities brokerage business and loan receivables (refer to Notes 23 and 24 to the consolidated financial statements))>, <KeyAuditMatter(915, 9359514 (Continued)Key audit matters Impairment assessment of trade receivables arising from securities brokerage business and loan receivables (refer to Notes 23 and 24 to the consolidated financial statements) (Continued))>]","[<KeyAuditMatterTag(2193, 912, land)>, <KeyAuditMatterTag(2194, 913, assessment)>, <KeyAuditMatterTag(2195, 913, goodwill)>, <KeyAuditMatterTag(2196, 913, impairment)>, <KeyAuditMatterTag(2197, 914, assessment)>, <KeyAuditMatterTag(2198, 914, impairment)>, <KeyAuditMatterTag(2199, 915, assessment)>, <KeyAuditMatterTag(2200, 915, impairment)>]",https://www1.hkexnews.hk/listedco/listconews/sehk/2020/0716/2020071600510.pdf
566,9329723,24/06/2020 16:39,8009,CHI ENGY HOLD,ANNUAL REPORT 2020,"Financial Statements/ESG Information - [Annual Report / Environmental, Social and Governance Information/Report]",2MB,"[<Auditor(541, 9329723, Confucius International CPA Limited)>]","[<KeyAuditMatter(1303, 9329723 How our audit addressed the key audit matterImpairment assessments of trade and other receivables)>, <KeyAuditMatter(1304, 9329723 HKFRS 99ECL)>]","[<KeyAuditMatterTag(3089, 1303, assessment)>, <KeyAuditMatterTag(3090, 1303, impairment)>, <KeyAuditMatterTag(3091, 1304, ecl)>]",https://www1.hkexnews.hk/listedco/listconews/gem/2020/0624/2020062400823.pdf
570,9327480,22/06/2020 22:23,8011,POLYARD PETRO,Annual Report 2019,"Financial Statements/ESG Information - [Annual Report / Environmental, Social and Governance Information/Report]",5MB,"[<Auditor(545, 9327480, Confucius International CPA Limited)>]","[<KeyAuditMatter(1311, 9327480 Impairment assessment of interests in a joint venture and amounts due from parties to a joint venture)>]","[<KeyAuditMatterTag(3108, 1311, assessment)>, <KeyAuditMatterTag(3109, 1311, impairment)>]",https://www1.hkexnews.hk/listedco/listconews/gem/2020/0622/2020062201230.pdf
926,9257563,28/04/2020 21:07,352,FORTUNE SUN,Annual Report 2019,Financial Statements/ESG Information - [Annual Report],4MB,"[<Auditor(881, 9257563, Confucius International CPA Limited)>]","[<KeyAuditMatter(2078, 9257563 TO THE MEMBERS OF FORTUNE SUN (CHINA) HOLDINGS LIMITED(Incorporated in the Cayman Islands with limited liability))>, <KeyAuditMatter(2079, 9257563 Impairment assessments of trade receivables and trade deposits)>]","[<KeyAuditMatterTag(4928, 2078, land)>, <KeyAuditMatterTag(4929, 2079, assessment)>, <KeyAuditMatterTag(4930, 2079, impairment)>]",https://www1.hkexnews.hk/listedco/listconews/sehk/2020/0428/2020042803207.pdf
943,9257047,28/04/2020 19:04,1121,BAOFENGMODERN,Annual Report 2019,"Financial Statements/ESG Information - [Annual Report / Environmental, Social and Governance Information/Report]",1MB,"[<Auditor(897, 9257047, Confucius International CPA Limited)>]","[<KeyAuditMatter(2113, 9257047 Impairment assessment of trade receivables)>, <KeyAuditMatter(2114, 9257047 Impairment assessment of intangible assets)>]","[<KeyAuditMatterTag(5001, 2113, assessment)>, <KeyAuditMatterTag(5002, 2113, impairment)>, <KeyAuditMatterTag(5003, 2114, assessment)>, <KeyAuditMatterTag(5004, 2114, asset)>, <KeyAuditMatterTag(5005, 2114, impairment)>]",https://www1.hkexnews.hk/listedco/listconews/sehk/2020/0428/2020042802693.pdf
2367,9124576,09/01/2020 12:02,8011,POLYARD PETRO,Annual Report 2018,Financial Statements/ESG Information - [Annual Report],5MB,"[<Auditor(2271, 9124576, Confucius International CPA Limited)>]","[<KeyAuditMatter(5253, 9124576 Impairment assessment of interests in a joint venture and amounts due from parties to a joint venture)>]","[<KeyAuditMatterTag(12189, 5253, assessment)>, <KeyAuditMatterTag(12190, 5253, impairment)>]",https://www1.hkexnews.hk/listedco/listconews/gem/2020/0109/2020010900185.pdf
