id,news_id,date_time,stock_code,stock_name,title,long_text,file_info,audit_firms,kams,kam_tags,file_link
11,9476077,16/10/2020 16:51,1104,APAC RESOURCES,Annual Report 2020,"Financial Statements/ESG Information - [Annual Report / Environmental, Social and Governance Information/Report]",5MB,"[<Auditor(11, 9476077, Crowe (HK) CPA Limited)>]","[<KeyAuditMatter(17, 9476077 A. Impairment assessment of the Groups interest A. in an associate listed on the Australian Securities Exchange (ASX))>, <KeyAuditMatter(18, 9476077 Impairment assessment of the Groups interest A. in an associate listed on the Australian Securities Exchange (ASX) )>, <KeyAuditMatter(19, 9476077 Impairment assessment of loan receivablesB. )>, <KeyAuditMatter(20, 9476077 ECL)>]","[<KeyAuditMatterTag(45, 17, assessment)>, <KeyAuditMatterTag(46, 17, associate)>, <KeyAuditMatterTag(47, 17, impairment)>, <KeyAuditMatterTag(48, 18, assessment)>, <KeyAuditMatterTag(49, 18, associate)>, <KeyAuditMatterTag(50, 18, impairment)>, <KeyAuditMatterTag(51, 19, assessment)>, <KeyAuditMatterTag(52, 19, impairment)>, <KeyAuditMatterTag(53, 20, ecl)>]",https://www1.hkexnews.hk/listedco/listconews/sehk/2020/1016/2020101600478.pdf
22,9473012,14/10/2020 16:35,1903,JBB BUILDERS,2020 ANNUAL REPORT,"Financial Statements/ESG Information - [Annual Report / Environmental, Social and Governance Information/Report]",2MB,"[<Auditor(22, 9473012, Crowe (HK) CPA Limited)>]","[<KeyAuditMatter(42, 9473012 REVENUE FROM CONSTRUCTION SERVICES)>, <KeyAuditMatter(43, 9473012 RECOVERABILITY OF TRADE RECEIVABLES AND CONTRACT ASSETS)>]","[<KeyAuditMatterTag(123, 42, revenue)>, <KeyAuditMatterTag(124, 43, asset)>, <KeyAuditMatterTag(125, 43, recoverability)>]",https://www1.hkexnews.hk/listedco/listconews/sehk/2020/1014/2020101400385.pdf
44,9452848,25/09/2020 16:14,269,CRTG,Annual Report 2020,"Financial Statements/ESG Information - [Annual Report / Environmental, Social and Governance Information/Report]",789KB,"[<Auditor(44, 9452848, Crowe (HK) CPA Limited)>]",[],[],https://www1.hkexnews.hk/listedco/listconews/sehk/2020/0925/2020092500355.pdf
70,9420100,31/08/2020 17:20,8427,SK TARGET,Annual Report 2020,Financial Statements/ESG Information - [Annual Report],2MB,"[<Auditor(70, 9420100, Crowe (HK) CPA Limited)>]","[<KeyAuditMatter(137, 9420100 Impairment assessment of trade receivablesHow our audit addressed the key audit matter)>, <KeyAuditMatter(138, 9420100 ECL)>]","[<KeyAuditMatterTag(322, 137, assessment)>, <KeyAuditMatterTag(323, 137, impairment)>, <KeyAuditMatterTag(324, 138, ecl)>]",https://www1.hkexnews.hk/listedco/listconews/gem/2020/0831/2020083100934.pdf
120,9377449,31/07/2020 15:01,1647,GRANDSHORES,Annual Report 2020,"Financial Statements/ESG Information - [Annual Report / Environmental, Social and Governance Information/Report]",2MB,"[<Auditor(110, 9377449, Crowe (HK) CPA Limited)>]","[<KeyAuditMatter(216, 9377449 to the shareholders of Grandshores technology Group Limited(Incorporated in the Cayman Islands with limited liability))>, <KeyAuditMatter(217, 9377449 Key audit matterHow our audit addressed the key audit matter(Note 6)Revenue Recognition )>, <KeyAuditMatter(218, 9377449 Key audit matterHow our audit addressed the key audit matter(Notes 16 and 17)Valuation of equity investment at FVOCI and financial assets at fair value through profit or loss)>, <KeyAuditMatter(219, 9377449 Key audit matterHow our audit addressed the key audit matter(Notes 6 and 19)Digital asset transactions and balances)>, <KeyAuditMatter(220, 9377449 Key audit matterHow our audit addressed the key audit matter(Notes 6 and 19)Digital asset transactions and balances (continued))>, <KeyAuditMatter(221, 9377449 Key audit matterHow our audit addressed the key audit matter(Notes 6 and 19)Digital asset transactions and balances (continued))>]","[<KeyAuditMatterTag(512, 216, land)>, <KeyAuditMatterTag(513, 217, recognition)>, <KeyAuditMatterTag(514, 217, revenue)>, <KeyAuditMatterTag(515, 218, asset)>, <KeyAuditMatterTag(516, 218, fair)>, <KeyAuditMatterTag(517, 218, financial asset)>, <KeyAuditMatterTag(518, 218, investment)>, <KeyAuditMatterTag(519, 218, valuation)>, <KeyAuditMatterTag(520, 218, value)>, <KeyAuditMatterTag(521, 219, asset)>, <KeyAuditMatterTag(522, 220, asset)>, <KeyAuditMatterTag(523, 221, asset)>]",https://www1.hkexnews.hk/listedco/listconews/sehk/2020/0731/2020073100319.pdf
178,9374332,29/07/2020 18:20,723,RELIANCE GLO HL,ANNUAL REPORT 2019/2020,"Financial Statements/ESG Information - [Annual Report / Environmental, Social and Governance Information/Report]",1MB,"[<Auditor(168, 9374332, Crowe (HK) CPA Limited)>]","[<KeyAuditMatter(363, 9374332 Key audit matterHow our audit addressed the key audit matterProvision for expected credit losses (ECL) and impairment assessment of loan receivables)>]","[<KeyAuditMatterTag(865, 363, assessment)>, <KeyAuditMatterTag(866, 363, ecl)>, <KeyAuditMatterTag(867, 363, expected credit loss)>, <KeyAuditMatterTag(868, 363, impairment)>, <KeyAuditMatterTag(869, 363, provision)>]",https://www1.hkexnews.hk/listedco/listconews/sehk/2020/0729/2020072900821.pdf
191,9374010,29/07/2020 17:01,948,ALPHA PRO HLDGS,Annual Report 2020,Financial Statements/ESG Information - [Annual Report],3MB,"[<Auditor(181, 9374010, Crowe (HK) CPA Limited)>]",[],[],https://www1.hkexnews.hk/listedco/listconews/sehk/2020/0729/2020072900499.pdf
206,9373068,28/07/2020 19:06,1460,ICO GROUP,ANNUAL REPORT 2019/20,Financial Statements/ESG Information - [Annual Report],6MB,"[<Auditor(196, 9373068, Crowe (HK) CPA Limited)>]","[<KeyAuditMatter(459, 9373068 INDEPENDENT AUDITORS REPORT TO THE SHAREHOLDERS  OF ICO GROUP LIMITED(Incorporated in the Cayman Islands with limited liability))>, <KeyAuditMatter(460, 9373068 Recoverability of trade receivables and contract assetsRefer to notes 3(c), 18, 19 and 30(a) to the consolidated financial statements and the accounting policies in note 2(j)(i) to the consolidated financial statements)>, <KeyAuditMatter(461, 9373068 Impairment assessment of deposits for acquisition of subsidiariesRefer to notes 3(h) and 19(d) to the consolidated financial statements and the accounting policy in note 2(j)(iii) to the consolidated financial statements)>, <KeyAuditMatter(462, 9373068 Valuation of convertible bondsRefer to notes 3(f) and 25 to the consolidated financial statements and the accounting policies in note 2(q) to the consolidated financial statements)>]","[<KeyAuditMatterTag(1097, 459, land)>, <KeyAuditMatterTag(1098, 460, asset)>, <KeyAuditMatterTag(1099, 460, recoverability)>, <KeyAuditMatterTag(1100, 461, acquisition)>, <KeyAuditMatterTag(1101, 461, assessment)>, <KeyAuditMatterTag(1102, 461, impairment)>, <KeyAuditMatterTag(1103, 462, valuation)>]",https://www1.hkexnews.hk/listedco/listconews/sehk/2020/0728/2020072800870.pdf
210,9372702,28/07/2020 17:06,104,ASIA COMM HOLD,ANNUAL REPORT 2020,Financial Statements/ESG Information - [Annual Report],3MB,"[<Auditor(200, 9372702, Crowe (HK) CPA Limited)>]","[<KeyAuditMatter(476, 9372702 Valuation of inventories)>, <KeyAuditMatter(477, 9372702 Valuation of investment properties)>, <KeyAuditMatter(478, 9372702 Impairment assessment of goodwill )>, <KeyAuditMatter(479, 9372702 Impairment assessment of property, plant and equipment and right-of-use assets)>]","[<KeyAuditMatterTag(1135, 476, inventories)>, <KeyAuditMatterTag(1136, 476, valuation)>, <KeyAuditMatterTag(1137, 477, investment)>, <KeyAuditMatterTag(1138, 477, properties)>, <KeyAuditMatterTag(1139, 477, valuation)>, <KeyAuditMatterTag(1140, 478, assessment)>, <KeyAuditMatterTag(1141, 478, goodwill)>, <KeyAuditMatterTag(1142, 478, impairment)>, <KeyAuditMatterTag(1143, 479, assessment)>, <KeyAuditMatterTag(1144, 479, asset)>, <KeyAuditMatterTag(1145, 479, impairment)>, <KeyAuditMatterTag(1146, 479, plant and equipment)>, <KeyAuditMatterTag(1147, 479, property)>, <KeyAuditMatterTag(1148, 479, right)>]",https://www1.hkexnews.hk/listedco/listconews/sehk/2020/0728/2020072800513.pdf
241,9371095,27/07/2020 16:33,1160,YOUTH CHAMP,Annual Report 2019-20,"Financial Statements/ESG Information - [Annual Report / Environmental, Social and Governance Information/Report]",1MB,"[<Auditor(230, 9371095, Crowe (HK) CPA Limited)>]","[<KeyAuditMatter(577, 9371095 KEY AUDIT MATTERS Assessing the fair value of financial asset measured at fair value through profit or loss  unlisted fund investment)>]","[<KeyAuditMatterTag(1373, 577, asset)>, <KeyAuditMatterTag(1374, 577, fair)>, <KeyAuditMatterTag(1375, 577, financial asset)>, <KeyAuditMatterTag(1376, 577, investment)>, <KeyAuditMatterTag(1377, 577, value)>]",https://www1.hkexnews.hk/listedco/listconews/sehk/2020/0727/2020072700417.pdf
336,9361512,17/07/2020 18:35,2326,NPE HOLDINGS,ANNUAL REPORT 2019/2020,Financial Statements/ESG Information - [Annual Report],2MB,"[<Auditor(321, 9361512, Crowe (HK) CPA Limited)>]","[<KeyAuditMatter(834, 9361512 Valuation of trade receivables)>]","[<KeyAuditMatterTag(2023, 834, valuation)>]",https://www1.hkexnews.hk/listedco/listconews/sehk/2020/0717/2020071701061.pdf
421,9347599,06/07/2020 19:31,61,GREEN LEADER,Annual Report 2019,Financial Statements/ESG Information - [Annual Report],4MB,"[<Auditor(400, 9347599, Crowe (HK) CPA Limited)>]",[],[],https://www1.hkexnews.hk/listedco/listconews/sehk/2020/0706/2020070601968.pdf
515,9333222,29/06/2020 17:16,8060,GLOBAL LINK,ANNUAL REPORT 2019/20,Financial Statements/ESG Information - [Annual Report],2MB,"[<Auditor(493, 9333222, Crowe (HK) CPA Limited)>]","[<KeyAuditMatter(1213, 9333222 KEY AUDIT MATTERS Impairment of intangible assets)>, <KeyAuditMatter(1214, 9333222 KEY AUDIT MATTERS Purchase price allocation of a business combination)>, <KeyAuditMatter(1215, 9333222 KEY AUDIT MATTERS Impairment of goodwill)>, <KeyAuditMatter(1216, 9333222 KEY AUDIT MATTERS Impairment of trade receivables and contract assets)>]","[<KeyAuditMatterTag(2889, 1213, asset)>, <KeyAuditMatterTag(2890, 1213, impairment)>, <KeyAuditMatterTag(2891, 1214, allocation)>, <KeyAuditMatterTag(2892, 1214, business combination)>, <KeyAuditMatterTag(2893, 1214, price)>, <KeyAuditMatterTag(2894, 1214, purchase)>, <KeyAuditMatterTag(2895, 1215, goodwill)>, <KeyAuditMatterTag(2896, 1215, impairment)>, <KeyAuditMatterTag(2897, 1216, asset)>, <KeyAuditMatterTag(2898, 1216, impairment)>]",https://www1.hkexnews.hk/listedco/listconews/gem/2020/0629/2020062900814.pdf
538,9332397,29/06/2020 06:07,8195,L&A INTL HOLD,Annual Report 2020,Financial Statements/ESG Information - [Annual Report],7MB,"[<Auditor(516, 9332397, Crowe (HK) CPA Limited)>]","[<KeyAuditMatter(1270, 9332397 Impairment assessment of loan receivables)>, <KeyAuditMatter(1271, 9332397 Impairment assessment of loan receivables )>, <KeyAuditMatter(1272, 9332397 Impairment assessment of loan receivables )>]","[<KeyAuditMatterTag(3016, 1270, assessment)>, <KeyAuditMatterTag(3017, 1270, impairment)>, <KeyAuditMatterTag(3018, 1271, assessment)>, <KeyAuditMatterTag(3019, 1271, impairment)>, <KeyAuditMatterTag(3020, 1272, assessment)>, <KeyAuditMatterTag(3021, 1272, impairment)>]",https://www1.hkexnews.hk/listedco/listconews/gem/2020/0629/2020062900017.pdf
667,9281250,15/05/2020 06:05,436,NU ENVIRO,Annual Report 2019,Financial Statements/ESG Information - [Annual Report],3MB,"[<Auditor(641, 9281250, Crowe (HK) CPA Limited)>]","[<KeyAuditMatter(1543, 9281250 Impairment of trade receivables)>, <KeyAuditMatter(1544, 9281250 Impairment assessment of interest in an associate)>]","[<KeyAuditMatterTag(3673, 1543, impairment)>, <KeyAuditMatterTag(3674, 1544, assessment)>, <KeyAuditMatterTag(3675, 1544, associate)>, <KeyAuditMatterTag(3676, 1544, impairment)>]",https://www1.hkexnews.hk/listedco/listconews/sehk/2020/0515/2020051500019.pdf
679,9280768,14/05/2020 20:01,1011,NT PHARMA,Annual Report 2019,"Financial Statements/ESG Information - [Annual Report / Environmental, Social and Governance Information/Report]",5MB,"[<Auditor(652, 9280768, Crowe (HK) CPA Limited)>]","[<KeyAuditMatter(1570, 9280768 (a) Recoverability of intangible assets)>, <KeyAuditMatter(1571, 9280768 Recoverability of intangible assets (Continued))>, <KeyAuditMatter(1572, 9280768 (a) Recoverability of intangible assets (Continued))>, <KeyAuditMatter(1573, 9280768 (b) Recoverability of trade receivables)>, <KeyAuditMatter(1574, 9280768 (c) Fair value of financial liabilities at fair value through profit or loss)>]","[<KeyAuditMatterTag(3731, 1570, asset)>, <KeyAuditMatterTag(3732, 1570, recoverability)>, <KeyAuditMatterTag(3733, 1571, asset)>, <KeyAuditMatterTag(3734, 1571, recoverability)>, <KeyAuditMatterTag(3735, 1572, asset)>, <KeyAuditMatterTag(3736, 1572, recoverability)>, <KeyAuditMatterTag(3737, 1573, recoverability)>, <KeyAuditMatterTag(3738, 1574, fair)>, <KeyAuditMatterTag(3739, 1574, value)>]",https://www1.hkexnews.hk/listedco/listconews/sehk/2020/0514/2020051401727.pdf
691,9280341,14/05/2020 18:02,2623,ADD NEW ENERGY,Annual Report 2019,"Financial Statements/ESG Information - [Annual Report / Environmental, Social and Governance Information/Report]",7MB,"[<Auditor(664, 9280341, Crowe (HK) CPA Limited)>]","[<KeyAuditMatter(1599, 9280341 (a) Impairment assessment of property, plant and equipment and intangible assets (theMining Assets))>, <KeyAuditMatter(1600, 9280341 Impairment assessment of property, plant and equipment and intangible assets (theMining Assets) (continued))>, <KeyAuditMatter(1601, 9280341 Valuation of inventories)>, <KeyAuditMatter(1602, 9280341 Revenue recognition)>]","[<KeyAuditMatterTag(3787, 1599, assessment)>, <KeyAuditMatterTag(3788, 1599, asset)>, <KeyAuditMatterTag(3789, 1599, impairment)>, <KeyAuditMatterTag(3790, 1599, mining)>, <KeyAuditMatterTag(3791, 1599, plant and equipment)>, <KeyAuditMatterTag(3792, 1599, property)>, <KeyAuditMatterTag(3793, 1600, assessment)>, <KeyAuditMatterTag(3794, 1600, asset)>, <KeyAuditMatterTag(3795, 1600, impairment)>, <KeyAuditMatterTag(3796, 1600, mining)>, <KeyAuditMatterTag(3797, 1600, plant and equipment)>, <KeyAuditMatterTag(3798, 1600, property)>, <KeyAuditMatterTag(3799, 1601, inventories)>, <KeyAuditMatterTag(3800, 1601, valuation)>, <KeyAuditMatterTag(3801, 1602, recognition)>, <KeyAuditMatterTag(3802, 1602, revenue)>]",https://www1.hkexnews.hk/listedco/listconews/sehk/2020/0514/2020051401302.pdf
704,9279907,14/05/2020 17:07,117,TIANLI HOLDINGS,ANNUAL REPORT 2019,"Financial Statements/ESG Information - [Annual Report / Environmental, Social and Governance Information/Report]",4MB,"[<Auditor(677, 9279907, Crowe (HK) CPA Limited)>]","[<KeyAuditMatter(1618, 9279907 NON-CONSOLIDATION OF STRUCTURED ENTITIES AND VALUATION OF FINANCIAL ASSETS AT FAIR VALUE THROUGH PROFIT OR LOSS)>, <KeyAuditMatter(1619, 9279907 IMPAIRMENT ASSESSMENT OF PROPERTY, PLANT AND EQUIPMENT)>, <KeyAuditMatter(1620, 9279907 VALUATION OF INVENTORIES)>]","[<KeyAuditMatterTag(3838, 1618, asset)>, <KeyAuditMatterTag(3839, 1618, fair)>, <KeyAuditMatterTag(3840, 1618, financial asset)>, <KeyAuditMatterTag(3841, 1618, valuation)>, <KeyAuditMatterTag(3842, 1618, value)>, <KeyAuditMatterTag(3843, 1619, assessment)>, <KeyAuditMatterTag(3844, 1619, impairment)>, <KeyAuditMatterTag(3845, 1619, plant and equipment)>, <KeyAuditMatterTag(3846, 1619, property)>, <KeyAuditMatterTag(3847, 1620, inventories)>, <KeyAuditMatterTag(3848, 1620, valuation)>]",https://www1.hkexnews.hk/listedco/listconews/sehk/2020/0514/2020051400876.pdf
753,9277847,13/05/2020 16:30,439,KUANGCHI,ANNUAL REPORT 2019,"Financial Statements/ESG Information - [Annual Report / Environmental, Social and Governance Information/Report]",4MB,"[<Auditor(725, 9277847, Crowe (HK) CPA Limited)>]","[<KeyAuditMatter(1758, 9277847 Recoverability of trade receivables and contract assets)>, <KeyAuditMatter(1759, 9277847 Impairment assessment of property, plant and equipment and right-of-use assets)>, <KeyAuditMatter(1760, 9277847 	Obtaining	and	reviewing	the	valuation	reports	)>, <KeyAuditMatter(1761, 9277847 	Obtaining	an	understanding	from	the	external	valuers	)>, <KeyAuditMatter(1762, 9277847 	Checking	the	arithmetical	accuracy	of	the	fair	value	)>]","[<KeyAuditMatterTag(4165, 1758, asset)>, <KeyAuditMatterTag(4166, 1758, recoverability)>, <KeyAuditMatterTag(4167, 1759, assessment)>, <KeyAuditMatterTag(4168, 1759, asset)>, <KeyAuditMatterTag(4169, 1759, impairment)>, <KeyAuditMatterTag(4170, 1759, plant and equipment)>, <KeyAuditMatterTag(4171, 1759, property)>, <KeyAuditMatterTag(4172, 1759, right)>, <KeyAuditMatterTag(4173, 1760, valuation)>, <KeyAuditMatterTag(4174, 1761, value)>, <KeyAuditMatterTag(4175, 1762, fair)>, <KeyAuditMatterTag(4176, 1762, value)>]",https://www1.hkexnews.hk/listedco/listconews/sehk/2020/0513/2020051300287.pdf
758,9277043,12/05/2020 19:08,1129,WATER INDUSTRY,Annual Report 2019,"Financial Statements/ESG Information - [Annual Report / Environmental, Social and Governance Information/Report]",3MB,"[<Auditor(728, 9277043, Crowe (HK) CPA Limited)>]","[<KeyAuditMatter(1769, 9277043 Revenue recognition)>, <KeyAuditMatter(1770, 9277043 Impairment assessment)>]","[<KeyAuditMatterTag(4188, 1769, recognition)>, <KeyAuditMatterTag(4189, 1769, revenue)>, <KeyAuditMatterTag(4190, 1770, assessment)>, <KeyAuditMatterTag(4191, 1770, impairment)>]",https://www1.hkexnews.hk/listedco/listconews/sehk/2020/0512/2020051200906.pdf
765,9268700,06/05/2020 16:34,1937,JIACHEN HOLDING,Annual Report 2019,"Financial Statements/ESG Information - [Annual Report / Environmental, Social and Governance Information/Report]",6MB,"[<Auditor(735, 9268700, Crowe (HK) CPA Limited)>]","[<KeyAuditMatter(1782, 9268700 INDEPENDENT AUDITORS TO THE SHAREHOLDERS OFJIACHEN HOLDING GROUP LIMITED(Incorporated in the Cayman Islands with limited liability))>, <KeyAuditMatter(1783, 9268700 Revenue recognition)>, <KeyAuditMatter(1784, 9268700 Impairment of trade and bills receivables andcontract assets)>]","[<KeyAuditMatterTag(4222, 1782, land)>, <KeyAuditMatterTag(4223, 1783, recognition)>, <KeyAuditMatterTag(4224, 1783, revenue)>, <KeyAuditMatterTag(4225, 1784, asset)>, <KeyAuditMatterTag(4226, 1784, impairment)>]",https://www1.hkexnews.hk/listedco/listconews/sehk/2020/0506/2020050600886.pdf
778,9267166,05/05/2020 17:54,8349,MEIGU TECH,Annual Report 2019,"Financial Statements/ESG Information - [Annual Report / Environmental, Social and Governance Information/Report]",2MB,"[<Auditor(747, 9267166, Crowe (HK) CPA Limited)>]","[<KeyAuditMatter(1821, 9267166 Independent Auditors Report to the Shareholders ofMEIGU Technology Holding Group Limited(Incorporated in the Cayman Islands with limited liability))>, <KeyAuditMatter(1822, 9267166 Impairment of contract assets and trade and bills receivables)>, <KeyAuditMatter(1823, 9267166 ndependent Auditors Report to the Shareholders ofMEIGU Technology Holding Group Limitedncorporated in the Cayman Islands with limited liability))>, <KeyAuditMatter(1824, 9267166 Revenue recognition )>]","[<KeyAuditMatterTag(4329, 1821, land)>, <KeyAuditMatterTag(4330, 1822, asset)>, <KeyAuditMatterTag(4331, 1822, impairment)>, <KeyAuditMatterTag(4332, 1823, land)>, <KeyAuditMatterTag(4333, 1824, recognition)>, <KeyAuditMatterTag(4334, 1824, revenue)>]",https://www1.hkexnews.hk/listedco/listconews/gem/2020/0505/2020050501554.pdf
779,9266643,05/05/2020 16:38,6833,SINCO PHARMA,Annual Report 2019,"Financial Statements/ESG Information - [Annual Report / Environmental, Social and Governance Information/Report]",3MB,"[<Auditor(748, 9266643, Crowe (HK) CPA Limited)>]","[<KeyAuditMatter(1825, 9266643 The cash flow forecast involved key assumptions such as revenue growth, gross profit margin, and availability of banking facilities and availability of facilities from an independent third party to the Group.)>, <KeyAuditMatter(1826, 9266643 We focused on this assessment as it involves consideration of future events and application of significant judgements and estimates and accordingly, this was an area of audit focus.)>, <KeyAuditMatter(1827, 9266643 Key Audit Matters Impairment assessment of other property, plant and equipment)>, <KeyAuditMatter(1828, 9266643 As at 31 December 2019, other property, plant and equipment held by the Group amounted to approximately RMB198,034,000. The recoverable amount of the other property, plant and equipment is determined by management at the higher of the value in use and the fair value less cost of disposal of these assets.)>, <KeyAuditMatter(1829, 9266643 In determining the fair value less cost of disposal of other property, plant and equipment, the Group engaged an external valuer to perform that valuation. The valuation process was inherently subjective and dependent on a number of estimates, therefore this is considered as a key audit matter.)>]","[<KeyAuditMatterTag(4335, 1825, revenue)>, <KeyAuditMatterTag(4336, 1826, assessment)>, <KeyAuditMatterTag(4337, 1827, assessment)>, <KeyAuditMatterTag(4338, 1827, impairment)>, <KeyAuditMatterTag(4339, 1827, plant and equipment)>, <KeyAuditMatterTag(4340, 1827, property)>, <KeyAuditMatterTag(4341, 1828, asset)>, <KeyAuditMatterTag(4342, 1828, fair)>, <KeyAuditMatterTag(4343, 1828, plant and equipment)>, <KeyAuditMatterTag(4344, 1828, property)>, <KeyAuditMatterTag(4345, 1828, value)>, <KeyAuditMatterTag(4346, 1829, fair)>, <KeyAuditMatterTag(4347, 1829, mining)>, <KeyAuditMatterTag(4348, 1829, plant and equipment)>, <KeyAuditMatterTag(4349, 1829, property)>, <KeyAuditMatterTag(4350, 1829, valuation)>, <KeyAuditMatterTag(4351, 1829, value)>]",https://www1.hkexnews.hk/listedco/listconews/sehk/2020/0505/2020050501031.pdf
787,9261420,29/04/2020 22:42,1280,QIDIAN INTL,2019 ANNUAL REPORT,Financial Statements/ESG Information - [Annual Report],3MB,"[<Auditor(755, 9261420, Crowe (HK) CPA Limited)>]","[<KeyAuditMatter(1843, 9261420 Revenue recognition)>, <KeyAuditMatter(1844, 9261420 Revenue recognition (Continued))>, <KeyAuditMatter(1845, 9261420 Impairment assessment of property, plant and equipment and right-of-use assets)>, <KeyAuditMatter(1846, 9261420 Valuation of inventories)>]","[<KeyAuditMatterTag(4389, 1843, recognition)>, <KeyAuditMatterTag(4390, 1843, revenue)>, <KeyAuditMatterTag(4391, 1844, recognition)>, <KeyAuditMatterTag(4392, 1844, revenue)>, <KeyAuditMatterTag(4393, 1845, assessment)>, <KeyAuditMatterTag(4394, 1845, asset)>, <KeyAuditMatterTag(4395, 1845, impairment)>, <KeyAuditMatterTag(4396, 1845, plant and equipment)>, <KeyAuditMatterTag(4397, 1845, property)>, <KeyAuditMatterTag(4398, 1845, right)>, <KeyAuditMatterTag(4399, 1846, inventories)>, <KeyAuditMatterTag(4400, 1846, valuation)>]",https://www1.hkexnews.hk/listedco/listconews/sehk/2020/0429/2020042903535.pdf
1004,9256007,28/04/2020 17:13,585,IMAGI INT'L,2019 ANNUAL REPORT,Financial Statements/ESG Information - [Annual Report],2MB,"[<Auditor(957, 9256007, Crowe (HK) CPA Limited)>]","[<KeyAuditMatter(2262, 9256007 Impairment of loans receivable)>, <KeyAuditMatter(2263, 9256007 Impairment of loans receivable)>, <KeyAuditMatter(2264, 9256007 Impairment of accounts receivable from margin clients)>, <KeyAuditMatter(2265, 9256007 Impairment of accounts receivable from margin clients)>]","[<KeyAuditMatterTag(5353, 2262, impairment)>, <KeyAuditMatterTag(5354, 2263, impairment)>, <KeyAuditMatterTag(5355, 2264, impairment)>, <KeyAuditMatterTag(5356, 2265, impairment)>]",https://www1.hkexnews.hk/listedco/listconews/sehk/2020/0428/2020042801655.pdf
1121,9254527,28/04/2020 07:09,1034,FULLWEALTH,2019 ANNUAL REPORT,Financial Statements/ESG Information - [Annual Report],2MB,"[<Auditor(1071, 9254527, Crowe (HK) CPA Limited)>]","[<KeyAuditMatter(2519, 9254527 Recognition of contract revenue and costs)>]","[<KeyAuditMatterTag(5969, 2519, recognition)>, <KeyAuditMatterTag(5970, 2519, revenue)>]",https://www1.hkexnews.hk/listedco/listconews/sehk/2020/0428/2020042800145.pdf
1391,9249546,24/04/2020 16:49,605,C FIN SERVICES,ANNUAL REPORT 2019,"Financial Statements/ESG Information - [Annual Report / Environmental, Social and Governance Information/Report]",2MB,"[<Auditor(1335, 9249546, Crowe (HK) CPA Limited)>]",[],[],https://www1.hkexnews.hk/listedco/listconews/sehk/2020/0424/2020042400982.pdf
1460,9248280,23/04/2020 20:00,1110,KINGWORLD,ANNUAL REPORT 2019,Financial Statements/ESG Information - [Annual Report],3MB,"[<Auditor(1401, 9248280, Crowe (HK) CPA Limited)>]","[<KeyAuditMatter(3311, 9248280 The Key Audit MatterHow the matter was addressed in our audit(a)Impairment of goodwill and intangible assets )>, <KeyAuditMatter(3312, 9248280 Key Audit MatterHow the matter was addressed in our auditImpairment of trade and bills receivables)>]","[<KeyAuditMatterTag(7795, 3311, asset)>, <KeyAuditMatterTag(7796, 3311, goodwill)>, <KeyAuditMatterTag(7797, 3311, impairment)>, <KeyAuditMatterTag(7798, 3312, impairment)>]",https://www1.hkexnews.hk/listedco/listconews/sehk/2020/0423/2020042302087.pdf
1961,9235383,15/04/2020 12:10,329,OCI INTL,ANNUAL REPORT 2019,"Financial Statements/ESG Information - [Annual Report / Environmental, Social and Governance Information/Report]",2MB,"[<Auditor(1885, 9235383, Crowe (HK) CPA Limited)>]","[<KeyAuditMatter(4397, 9235383 Allowance for expected credit loss of debt investments at amortised cost)>]","[<KeyAuditMatterTag(10344, 4397, debt investments)>, <KeyAuditMatterTag(10345, 4397, expected credit loss)>, <KeyAuditMatterTag(10346, 4397, investment)>]",https://www1.hkexnews.hk/listedco/listconews/sehk/2020/0415/2020041500305.pdf
1964,9234882,14/04/2020 21:42,67,LUMENA NEWMAT,Annual Report 2019,Financial Statements/ESG Information - [Annual Report],388KB,"[<Auditor(1888, 9234882, Crowe (HK) CPA Limited)>]",[],[],https://www1.hkexnews.hk/listedco/listconews/sehk/2020/0414/2020041401683.pdf
2082,9226733,06/04/2020 16:45,8249,RUIYUAN IC TECH,ANNUAL REPORT 2019,Financial Statements/ESG Information - [Annual Report],2MB,"[<Auditor(2001, 9226733, Crowe (HK) CPA Limited)>]","[<KeyAuditMatter(4657, 9226733 Provision for expected credit losses (ECL) of trade receivables)>]","[<KeyAuditMatterTag(10928, 4657, ecl)>, <KeyAuditMatterTag(10929, 4657, expected credit loss)>, <KeyAuditMatterTag(10930, 4657, provision)>]",https://www1.hkexnews.hk/listedco/listconews/gem/2020/0406/2020040600722.pdf
2285,9202887,25/03/2020 19:37,8340,VINCO FINANCIAL,ANNUAL REPORT 2019,"Financial Statements/ESG Information - [Annual Report / Environmental, Social and Governance Information/Report]",1MB,"[<Auditor(2197, 9202887, Crowe (HK) CPA Limited)>]","[<KeyAuditMatter(5100, 9202887 Revenue recognition in respect of provision of corporate financial advisory services.)>]","[<KeyAuditMatterTag(11880, 5100, provision)>, <KeyAuditMatterTag(11881, 5100, recognition)>, <KeyAuditMatterTag(11882, 5100, revenue)>]",https://www1.hkexnews.hk/listedco/listconews/gem/2020/0325/2020032501263.pdf
2350,9162586,21/02/2020 16:42,6163,GEMILANG INTL,2019 Annual Report,"Financial Statements/ESG Information - [Annual Report / Environmental, Social and Governance Information/Report]",5MB,"[<Auditor(2258, 9162586, Crowe (HK) CPA Limited)>]","[<KeyAuditMatter(5227, 9162586 INDEPENDENT AUDITORS REPORT TO THE SHAREHOLDERS OFGEMILANG INTERNATIONAL LIMITED(Incorporated in Cayman Islands with limited liability))>, <KeyAuditMatter(5228, 9162586 KEY AUDIT MATTERS Revenue recognised from sales of bus bodies and kits)>, <KeyAuditMatter(5229, 9162586 KEY AUDIT MATTERS Provision for inventories)>, <KeyAuditMatter(5230, 9162586 Recoverability of trade receivables)>, <KeyAuditMatter(5231, 9162586 ECL)>]","[<KeyAuditMatterTag(12141, 5227, land)>, <KeyAuditMatterTag(12142, 5228, revenue)>, <KeyAuditMatterTag(12143, 5229, inventories)>, <KeyAuditMatterTag(12144, 5229, provision)>, <KeyAuditMatterTag(12145, 5230, recoverability)>, <KeyAuditMatterTag(12146, 5231, ecl)>]",https://www1.hkexnews.hk/listedco/listconews/sehk/2020/0221/2020022100356.pdf
2419,3620760,29/10/2019 18:24,1046,UNIVERSE ENT,ANNUAL REPORT 2019,"Financial Statements/ESG Information - [Annual Report / Environmental, Social and Governance Information/Report]",4305KB,"[<Auditor(2321, 3620760, Crowe (HK) CPA Limited)>]",[],[],https://www1.hkexnews.hk/listedco/listconews/sehk/2019/1029/ltn20191029147.pdf
2472,9282850,15/05/2020 18:34,2379,ZHONGTIAN INT'L,ANNUAL REPORT 2019,Financial Statements/ESG Information - [Annual Report],7MB,"[<Auditor(2373, 9282850, Crowe (HK) CPA Limited)>]","[<KeyAuditMatter(5499, 9282850 key audit matterHow our audit addressed the key audit matterRecoverability of loan and other receivables and interest receivable)>, <KeyAuditMatter(5500, 9282850 Recoverability of loan and other receivables and interest receivable )>, <KeyAuditMatter(5501, 9282850 Valuation of investment properties )>, <KeyAuditMatter(5502, 9282850 key audit matterHow our audit addressed the key audit matterRecognition of rental income and impairment of rentals receivable)>, <KeyAuditMatter(5503, 9282850 Recognition of rental income and impairment of rentals receivable)>]","[<KeyAuditMatterTag(12796, 5499, recoverability)>, <KeyAuditMatterTag(12797, 5500, recoverability)>, <KeyAuditMatterTag(12798, 5501, investment)>, <KeyAuditMatterTag(12799, 5501, properties)>, <KeyAuditMatterTag(12800, 5501, valuation)>, <KeyAuditMatterTag(12801, 5502, impairment)>, <KeyAuditMatterTag(12802, 5502, income)>, <KeyAuditMatterTag(12803, 5502, recognition)>, <KeyAuditMatterTag(12804, 5503, impairment)>, <KeyAuditMatterTag(12805, 5503, income)>, <KeyAuditMatterTag(12806, 5503, recognition)>]",https://www1.hkexnews.hk/listedco/listconews/sehk/2020/0515/2020051501489.pdf
2479,9275650,11/05/2020 19:01,6128,EARTHASIA,Annual Report 2019,"Financial Statements/ESG Information - [Annual Report / Environmental, Social and Governance Information/Report]",5MB,"[<Auditor(2379, 9275650, Crowe (HK) CPA Limited)>]","[<KeyAuditMatter(5510, 9275650 Revenue recognition of landscape design services)>, <KeyAuditMatter(5511, 9275650 Recoverability of trade and bills receivables and contract assets)>, <KeyAuditMatter(5512, 9275650 Business combination)>, <KeyAuditMatter(5513, 9275650 Impairment assessment of goodwill, other intangible assets, and property and equipment)>]","[<KeyAuditMatterTag(12824, 5510, land)>, <KeyAuditMatterTag(12825, 5510, recognition)>, <KeyAuditMatterTag(12826, 5510, revenue)>, <KeyAuditMatterTag(12827, 5511, asset)>, <KeyAuditMatterTag(12828, 5511, recoverability)>, <KeyAuditMatterTag(12829, 5512, business combination)>, <KeyAuditMatterTag(12830, 5513, assessment)>, <KeyAuditMatterTag(12831, 5513, asset)>, <KeyAuditMatterTag(12832, 5513, goodwill)>, <KeyAuditMatterTag(12833, 5513, impairment)>, <KeyAuditMatterTag(12834, 5513, property)>]",https://www1.hkexnews.hk/listedco/listconews/sehk/2020/0511/2020051101062.pdf
2480,9275504,11/05/2020 18:15,3939,WANGUO MINING,Annual Report 2019,"Financial Statements/ESG Information - [Annual Report / Environmental, Social and Governance Information/Report]",4MB,"[<Auditor(2380, 9275504, Crowe (HK) CPA Limited)>]","[<KeyAuditMatter(5514, 9275504 TO THE SHAREHOLDERS OF WANGUO INTERNATIONAL MINING GROUP LIMITED)>]","[<KeyAuditMatterTag(12835, 5514, mining)>]",https://www1.hkexnews.hk/listedco/listconews/sehk/2020/0511/2020051100916.pdf
2491,9272190,07/05/2020 18:23,8385,PROSPEROUSPRINT,Annual Report 2019,"Financial Statements/ESG Information - [Annual Report / Environmental, Social and Governance Information/Report]",2MB,"[<Auditor(2392, 9272190, Crowe (HK) CPA Limited)>]","[<KeyAuditMatter(5535, 9272190 Revenue recognition on sales of goods)>, <KeyAuditMatter(5536, 9272190 Impairment assessment of trade receivables)>]","[<KeyAuditMatterTag(12882, 5535, recognition)>, <KeyAuditMatterTag(12883, 5535, revenue)>, <KeyAuditMatterTag(12884, 5536, assessment)>, <KeyAuditMatterTag(12885, 5536, impairment)>]",https://www1.hkexnews.hk/listedco/listconews/gem/2020/0507/2020050701303.pdf
