id,news_id,date_time,stock_code,stock_name,title,long_text,file_info,audit_firms,kams,kam_tags,file_link
165,9375838,30/07/2020 16:30,8021,WLS HOLDINGS,Annual Report 2020,Financial Statements/ESG Information - [Annual Report],33MB,"[<Auditor(155, 9375838, D & PARTNERS CPA LIMITED)>]",[],[],https://www1.hkexnews.hk/listedco/listconews/gem/2020/0730/2020073000512.pdf
439,9337849,02/07/2020 07:54,8510,TOPSTANDARDCORP,ANNUAL REPORT 2020,Financial Statements/ESG Information - [Annual Report],4MB,"[<Auditor(418, 9337849, D & PARTNERS CPA LIMITED)>]",[],[],https://www1.hkexnews.hk/listedco/listconews/gem/2020/0702/2020070200074.pdf
468,9335536,30/06/2020 16:34,8096,TASTY CONCEPTS,Annual Report 2020,Financial Statements/ESG Information - [Annual Report],746KB,"[<Auditor(447, 9335536, D & PARTNERS CPA LIMITED)>]","[<KeyAuditMatter(1105, 9335536 Key audit matterHow our audit addressed the key audit matterRevenue from operation of restaurants)>, <KeyAuditMatter(1106, 9335536 Key audit matterHow our audit addressed the key audit matterImpairment of property and equipment, right-of-use assets and intangible assets)>]","[<KeyAuditMatterTag(2656, 1105, revenue)>, <KeyAuditMatterTag(2657, 1106, asset)>, <KeyAuditMatterTag(2658, 1106, impairment)>, <KeyAuditMatterTag(2659, 1106, property)>, <KeyAuditMatterTag(2660, 1106, right)>]",https://www1.hkexnews.hk/listedco/listconews/gem/2020/0630/2020063000687.pdf
484,9334427,29/06/2020 22:04,8161,MEDINET GROUP,ANNUAL REPORT 2020,Financial Statements/ESG Information - [Annual Report],6MB,"[<Auditor(462, 9334427, D & PARTNERS CPA LIMITED)>]","[<KeyAuditMatter(1144, 9334427 (incorporated in the Cayman Islands with limited liability))>, <KeyAuditMatter(1145, 9334427 Revenue recognition)>, <KeyAuditMatter(1146, 9334427 	Selecting	samples	of	revenue	transaction	and	checking	)>, <KeyAuditMatter(1147, 9334427 	Performing	analytical	review	procedures	on	revenue	)>, <KeyAuditMatter(1148, 9334427 Impairment assessment of goodwill)>]","[<KeyAuditMatterTag(2733, 1144, land)>, <KeyAuditMatterTag(2734, 1145, recognition)>, <KeyAuditMatterTag(2735, 1145, revenue)>, <KeyAuditMatterTag(2736, 1146, revenue)>, <KeyAuditMatterTag(2737, 1147, revenue)>, <KeyAuditMatterTag(2738, 1148, assessment)>, <KeyAuditMatterTag(2739, 1148, goodwill)>, <KeyAuditMatterTag(2740, 1148, impairment)>]",https://www1.hkexnews.hk/listedco/listconews/gem/2020/0629/2020062902163.pdf
493,9334119,29/06/2020 20:41,8391,ELEGANCE PRINT,Annual Report 2020,Financial Statements/ESG Information - [Annual Report],4MB,"[<Auditor(471, 9334119, D & PARTNERS CPA LIMITED)>]","[<KeyAuditMatter(1168, 9334119 Elegance Commercial and Financial Printing Group Limited(incorporated in the Cayman Islands with limited liability))>, <KeyAuditMatter(1169, 9334119 Revenue recognitionRefer to Note 5 to the consolidated financial statements.)>]","[<KeyAuditMatterTag(2783, 1168, land)>, <KeyAuditMatterTag(2784, 1169, recognition)>, <KeyAuditMatterTag(2785, 1169, revenue)>]",https://www1.hkexnews.hk/listedco/listconews/gem/2020/0629/2020062901781.pdf
184,9374147,29/07/2020 17:22,518,TUNGTEX (HOLD),ANNUAL REPORT 2020,"Financial Statements/ESG Information - [Annual Report / Environmental, Social and Governance Information/Report]",6MB,"[<Auditor(174, 9374147, D & PARTNERS CPA lIMITED)>]","[<KeyAuditMatter(385, 9374147 Valuation of inventories)>, <KeyAuditMatter(386, 9374147 Impairment of plant and machinery, furniture, fixture and equipment, leasehold improvements and right-of-use assets)>, <KeyAuditMatter(387, 9374147 	Evaluating	the	managements	assessment	in	estimating	)>]","[<KeyAuditMatterTag(916, 385, inventories)>, <KeyAuditMatterTag(917, 385, valuation)>, <KeyAuditMatterTag(918, 386, asset)>, <KeyAuditMatterTag(919, 386, impairment)>, <KeyAuditMatterTag(920, 386, right)>, <KeyAuditMatterTag(921, 387, assessment)>]",https://www1.hkexnews.hk/listedco/listconews/sehk/2020/0729/2020072900636.pdf
