id,news_id,date_time,stock_code,stock_name,title,long_text,file_info,audit_firms,kams,kam_tags,file_link
40,9456456,29/09/2020 16:39,8041,LUXEY INT'L,Annual Report 2020,"Financial Statements/ESG Information - [Annual Report / Environmental, Social and Governance Information/Report]",3MB,"[<Auditor(40, 9456456, Elite Partners CPA Limited)>]","[<KeyAuditMatter(86, 9456456 Impairment assessment on loans receivable)>, <KeyAuditMatter(87, 9456456 Impairment assessment of trade and other receivables)>]","[<KeyAuditMatterTag(218, 86, assessment)>, <KeyAuditMatterTag(219, 86, impairment)>, <KeyAuditMatterTag(220, 87, assessment)>, <KeyAuditMatterTag(221, 87, impairment)>]",https://www1.hkexnews.hk/listedco/listconews/gem/2020/0929/2020092900446.pdf
57,9447447,21/09/2020 16:40,8153,FARNOVA GROUP,2020 Annual Report,"Financial Statements/ESG Information - [Annual Report / Environmental, Social and Governance Information/Report]",3MB,"[<Auditor(57, 9447447, Elite Partners CPA Limited)>]",[],[],https://www1.hkexnews.hk/listedco/listconews/gem/2020/0921/2020092100441.pdf
108,9378748,31/07/2020 22:24,8366,ZJ UNITED INV,Annual Report 2020,Financial Statements/ESG Information - [Annual Report],2MB,"[<Auditor(101, 9378748, Elite Partners CPA Limited)>]","[<KeyAuditMatter(197, 9378748 To the members of Zhejiang United Investment Holdings Group Limited(incorporated in the Cayman Islands with limited liability))>, <KeyAuditMatter(198, 9378748 Recognition of contracts revenue and costs)>, <KeyAuditMatter(199, 9378748 Allowance for credit loss of trade receivables and contract assets)>]","[<KeyAuditMatterTag(454, 197, investment)>, <KeyAuditMatterTag(455, 197, land)>, <KeyAuditMatterTag(456, 198, contracts)>, <KeyAuditMatterTag(457, 198, recognition)>, <KeyAuditMatterTag(458, 198, revenue)>, <KeyAuditMatterTag(459, 199, asset)>]",https://www1.hkexnews.hk/listedco/listconews/gem/2020/0731/2020073101736.pdf
110,9378496,31/07/2020 20:26,8321,TAI KAM-NEW,ANNUAL REPORT 2020,Financial Statements/ESG Information - [Annual Report],947KB,"[<Auditor(103, 9378496, Elite Partners CPA Limited)>]","[<KeyAuditMatter(202, 9378496 Recognition of contract revenue and costs)>]","[<KeyAuditMatterTag(472, 202, recognition)>, <KeyAuditMatterTag(473, 202, revenue)>]",https://www1.hkexnews.hk/listedco/listconews/gem/2020/0731/2020073101356.pdf
131,9377008,30/07/2020 22:00,745,CN CULTURE GP,Annual Report 2020,"Financial Statements/ESG Information - [Annual Report / Environmental, Social and Governance Information/Report]",1MB,"[<Auditor(121, 9377008, Elite Partners CPA Limited)>]","[<KeyAuditMatter(236, 9377008 Impairment assessment of intangible assets and goodwill)>]","[<KeyAuditMatterTag(552, 236, assessment)>, <KeyAuditMatterTag(553, 236, asset)>, <KeyAuditMatterTag(554, 236, goodwill)>, <KeyAuditMatterTag(555, 236, impairment)>]",https://www1.hkexnews.hk/listedco/listconews/sehk/2020/0730/2020073001737.pdf
141,9376370,30/07/2020 17:30,399,INNOVATIVE PHAR,Annual Report 2020,Financial Statements/ESG Information - [Annual Report],3MB,"[<Auditor(131, 9376370, Elite Partners CPA Limited)>]","[<KeyAuditMatter(261, 9376370 Impairment assessment of intangible asset)>, <KeyAuditMatter(262, 9376370 KEY AUDIT MATTERS Impairment assessment of intangible asset )>]","[<KeyAuditMatterTag(610, 261, assessment)>, <KeyAuditMatterTag(611, 261, asset)>, <KeyAuditMatterTag(612, 261, impairment)>, <KeyAuditMatterTag(613, 262, assessment)>, <KeyAuditMatterTag(614, 262, asset)>, <KeyAuditMatterTag(615, 262, impairment)>]",https://www1.hkexnews.hk/listedco/listconews/sehk/2020/0730/2020073001029.pdf
145,9376294,30/07/2020 17:12,959,CENTURY ENT INT,Annual Report 2020,Financial Statements/ESG Information - [Annual Report],2MB,"[<Auditor(135, 9376294, Elite Partners CPA Limited)>]",[],[],https://www1.hkexnews.hk/listedco/listconews/sehk/2020/0730/2020073000955.pdf
168,9375033,30/07/2020 06:23,673,CHINA HEALTH,ANNUAL REPORT 2020,Financial Statements/ESG Information - [Annual Report],1MB,"[<Auditor(158, 9375033, Elite Partners CPA Limited)>]","[<KeyAuditMatter(330, 9375033 Business combination and impairment assessment of goodwill)>, <KeyAuditMatter(331, 9375033 Impairment assessment of trade receivables)>, <KeyAuditMatter(332, 9375033 Impairment assessment of loan and interest receivables)>]","[<KeyAuditMatterTag(792, 330, assessment)>, <KeyAuditMatterTag(793, 330, business combination)>, <KeyAuditMatterTag(794, 330, goodwill)>, <KeyAuditMatterTag(795, 330, impairment)>, <KeyAuditMatterTag(796, 331, assessment)>, <KeyAuditMatterTag(797, 331, impairment)>, <KeyAuditMatterTag(798, 332, assessment)>, <KeyAuditMatterTag(799, 332, impairment)>]",https://www1.hkexnews.hk/listedco/listconews/sehk/2020/0730/2020073000047.pdf
173,9374661,29/07/2020 21:01,1226,CH INV FIN GP,Annual Report 2019/2020,Financial Statements/ESG Information - [Annual Report],2MB,"[<Auditor(163, 9374661, Elite Partners CPA Limited)>]","[<KeyAuditMatter(347, 9374661 China Investment and Finance Group Limited)>, <KeyAuditMatter(348, 9374661 Valuation of the Groups unlisted equity investments measured at fair value through profit or loss categorised as level 3)>]","[<KeyAuditMatterTag(827, 347, investment)>, <KeyAuditMatterTag(828, 348, fair)>, <KeyAuditMatterTag(829, 348, investment)>, <KeyAuditMatterTag(830, 348, valuation)>, <KeyAuditMatterTag(831, 348, value)>]",https://www1.hkexnews.hk/listedco/listconews/sehk/2020/0729/2020072901150.pdf
233,9371266,27/07/2020 16:51,858,EXTRAWELL PHAR,Annual Report 2020,"Financial Statements/ESG Information - [Annual Report / Environmental, Social and Governance Information/Report]",3MB,"[<Auditor(223, 9371266, Elite Partners CPA Limited)>]","[<KeyAuditMatter(548, 9371266 Prior years audit scope limitation affecting opening balance of comparative figures for the Groups interest in an associate)>, <KeyAuditMatter(549, 9371266 mpairment assessment of an associate(1) Key audit matters)>, <KeyAuditMatter(550, 9371266 	We	obtained	and	assessed	the	fair	value	)>, <KeyAuditMatter(551, 9371266 mpairment assessment of property, plant and (2) quipment)>, <KeyAuditMatter(552, 9371266 	We	assessed	the	fair	value	calculations	)>]","[<KeyAuditMatterTag(1310, 548, associate)>, <KeyAuditMatterTag(1311, 549, assessment)>, <KeyAuditMatterTag(1312, 549, associate)>, <KeyAuditMatterTag(1313, 550, fair)>, <KeyAuditMatterTag(1314, 550, value)>, <KeyAuditMatterTag(1315, 551, assessment)>, <KeyAuditMatterTag(1316, 551, property)>, <KeyAuditMatterTag(1317, 552, fair)>, <KeyAuditMatterTag(1318, 552, value)>]",https://www1.hkexnews.hk/listedco/listconews/sehk/2020/0727/2020072700588.pdf
324,9363925,21/07/2020 12:07,1633,SHEUNG YUE GP,Annual Report 2020,Financial Statements/ESG Information - [Annual Report],2MB,"[<Auditor(310, 9363925, Elite Partners CPA Limited)>]","[<KeyAuditMatter(808, 9363925 (Incorporated in the Cayman Islands with limited liability))>, <KeyAuditMatter(809, 9363925 AUDIT MATTERS (Continued)Accounting for construction contracts)>, <KeyAuditMatter(810, 9363925 AUDIT MATTERS (Continued)Accounting for construction contracts (Continued)How the matter was addressed in our audit (Continued))>, <KeyAuditMatter(811, 9363925 Allowance for credit loss of contract assets)>, <KeyAuditMatter(812, 9363925 KEY AUDIT MATTERS (Continued)(b) Allowance for credit loss of contract assets (Continued)How the matter was addressed in our audit)>]","[<KeyAuditMatterTag(1960, 808, land)>, <KeyAuditMatterTag(1961, 809, contracts)>, <KeyAuditMatterTag(1962, 810, contracts)>, <KeyAuditMatterTag(1963, 811, asset)>, <KeyAuditMatterTag(1964, 812, asset)>]",https://www1.hkexnews.hk/listedco/listconews/sehk/2020/0721/2020072100213.pdf
365,9359564,16/07/2020 16:43,932,SHUNTEN INTL,ANNUAL REPORT 2019/2020,Financial Statements/ESG Information - [Annual Report],5MB,"[<Auditor(350, 9359564, Elite Partners CPA Limited)>]","[<KeyAuditMatter(904, 9359564 Impairment of goodwill and intangible assets)>, <KeyAuditMatter(905, 9359564 Impairment of goodwill and intangible assets (Continued))>, <KeyAuditMatter(906, 9359564 Impairment assessment of trade receivables)>, <KeyAuditMatter(907, 9359564 ECL )>, <KeyAuditMatter(908, 9359564 Impairment assessment of trade receivables (Continued))>]","[<KeyAuditMatterTag(2174, 904, asset)>, <KeyAuditMatterTag(2175, 904, goodwill)>, <KeyAuditMatterTag(2176, 904, impairment)>, <KeyAuditMatterTag(2177, 905, asset)>, <KeyAuditMatterTag(2178, 905, goodwill)>, <KeyAuditMatterTag(2179, 905, impairment)>, <KeyAuditMatterTag(2180, 906, assessment)>, <KeyAuditMatterTag(2181, 906, impairment)>, <KeyAuditMatterTag(2182, 907, ecl)>, <KeyAuditMatterTag(2183, 908, assessment)>, <KeyAuditMatterTag(2184, 908, impairment)>]",https://www1.hkexnews.hk/listedco/listconews/sehk/2020/0716/2020071600560.pdf
442,9337590,01/07/2020 18:13,8296,SINO-LIFE GROUP,Annual Report 2019,Financial Statements/ESG Information - [Annual Report],4MB,"[<Auditor(421, 9337590, Elite Partners CPA Limited)>]","[<KeyAuditMatter(1055, 9337590 Valuation of land and buildings)>]","[<KeyAuditMatterTag(2541, 1055, land)>, <KeyAuditMatterTag(2542, 1055, valuation)>]",https://www1.hkexnews.hk/listedco/listconews/gem/2020/0701/2020070100061.pdf
449,9337306,30/06/2020 22:51,8103,HMVOD,Annual Report 2020,Financial Statements/ESG Information - [Annual Report],2MB,"[<Auditor(428, 9337306, Elite Partners CPA Limited)>]",[],[],https://www1.hkexnews.hk/listedco/listconews/gem/2020/0630/2020063002674.pdf
455,9337012,30/06/2020 21:56,8269,WEALTH GLORY,Annual Report 2020,Financial Statements/ESG Information - [Annual Report],783KB,"[<Auditor(434, 9337012, Elite Partners CPA Limited)>]","[<KeyAuditMatter(1074, 9337012 Impairment assessment of goodwill)>, <KeyAuditMatter(1075, 9337012 Impairment assessment of trade and other receivables, loans receivables and loans to investees)>]","[<KeyAuditMatterTag(2581, 1074, assessment)>, <KeyAuditMatterTag(2582, 1074, goodwill)>, <KeyAuditMatterTag(2583, 1074, impairment)>, <KeyAuditMatterTag(2584, 1075, assessment)>, <KeyAuditMatterTag(2585, 1075, impairment)>]",https://www1.hkexnews.hk/listedco/listconews/gem/2020/0630/2020063002260.pdf
479,9334845,30/06/2020 06:12,8245,ON REAL INT'L,ANNUAL REPORT 2020,Financial Statements/ESG Information - [Annual Report],4MB,"[<Auditor(458, 9334845, Elite Partners CPA Limited)>]","[<KeyAuditMatter(1124, 9334845 IMPAIRMENT ASSESSMENT ON TRADE AND OTHER RECEIVABLES AND LOAN RECEIVABLE)>]","[<KeyAuditMatterTag(2702, 1124, assessment)>, <KeyAuditMatterTag(2703, 1124, impairment)>]",https://www1.hkexnews.hk/listedco/listconews/gem/2020/0630/2020063000069.pdf
487,9334205,29/06/2020 21:04,8217,LUEN WONG GP,ANNUAL REPORT 2020,"Financial Statements/ESG Information - [Annual Report / Environmental, Social and Governance Information/Report]",2MB,"[<Auditor(465, 9334205, Elite Partners CPA Limited)>]","[<KeyAuditMatter(1152, 9334205 Key Audit MatterHow our audit addressed the Key Audit MatterRecognition of construction works)>, <KeyAuditMatter(1153, 9334205 Key Audit MatterHow our audit addressed the Key Audit MatterImpairment assessment of property, plant and equipment)>]","[<KeyAuditMatterTag(2750, 1152, recognition)>, <KeyAuditMatterTag(2751, 1153, assessment)>, <KeyAuditMatterTag(2752, 1153, impairment)>, <KeyAuditMatterTag(2753, 1153, plant and equipment)>, <KeyAuditMatterTag(2754, 1153, property)>]",https://www1.hkexnews.hk/listedco/listconews/gem/2020/0629/2020062901867.pdf
503,9333658,29/06/2020 18:39,8228,NATIONAL ARTS,Annual Report 2019,"Financial Statements/ESG Information - [Annual Report / Environmental, Social and Governance Information/Report]",7MB,"[<Auditor(481, 9333658, Elite Partners CPA Limited)>]","[<KeyAuditMatter(1189, 9333658 Fair value of hotel properties and film studio)>, <KeyAuditMatter(1190, 9333658 Impairment assessment of long-term other receivables)>, <KeyAuditMatter(1191, 9333658 Carrying amounts of right-of-use assets)>]","[<KeyAuditMatterTag(2836, 1189, fair)>, <KeyAuditMatterTag(2837, 1189, film)>, <KeyAuditMatterTag(2838, 1189, properties)>, <KeyAuditMatterTag(2839, 1189, value)>, <KeyAuditMatterTag(2840, 1190, assessment)>, <KeyAuditMatterTag(2841, 1190, impairment)>, <KeyAuditMatterTag(2842, 1191, asset)>, <KeyAuditMatterTag(2843, 1191, right)>]",https://www1.hkexnews.hk/listedco/listconews/gem/2020/0629/2020062901250.pdf
505,9333556,29/06/2020 18:14,8101,EJE HOLDINGS,ANNUAL REPORT 2020,Financial Statements/ESG Information - [Annual Report],1MB,"[<Auditor(483, 9333556, Elite Partners CPA Limited)>]","[<KeyAuditMatter(1193, 9333556 TO THE MEMBERS OFEJE (HONG KONG) HOLDINGS LIMITED(incorporated in Cayman Islands with limited liability))>, <KeyAuditMatter(1194, 9333556 Acquisition of businessRefer to note 42 to the consolidated financial statements)>, <KeyAuditMatter(1195, 9333556 Impairment assessment of goodwill and intangible assetsRefer to notes 18 and 19 to the consolidated financial statements)>, <KeyAuditMatter(1196, 9333556 Valuation of investment propertiesRefer to note 17 to the consolidated financial statements.)>, <KeyAuditMatter(1197, 9333556 Impairment assessment of trade receivablesRefer to notes 22 and 43 to the consolidated financial statements)>]","[<KeyAuditMatterTag(2845, 1193, land)>, <KeyAuditMatterTag(2846, 1194, acquisition)>, <KeyAuditMatterTag(2847, 1195, assessment)>, <KeyAuditMatterTag(2848, 1195, asset)>, <KeyAuditMatterTag(2849, 1195, goodwill)>, <KeyAuditMatterTag(2850, 1195, impairment)>, <KeyAuditMatterTag(2851, 1196, investment)>, <KeyAuditMatterTag(2852, 1196, properties)>, <KeyAuditMatterTag(2853, 1196, valuation)>, <KeyAuditMatterTag(2854, 1197, assessment)>, <KeyAuditMatterTag(2855, 1197, impairment)>]",https://www1.hkexnews.hk/listedco/listconews/gem/2020/0629/2020062901148.pdf
519,9333118,29/06/2020 16:58,8603,FAMEGLOW,ANNUAL REPORT 2019/20,"Financial Statements/ESG Information - [Annual Report / Environmental, Social and Governance Information/Report]",781KB,"[<Auditor(497, 9333118, Elite Partners CPA Limited)>]","[<KeyAuditMatter(1221, 9333118 Revenue recognition in relation to provision of treatment services)>]","[<KeyAuditMatterTag(2906, 1221, provision)>, <KeyAuditMatterTag(2907, 1221, recognition)>, <KeyAuditMatterTag(2908, 1221, revenue)>]",https://www1.hkexnews.hk/listedco/listconews/gem/2020/0629/2020062900710.pdf
531,9332931,29/06/2020 16:33,8062,EFT SOLUTIONS,2020 Annual Report,"Financial Statements/ESG Information - [Annual Report / Environmental, Social and Governance Information/Report]",7MB,"[<Auditor(509, 9332931, Elite Partners CPA Limited)>]","[<KeyAuditMatter(1247, 9332931 Impairment of trade receivables)>]","[<KeyAuditMatterTag(2965, 1247, impairment)>]",https://www1.hkexnews.hk/listedco/listconews/gem/2020/0629/2020062900523.pdf
539,9332333,28/06/2020 18:44,1682,HP LIVING TECH,ANNUAL REPORT 2020,Financial Statements/ESG Information - [Annual Report],5MB,"[<Auditor(517, 9332333, Elite Partners CPA Limited)>]","[<KeyAuditMatter(1273, 9332333 Impairment of trade receivables)>]","[<KeyAuditMatterTag(3022, 1273, impairment)>]",https://www1.hkexnews.hk/listedco/listconews/sehk/2020/0628/2020062800077.pdf
540,9332283,28/06/2020 18:12,433,NORTH MINING,ANNUAL REPORT 2019,"Financial Statements/ESG Information - [Annual Report / Environmental, Social and Governance Information/Report]",2MB,"[<Auditor(518, 9332283, Elite Partners CPA Limited)>]",[],[],https://www1.hkexnews.hk/listedco/listconews/sehk/2020/0628/2020062800025.pdf
569,9327552,23/06/2020 06:07,8175,C DIGITAL CUL,ANNUAL REPORT 2019,"Financial Statements/ESG Information - [Annual Report / Environmental, Social and Governance Information/Report]",10MB,"[<Auditor(544, 9327552, Elite Partners CPA Limited)>]",[],[],https://www1.hkexnews.hk/listedco/listconews/gem/2020/0623/2020062300005.pdf
575,9326095,21/06/2020 18:32,8022,EVERSHINE GP,ANNUAL REPORT 2019,"Financial Statements/ESG Information - [Annual Report / Environmental, Social and Governance Information/Report]",3MB,"[<Auditor(550, 9326095, Elite Partners CPA Limited)>]","[<KeyAuditMatter(1324, 9326095 Fair value of investment properties)>, <KeyAuditMatter(1325, 9326095 Impairment assessment of intangible assets in relation to cemetery segment)>, <KeyAuditMatter(1326, 9326095 the higher value-in-use and fair value less costs of disposal. The )>]","[<KeyAuditMatterTag(3136, 1324, fair)>, <KeyAuditMatterTag(3137, 1324, investment)>, <KeyAuditMatterTag(3138, 1324, properties)>, <KeyAuditMatterTag(3139, 1324, value)>, <KeyAuditMatterTag(3140, 1325, assessment)>, <KeyAuditMatterTag(3141, 1325, asset)>, <KeyAuditMatterTag(3142, 1325, impairment)>, <KeyAuditMatterTag(3143, 1326, fair)>, <KeyAuditMatterTag(3144, 1326, value)>]",https://www1.hkexnews.hk/listedco/listconews/gem/2020/0621/2020062100109.pdf
619,9288184,21/05/2020 16:30,1020,CYBERNAUT INT'L,ANNUAL REPORT 2019,"Financial Statements/ESG Information - [Annual Report / Environmental, Social and Governance Information/Report]",3MB,"[<Auditor(594, 9288184, Elite Partners CPA Limited)>]","[<KeyAuditMatter(1407, 9288184 Impairment assessment of goodwill and intangible assets)>, <KeyAuditMatter(1408, 9288184 Impairment assessment of trade receivables)>, <KeyAuditMatter(1409, 9288184 Impairment assessment of loan receivables)>]","[<KeyAuditMatterTag(3375, 1407, assessment)>, <KeyAuditMatterTag(3376, 1407, asset)>, <KeyAuditMatterTag(3377, 1407, goodwill)>, <KeyAuditMatterTag(3378, 1407, impairment)>, <KeyAuditMatterTag(3379, 1408, assessment)>, <KeyAuditMatterTag(3380, 1408, impairment)>, <KeyAuditMatterTag(3381, 1409, assessment)>, <KeyAuditMatterTag(3382, 1409, impairment)>]",https://www1.hkexnews.hk/listedco/listconews/sehk/2020/0521/2020052100281.pdf
628,9282446,15/05/2020 17:25,8045,NANDASOFT,ANNUAL REPORT 2019,Financial Statements/ESG Information - [Annual Report],8MB,"[<Auditor(602, 9282446, Elite Partners CPA Limited)>]","[<KeyAuditMatter(1429, 9282446 1 Valuation on investment properties)>, <KeyAuditMatter(1430, 9282446 2 Impairment assessment on trade receivables)>]","[<KeyAuditMatterTag(3432, 1429, investment)>, <KeyAuditMatterTag(3433, 1429, properties)>, <KeyAuditMatterTag(3434, 1429, valuation)>, <KeyAuditMatterTag(3435, 1430, assessment)>, <KeyAuditMatterTag(3436, 1430, impairment)>]",https://www1.hkexnews.hk/listedco/listconews/gem/2020/0515/2020051501101.pdf
644,9281986,15/05/2020 16:38,1225,LERADO FIN,2019 Annual Report,Financial Statements/ESG Information - [Annual Report],1MB,"[<Auditor(618, 9281986, Elite Partners CPA Limited)>]","[<KeyAuditMatter(1472, 9281986 Impairment assessment of goodwill)>, <KeyAuditMatter(1473, 9281986 Impairment assessment under expected credit loss (ECL) of HKFRS 9 for loan receivables and trade receivables)>]","[<KeyAuditMatterTag(3526, 1472, assessment)>, <KeyAuditMatterTag(3527, 1472, goodwill)>, <KeyAuditMatterTag(3528, 1472, impairment)>, <KeyAuditMatterTag(3529, 1473, assessment)>, <KeyAuditMatterTag(3530, 1473, ecl)>, <KeyAuditMatterTag(3531, 1473, expected credit loss)>, <KeyAuditMatterTag(3532, 1473, impairment)>]",https://www1.hkexnews.hk/listedco/listconews/sehk/2020/0515/2020051500651.pdf
648,9281889,15/05/2020 16:31,7,HK FINANCE INV,Annual Report 2019,Financial Statements/ESG Information - [Annual Report],3MB,"[<Auditor(622, 9281889, Elite Partners CPA Limited)>]","[<KeyAuditMatter(1486, 9281889 Valuation of investment properties)>, <KeyAuditMatter(1487, 9281889 HONG KONG FINANCE INVESTMENT HOLDING GROUP LIMITED  (cid:127)  )>, <KeyAuditMatter(1488, 9281889 Assessment of the net realisable values of properties for sale)>]","[<KeyAuditMatterTag(3558, 1486, investment)>, <KeyAuditMatterTag(3559, 1486, properties)>, <KeyAuditMatterTag(3560, 1486, valuation)>, <KeyAuditMatterTag(3561, 1487, investment)>, <KeyAuditMatterTag(3562, 1488, assessment)>, <KeyAuditMatterTag(3563, 1488, net realisable value)>, <KeyAuditMatterTag(3564, 1488, properties)>, <KeyAuditMatterTag(3565, 1488, value)>, <KeyAuditMatterTag(3566, 1488, values)>]",https://www1.hkexnews.hk/listedco/listconews/sehk/2020/0515/2020051500554.pdf
682,9280692,14/05/2020 19:28,8163,MERDEKA FIN,ANNUAL REPORT 2019,"Financial Statements/ESG Information - [Annual Report / Environmental, Social and Governance Information/Report]",4MB,"[<Auditor(655, 9280692, Elite Partners CPA Limited)>]","[<KeyAuditMatter(1588, 9280692 Allowance for impairment assessment of trade receivables, finance lease receivables and other receivables)>, <KeyAuditMatter(1589, 9280692 ECL)>]","[<KeyAuditMatterTag(3760, 1588, assessment)>, <KeyAuditMatterTag(3761, 1588, impairment)>, <KeyAuditMatterTag(3762, 1589, ecl)>]",https://www1.hkexnews.hk/listedco/listconews/gem/2020/0514/2020051401651.pdf
719,9279620,14/05/2020 16:38,1380,CHI KINGSTONE,Annual Report 2019,"Financial Statements/ESG Information - [Annual Report / Environmental, Social and Governance Information/Report]",4MB,"[<Auditor(692, 9279620, Elite Partners CPA Limited)>]","[<KeyAuditMatter(1662, 9279620 Impairment assessment of property, plant and equipment, right-of-use assets and intangible assets)>, <KeyAuditMatter(1663, 9279620 Impairment assessment of the trade receivables)>]","[<KeyAuditMatterTag(3945, 1662, assessment)>, <KeyAuditMatterTag(3946, 1662, asset)>, <KeyAuditMatterTag(3947, 1662, impairment)>, <KeyAuditMatterTag(3948, 1662, plant and equipment)>, <KeyAuditMatterTag(3949, 1662, property)>, <KeyAuditMatterTag(3950, 1662, right)>, <KeyAuditMatterTag(3951, 1663, assessment)>, <KeyAuditMatterTag(3952, 1663, impairment)>]",https://www1.hkexnews.hk/listedco/listconews/sehk/2020/0514/2020051400589.pdf
771,9481367,22/10/2020 17:16,682,CHAODA MODERN,ANNUAL REPORT 2019/2020,"Financial Statements/ESG Information - [Annual Report / Environmental, Social and Governance Information/Report]",2MB,"[<Auditor(741, 9481367, Elite Partners CPA Limited)>]","[<KeyAuditMatter(1797, 9481367 Key audit mattersHow the matters were addressed in our auditImpairment assessment of property, plant and equipment, land use rights and long-term prepaid rentals under right-of-use assets and investment properties)>, <KeyAuditMatter(1798, 9481367 Assessment of expected credit losses (ECL) on trade and other receivables, deposits and prepayments)>]","[<KeyAuditMatterTag(4267, 1797, assessment)>, <KeyAuditMatterTag(4268, 1797, asset)>, <KeyAuditMatterTag(4269, 1797, impairment)>, <KeyAuditMatterTag(4270, 1797, investment)>, <KeyAuditMatterTag(4271, 1797, land)>, <KeyAuditMatterTag(4272, 1797, plant and equipment)>, <KeyAuditMatterTag(4273, 1797, properties)>, <KeyAuditMatterTag(4274, 1797, property)>, <KeyAuditMatterTag(4275, 1797, right)>, <KeyAuditMatterTag(4276, 1798, assessment)>, <KeyAuditMatterTag(4277, 1798, ecl)>, <KeyAuditMatterTag(4278, 1798, expected credit loss)>]",https://www1.hkexnews.hk/listedco/listconews/sehk/2020/1022/2020102200509.pdf
916,9257939,29/04/2020 06:00,8331,HANGKAN GROUP,ANNUAL REPORT 2019,"Financial Statements/ESG Information - [Annual Report / Environmental, Social and Governance Information/Report]",1MB,"[<Auditor(871, 9257939, Elite Partners CPA Limited)>]","[<KeyAuditMatter(2065, 9257939 Impairment assessment of property, plant and equipment, right-of-use assets and intangible asset)>]","[<KeyAuditMatterTag(4896, 2065, assessment)>, <KeyAuditMatterTag(4897, 2065, asset)>, <KeyAuditMatterTag(4898, 2065, impairment)>, <KeyAuditMatterTag(4899, 2065, plant and equipment)>, <KeyAuditMatterTag(4900, 2065, property)>, <KeyAuditMatterTag(4901, 2065, right)>]",https://www1.hkexnews.hk/listedco/listconews/gem/2020/0429/2020042900001.pdf
944,9257033,28/04/2020 19:01,1027,CHINA JICHENG,ANNUAL REPORT 2019,"Financial Statements/ESG Information - [Annual Report / Environmental, Social and Governance Information/Report]",2MB,"[<Auditor(898, 9257033, Elite Partners CPA Limited)>]","[<KeyAuditMatter(2115, 9257033 Business combination)>, <KeyAuditMatter(2116, 9257033 Fair value measurement on contingent consideration receivables)>]","[<KeyAuditMatterTag(5006, 2115, business combination)>, <KeyAuditMatterTag(5007, 2116, fair)>, <KeyAuditMatterTag(5008, 2116, measurement)>, <KeyAuditMatterTag(5009, 2116, value)>]",https://www1.hkexnews.hk/listedco/listconews/sehk/2020/0428/2020042802679.pdf
1383,9249628,24/04/2020 16:53,913,UNITY INV HOLD,Annual Report 2019,"Financial Statements/ESG Information - [Annual Report / Environmental, Social and Governance Information/Report]",1MB,"[<Auditor(1327, 9249628, Elite Partners CPA Limited)>]","[<KeyAuditMatter(3143, 9249628 i) i) Fair value measurement of equity investment at fair value through profit or lossKey audit matter)>, <KeyAuditMatter(3144, 9249628 KEY AUDIT MATTERS i) i) Fair value measurement of equity investment at fair value through profit or loss Key audit matter )>, <KeyAuditMatter(3145, 9249628 Valuer)>]","[<KeyAuditMatterTag(7424, 3143, fair)>, <KeyAuditMatterTag(7425, 3143, investment)>, <KeyAuditMatterTag(7426, 3143, measurement)>, <KeyAuditMatterTag(7427, 3143, value)>, <KeyAuditMatterTag(7428, 3144, fair)>, <KeyAuditMatterTag(7429, 3144, investment)>, <KeyAuditMatterTag(7430, 3144, measurement)>, <KeyAuditMatterTag(7431, 3144, value)>, <KeyAuditMatterTag(7432, 3145, value)>]",https://www1.hkexnews.hk/listedco/listconews/sehk/2020/0424/2020042401064.pdf
1568,9246657,23/04/2020 16:33,630,AMCO UNITED,Annual Report 2019,"Financial Statements/ESG Information - [Annual Report / Environmental, Social and Governance Information/Report]",2MB,"[<Auditor(1504, 9246657, Elite Partners CPA Limited)>]","[<KeyAuditMatter(3541, 9246657 Impairment assessment of goodwill and intangible assets)>, <KeyAuditMatter(3542, 9246657 Impairment assessment of goodwill and intangible assets (continued))>, <KeyAuditMatter(3543, 9246657 Impairment of loan receivables)>, <KeyAuditMatter(3544, 9246657 Impairment of loan receivables (continued))>]","[<KeyAuditMatterTag(8321, 3541, assessment)>, <KeyAuditMatterTag(8322, 3541, asset)>, <KeyAuditMatterTag(8323, 3541, goodwill)>, <KeyAuditMatterTag(8324, 3541, impairment)>, <KeyAuditMatterTag(8325, 3542, assessment)>, <KeyAuditMatterTag(8326, 3542, asset)>, <KeyAuditMatterTag(8327, 3542, goodwill)>, <KeyAuditMatterTag(8328, 3542, impairment)>, <KeyAuditMatterTag(8329, 3543, impairment)>, <KeyAuditMatterTag(8330, 3544, impairment)>]",https://www1.hkexnews.hk/listedco/listconews/sehk/2020/0423/2020042300464.pdf
1884,9237724,16/04/2020 17:28,189,DONGYUE GROUP,2019 Annual Report,Financial Statements/ESG Information - [Annual Report],6MB,"[<Auditor(1811, 9237724, Elite Partners CPA Limited)>]","[<KeyAuditMatter(4243, 9237724 Impairment assessment of trade receivables)>, <KeyAuditMatter(4244, 9237724 Fair value of equity investments at fair value  through other comprehensive income)>]","[<KeyAuditMatterTag(9957, 4243, assessment)>, <KeyAuditMatterTag(9958, 4243, impairment)>, <KeyAuditMatterTag(9959, 4244, fair)>, <KeyAuditMatterTag(9960, 4244, income)>, <KeyAuditMatterTag(9961, 4244, investment)>, <KeyAuditMatterTag(9962, 4244, value)>]",https://www1.hkexnews.hk/listedco/listconews/sehk/2020/0416/2020041600855.pdf
2047,9229649,08/04/2020 16:33,8006,SINO SPLENDID,Annual Report 2019,Financial Statements/ESG Information - [Annual Report],3MB,"[<Auditor(1967, 9229649, Elite Partners CPA Limited)>]","[<KeyAuditMatter(4572, 9229649 Impairment assessment on the accounts receivable)>, <KeyAuditMatter(4573, 9229649 Provision for taxation in relation to Tax Affairs)>]","[<KeyAuditMatterTag(10743, 4572, assessment)>, <KeyAuditMatterTag(10744, 4572, impairment)>, <KeyAuditMatterTag(10745, 4573, fair)>, <KeyAuditMatterTag(10746, 4573, provision)>, <KeyAuditMatterTag(10747, 4573, tax)>]",https://www1.hkexnews.hk/listedco/listconews/gem/2020/0408/2020040800285.pdf
2126,9217428,01/04/2020 09:18,8291,WAN CHENG METAL,Annual Report 2019,Financial Statements/ESG Information - [Annual Report],996KB,"[<Auditor(2042, 9217428, Elite Partners CPA Limited)>]","[<KeyAuditMatter(4753, 9217428 Assessment of recoverability of the trade receivables)>, <KeyAuditMatter(4754, 9217428 Revaluation and reclassification of building held for own use and right-of-use assets)>]","[<KeyAuditMatterTag(11152, 4753, assessment)>, <KeyAuditMatterTag(11153, 4753, recoverability)>, <KeyAuditMatterTag(11154, 4754, asset)>, <KeyAuditMatterTag(11155, 4754, ecl)>, <KeyAuditMatterTag(11156, 4754, right)>, <KeyAuditMatterTag(11157, 4754, valuation)>]",https://www1.hkexnews.hk/listedco/listconews/gem/2020/0401/2020040100297.pdf
2158,9213173,31/03/2020 16:30,8292,WORLDGATEGLOBAL,ANNUAL REPORT 2019,Financial Statements/ESG Information - [Annual Report],1MB,"[<Auditor(2072, 9213173, Elite Partners CPA Limited)>]","[<KeyAuditMatter(4823, 9213173 TO THE SHAREHOLDERS OF WORLDGATE GLOBAL LOGISTICS LTD(incorporated in Cayman Islands with limited liability))>]","[<KeyAuditMatterTag(11311, 4823, land)>]",https://www1.hkexnews.hk/listedco/listconews/gem/2020/0331/2020033100803.pdf
2271,9204621,26/03/2020 19:02,8179,FOOD IDEA,ANNUAL REPORT 2019,Financial Statements/ESG Information - [Annual Report],2MB,"[<Auditor(2183, 9204621, Elite Partners CPA Limited)>]","[<KeyAuditMatter(5071, 9204621 Business combinations and Impairment assessment of goodwill)>]","[<KeyAuditMatterTag(11821, 5071, assessment)>, <KeyAuditMatterTag(11822, 5071, business combination)>, <KeyAuditMatterTag(11823, 5071, goodwill)>, <KeyAuditMatterTag(11824, 5071, impairment)>]",https://www1.hkexnews.hk/listedco/listconews/gem/2020/0326/2020032601124.pdf
2281,9204083,26/03/2020 16:31,8215,FIRST CREDIT,Annual Report 2019,"Financial Statements/ESG Information - [Annual Report / Environmental, Social and Governance Information/Report]",6MB,"[<Auditor(2193, 9204083, Elite Partners CPA Limited)>]","[<KeyAuditMatter(5092, 9204083 Impairment of loans receivable from customers)>, <KeyAuditMatter(5093, 9204083 ECL)>]","[<KeyAuditMatterTag(11868, 5092, impairment)>, <KeyAuditMatterTag(11869, 5093, ecl)>]",https://www1.hkexnews.hk/listedco/listconews/gem/2020/0326/2020032600588.pdf
2408,9050865,31/10/2019 06:25,8202,INNO-TECH HOLD,Annual Report 2018/19,Financial Statements/ESG Information - [Annual Report],7MB,"[<Auditor(2310, 9050865, Elite Partners CPA Limited)>]",[],[],https://www1.hkexnews.hk/listedco/listconews/gem/2019/1031/2019103100067.pdf
2413,3620978,30/10/2019 16:45,362,XINYANG MAOJIAN,ANNUAL REPORT 2019,Financial Statements/ESG Information - [Annual Report],3507KB,"[<Auditor(2315, 3620978, Elite Partners CPA Limited)>]","[<KeyAuditMatter(5358, 3620978 1.Valuation of buildings1. )>, <KeyAuditMatter(5359, 3620978 2.Acquisition of subsidiaries2.  )>, <KeyAuditMatter(5360, 3620978 3.Impairment assessment of trade receivables3. )>]","[<KeyAuditMatterTag(12474, 5358, valuation)>, <KeyAuditMatterTag(12475, 5359, acquisition)>, <KeyAuditMatterTag(12476, 5360, assessment)>, <KeyAuditMatterTag(12477, 5360, impairment)>]",https://www1.hkexnews.hk/listedco/listconews/sehk/2019/1030/ltn20191030057.pdf
2431,3620138,25/10/2019 16:45,565,ART GROUP HOLD,2019 ANNUAL REPORT,"Financial Statements/ESG Information - [Annual Report / Environmental, Social and Governance Information/Report]",1435KB,"[<Auditor(2333, 3620138, Elite Partners CPA Limited)>]","[<KeyAuditMatter(5397, 3620138 Fair value measurement of investment Our major procedures to address the fair value propertiesmeasurement of investment properties included the following:)>]","[<KeyAuditMatterTag(12544, 5397, fair)>, <KeyAuditMatterTag(12545, 5397, investment)>, <KeyAuditMatterTag(12546, 5397, measurement)>, <KeyAuditMatterTag(12547, 5397, properties)>, <KeyAuditMatterTag(12548, 5397, value)>]",https://www1.hkexnews.hk/listedco/listconews/sehk/2019/1025/ltn20191025071.pdf
2434,3619944,24/10/2019 17:45,682,CHAODA MODERN,ANNUAL REPORT 2018/2019,Financial Statements/ESG Information - [Annual Report],2836KB,"[<Auditor(2336, 3619944, Elite Partners CPA Limited)>]","[<KeyAuditMatter(5407, 3619944 Impairment assessment of property, plant and equipment, prepaid premium for land leases and investment properties)>, <KeyAuditMatter(5408, 3619944 Assessment of expected credit losses (ECL) on trade receivables)>]","[<KeyAuditMatterTag(12574, 5407, assessment)>, <KeyAuditMatterTag(12575, 5407, impairment)>, <KeyAuditMatterTag(12576, 5407, investment)>, <KeyAuditMatterTag(12577, 5407, land)>, <KeyAuditMatterTag(12578, 5407, plant and equipment)>, <KeyAuditMatterTag(12579, 5407, properties)>, <KeyAuditMatterTag(12580, 5407, property)>, <KeyAuditMatterTag(12581, 5408, assessment)>, <KeyAuditMatterTag(12582, 5408, ecl)>, <KeyAuditMatterTag(12583, 5408, expected credit loss)>]",https://www1.hkexnews.hk/listedco/listconews/sehk/2019/1024/ltn20191024125.pdf
2441,9482444,23/10/2020 16:34,565,ART GROUP HOLD,2020 ANNUAL REPORT,"Financial Statements/ESG Information - [Annual Report / Environmental, Social and Governance Information/Report]",1MB,"[<Auditor(2343, 9482444, Elite Partners CPA Limited)>]","[<KeyAuditMatter(5433, 9482444 Fair value measurement of investment Our major procedures to address the valuation of propertiesinvestment properties included the following:)>]","[<KeyAuditMatterTag(12655, 5433, fair)>, <KeyAuditMatterTag(12656, 5433, investment)>, <KeyAuditMatterTag(12657, 5433, measurement)>, <KeyAuditMatterTag(12658, 5433, properties)>, <KeyAuditMatterTag(12659, 5433, valuation)>, <KeyAuditMatterTag(12660, 5433, value)>]",https://www1.hkexnews.hk/listedco/listconews/sehk/2020/1023/2020102300360.pdf
2455,9283696,15/05/2020 22:58,205,SEEC MEDIA,ANNUAL REPORT 2019,Financial Statements/ESG Information - [Annual Report],1MB,"[<Auditor(2356, 9283696, Elite Partners CPA Limited)>]","[<KeyAuditMatter(5472, 9283696 Key audit matterHow the matter was addressed in our auditImpairment assessment of goodwill)>, <KeyAuditMatter(5473, 9283696 Impairment assessment of financial assets at amortised cost)>]","[<KeyAuditMatterTag(12728, 5472, assessment)>, <KeyAuditMatterTag(12729, 5472, goodwill)>, <KeyAuditMatterTag(12730, 5472, impairment)>, <KeyAuditMatterTag(12731, 5473, assessment)>, <KeyAuditMatterTag(12732, 5473, asset)>, <KeyAuditMatterTag(12733, 5473, financial asset)>, <KeyAuditMatterTag(12734, 5473, impairment)>]",https://www1.hkexnews.hk/listedco/listconews/sehk/2020/0515/2020051502383.pdf
637,9282129,15/05/2020 16:46,2399,FORDOO,2019 Annual Report,"Financial Statements/ESG Information - [Annual Report / Environmental, Social and Governance Information/Report]",9MB,"[<Auditor(611, 9282129, elite partners Cpa limited)>]","[<KeyAuditMatter(1451, 9282129 Impairment assessment of construction in progress)>, <KeyAuditMatter(1452, 9282129 assessment of construction in progress included the following:the construction of a commercial centre located in Huian,  We discussed with management as to whether there was any indicator of impairment.recognised impairment loss of construction in progress of )>, <KeyAuditMatter(1453, 9282129 Company.For the purpose of impairment assessment of construction in )>, <KeyAuditMatter(1454, 9282129 at a fair comparison of market values to see whether the We had identified impairment of construction in progress as a )>, <KeyAuditMatter(1455, 9282129 Impairment assessment of goodwill and intangible assets)>, <KeyAuditMatter(1456, 9282129  We discussed with management as to whether there was any indicator of impairment.For the purpose of the impairment assessment of goodwill and )>, <KeyAuditMatter(1457, 9282129  We discussed with management and independent We had identified impairment assessment of goodwill and )>, <KeyAuditMatter(1458, 9282129 was material and significant management judgement was at the forecasts (e.g. estimated sales growth rate and required to determine the key assumptions including estimated discount rate etc.) to see whether the methodology and future income, operating margins and discount rate, etc.)>, <KeyAuditMatter(1459, 9282129 Impairment of trade receivables)>, <KeyAuditMatter(1460, 9282129  We tested the design and implementation of the relevant key controls over the assessment and monitoring of Management judgment is required in assessing and )>, <KeyAuditMatter(1461, 9282129  We discussed with management and evaluated the ECL )>, <KeyAuditMatter(1462, 9282129  We assessed whether the time value of money was )>]","[<KeyAuditMatterTag(3481, 1451, assessment)>, <KeyAuditMatterTag(3482, 1451, impairment)>, <KeyAuditMatterTag(3483, 1452, assessment)>, <KeyAuditMatterTag(3484, 1452, impairment)>, <KeyAuditMatterTag(3485, 1452, indicator)>, <KeyAuditMatterTag(3486, 1453, assessment)>, <KeyAuditMatterTag(3487, 1453, impairment)>, <KeyAuditMatterTag(3488, 1454, fair)>, <KeyAuditMatterTag(3489, 1454, impairment)>, <KeyAuditMatterTag(3490, 1454, value)>, <KeyAuditMatterTag(3491, 1454, values)>, <KeyAuditMatterTag(3492, 1455, assessment)>, <KeyAuditMatterTag(3493, 1455, asset)>, <KeyAuditMatterTag(3494, 1455, goodwill)>, <KeyAuditMatterTag(3495, 1455, impairment)>, <KeyAuditMatterTag(3496, 1456, assessment)>, <KeyAuditMatterTag(3497, 1456, goodwill)>, <KeyAuditMatterTag(3498, 1456, impairment)>, <KeyAuditMatterTag(3499, 1456, indicator)>, <KeyAuditMatterTag(3500, 1457, assessment)>, <KeyAuditMatterTag(3501, 1457, goodwill)>, <KeyAuditMatterTag(3502, 1457, impairment)>, <KeyAuditMatterTag(3503, 1458, income)>, <KeyAuditMatterTag(3504, 1459, impairment)>, <KeyAuditMatterTag(3505, 1460, assessment)>, <KeyAuditMatterTag(3506, 1461, ecl)>, <KeyAuditMatterTag(3507, 1462, value)>]",https://www1.hkexnews.hk/listedco/listconews/sehk/2020/0515/2020051500792.pdf
