id,news_id,date_time,stock_code,stock_name,title,long_text,file_info,audit_firms,kams,kam_tags,file_link
2041,9229757,08/04/2020 16:47,1476,HENGTOU SEC,2019 Annual Report,Financial Statements/ESG Information - [Annual Report],1MB,"[<Auditor(1961, 9229757, Grant Thornton Hong Kong Limit)>]",[],[],https://www1.hkexnews.hk/listedco/listconews/sehk/2020/0408/2020040800393.pdf
1,9480421,21/10/2020 17:32,131,CHEUK NANG HOLD,2020 Annual Report,Financial Statements/ESG Information - [Annual Report],3MB,"[<Auditor(1, 9480421, Grant Thornton Hong Kong Limited)>]",[],[],https://www1.hkexnews.hk/listedco/listconews/sehk/2020/1021/2020102100609.pdf
116,9377764,31/07/2020 17:02,1796,YIELD GO HLDGS,ANNUAL REPORT 2020,"Financial Statements/ESG Information - [Annual Report / Environmental, Social and Governance Information/Report]",1MB,"[<Auditor(106, 9377764, Grant Thornton Hong Kong Limited)>]","[<KeyAuditMatter(209, 9377764 Accounting for contract revenue)>]","[<KeyAuditMatterTag(496, 209, revenue)>]",https://www1.hkexnews.hk/listedco/listconews/sehk/2020/0731/2020073100624.pdf
195,9373919,29/07/2020 16:42,1709,DL HOLDINGS GP,ANNUAL REPORT 2019/2020,Financial Statements/ESG Information - [Annual Report],5MB,"[<Auditor(185, 9373919, Grant Thornton Hong Kong Limited)>]","[<KeyAuditMatter(412, 9373919 Key Audit MattersHow the matter was addressed in our auditImpairment assessment of receivables)>, <KeyAuditMatter(413, 9373919 	reviewing	the	Groups	procedures	on	credit	policy	given	to	ECL)>, <KeyAuditMatter(414, 9373919 	assessing	the	reasonableness	of	managements	ECL	)>, <KeyAuditMatter(415, 9373919 Key Audit MattersHow the matter was addressed in our auditImpairment assessment of receivables (Continued))>, <KeyAuditMatter(416, 9373919 	limiting	concentrations	of	exposure	by	type	of	asset,	)>, <KeyAuditMatter(417, 9373919 	on	a	sample	basis,	tested	the	values	of	collaterals	including	)>, <KeyAuditMatter(418, 9373919 	assessing	the	appropriateness	of	the	ECL	calculation	by	)>, <KeyAuditMatter(419, 9373919 Key Audit MattersHow the matter was addressed in our auditValuation of share options)>, <KeyAuditMatter(420, 9373919 	evaluating	the	external	valuers	competence,	capabilities	)>, <KeyAuditMatter(421, 9373919 Key Audit MattersHow the matter was addressed in our auditValuation of goodwill and intangible assets)>, <KeyAuditMatter(422, 9373919 DL SecuritiesDA Finance	evaluating	managements	assessment	of	the	acquisition	)>, <KeyAuditMatter(423, 9373919 	assessing	the	competency,	capability	and	objectivity	of	the		Identification	of	intangible	assets;)>, <KeyAuditMatter(424, 9373919 	Valuation	of	tangible	and	intangible	assets	(including	)>, <KeyAuditMatter(425, 9373919 	evaluating	managements	assessment	of	contingent	)>]","[<KeyAuditMatterTag(995, 412, assessment)>, <KeyAuditMatterTag(996, 412, impairment)>, <KeyAuditMatterTag(997, 413, ecl)>, <KeyAuditMatterTag(998, 414, ecl)>, <KeyAuditMatterTag(999, 415, assessment)>, <KeyAuditMatterTag(1000, 415, impairment)>, <KeyAuditMatterTag(1001, 416, asset)>, <KeyAuditMatterTag(1002, 417, value)>, <KeyAuditMatterTag(1003, 417, values)>, <KeyAuditMatterTag(1004, 418, ecl)>, <KeyAuditMatterTag(1005, 419, valuation)>, <KeyAuditMatterTag(1006, 420, value)>, <KeyAuditMatterTag(1007, 421, asset)>, <KeyAuditMatterTag(1008, 421, goodwill)>, <KeyAuditMatterTag(1009, 421, valuation)>, <KeyAuditMatterTag(1010, 422, acquisition)>, <KeyAuditMatterTag(1011, 422, assessment)>, <KeyAuditMatterTag(1012, 423, asset)>, <KeyAuditMatterTag(1013, 424, asset)>, <KeyAuditMatterTag(1014, 424, valuation)>, <KeyAuditMatterTag(1015, 425, assessment)>]",https://www1.hkexnews.hk/listedco/listconews/sehk/2020/0729/2020072900408.pdf
200,9373857,29/07/2020 16:33,211,STYLAND HOLD,Annual Report 2019/2020,"Financial Statements/ESG Information - [Annual Report / Environmental, Social and Governance Information/Report]",6MB,"[<Auditor(190, 9373857, Grant Thornton Hong Kong Limited)>]","[<KeyAuditMatter(442, 9373857 To the members of Styland Holdings Limited)>, <KeyAuditMatter(443, 9373857 Independent Auditors ReportStyland Holdings Limited)>, <KeyAuditMatter(444, 9373857 Expected credit losses (ECL) allowance for loan receivables and accounts receivableRefer to note 18 and note 19 to the consolidated financial statements and the critical judgment in applying the Groups accounting policies in note 4.2)>, <KeyAuditMatter(445, 9373857 Valuation of investment propertiesRefer to note 15 to the consolidated financial statements and the key sources of estimation uncertainty in note 4.1)>, <KeyAuditMatter(446, 9373857 Valuers)>]","[<KeyAuditMatterTag(1050, 442, land)>, <KeyAuditMatterTag(1051, 443, land)>, <KeyAuditMatterTag(1052, 444, ecl)>, <KeyAuditMatterTag(1053, 444, expected credit loss)>, <KeyAuditMatterTag(1054, 445, estimation)>, <KeyAuditMatterTag(1055, 445, investment)>, <KeyAuditMatterTag(1056, 445, properties)>, <KeyAuditMatterTag(1057, 445, valuation)>, <KeyAuditMatterTag(1058, 446, value)>]",https://www1.hkexnews.hk/listedco/listconews/sehk/2020/0729/2020072900348.pdf
254,9369592,24/07/2020 16:48,252,SE ASIA PPT,ANNUAL REPORT 2019/20,Financial Statements/ESG Information - [Annual Report],3MB,"[<Auditor(243, 9369592, Grant Thornton Hong Kong Limited)>]","[<KeyAuditMatter(602, 9369592 Valuation of investment propertiesRefer to notes 2.6, 4.1 and 19 to the consolidated financial statements)>, <KeyAuditMatter(603, 9369592 Provision of expected credit losses (ECL) of trade and other receivablesRefer to notes 2.9, 4.1 and 25 to the consolidated financial statements)>]","[<KeyAuditMatterTag(1441, 602, investment)>, <KeyAuditMatterTag(1442, 602, properties)>, <KeyAuditMatterTag(1443, 602, valuation)>, <KeyAuditMatterTag(1444, 603, ecl)>, <KeyAuditMatterTag(1445, 603, expected credit loss)>, <KeyAuditMatterTag(1446, 603, provision)>]",https://www1.hkexnews.hk/listedco/listconews/sehk/2020/0724/2020072400597.pdf
281,9367640,23/07/2020 16:36,290,C FORTUNE FIN,ANNUAL REPORT 2020,"Financial Statements/ESG Information - [Annual Report / Environmental, Social and Governance Information/Report]",5MB,"[<Auditor(267, 9367640, Grant Thornton Hong Kong Limited)>]","[<KeyAuditMatter(666, 9367640 Expected credit losses on loan and trade receivables)>, <KeyAuditMatter(667, 9367640 Refer to note 21 to the consolidated financial statements and the key sources of estimation uncertainty in note 4)>, <KeyAuditMatter(668, 9367640 Expected credit losses on loan and trade receivables (Continued))>, <KeyAuditMatter(669, 9367640 Refer to note 21 to the consolidated financial statements and the key sources of estimation uncertainty in note 4  (Continued))>, <KeyAuditMatter(670, 9367640 Revenue recognition of sponsor services income and recognition of contract assets and contract liabilities  in relation to sponsor services income arising from corporate finance services)>, <KeyAuditMatter(671, 9367640 Revenue recognition of sponsor services income and recognition of contract assets and contract liabilities  in relation to sponsor services income arising from corporate finance services (Continued))>]","[<KeyAuditMatterTag(1595, 666, expected credit loss)>, <KeyAuditMatterTag(1596, 667, estimation)>, <KeyAuditMatterTag(1597, 668, expected credit loss)>, <KeyAuditMatterTag(1598, 669, estimation)>, <KeyAuditMatterTag(1599, 670, asset)>, <KeyAuditMatterTag(1600, 670, income)>, <KeyAuditMatterTag(1601, 670, recognition)>, <KeyAuditMatterTag(1602, 670, revenue)>, <KeyAuditMatterTag(1603, 671, asset)>, <KeyAuditMatterTag(1604, 671, income)>, <KeyAuditMatterTag(1605, 671, recognition)>, <KeyAuditMatterTag(1606, 671, revenue)>]",https://www1.hkexnews.hk/listedco/listconews/sehk/2020/0723/2020072300444.pdf
339,9361153,17/07/2020 17:13,1757,AFFLUENT FDN,ANNUAL REPORT 2019/20,Financial Statements/ESG Information - [Annual Report],3MB,"[<Auditor(324, 9361153, Grant Thornton Hong Kong Limited)>]","[<KeyAuditMatter(840, 9361153 To the members of Affluent Foundation Holdings Limited(incorporated in the Cayman Islands with limited liability))>, <KeyAuditMatter(841, 9361153 Accounting for construction contracts)>, <KeyAuditMatter(842, 9361153 Estimation of expected credit losses on trade and other receivables and contract assets)>, <KeyAuditMatter(843, 9361153 amounted to HK$36,395,000 and HK$109,159,000 respectively (net of expected credit losses (ECL) of HK$1,629,000 and HK$15,947,000 respectively).)>, <KeyAuditMatter(844, 9361153 We identified the ECL measurement on trade and )>, <KeyAuditMatter(845, 9361153 the collective assessment. We also evaluated )>, <KeyAuditMatter(846, 9361153 and fair view in accordance with HKFRSs issued by the HKICPA and the disclosure requirements of the Hong )>, <KeyAuditMatter(847, 9361153 the key audit matters. We describe these matters in our auditors report unless law or regulation precludes )>]","[<KeyAuditMatterTag(2040, 840, land)>, <KeyAuditMatterTag(2041, 841, contracts)>, <KeyAuditMatterTag(2042, 842, asset)>, <KeyAuditMatterTag(2043, 842, estimation)>, <KeyAuditMatterTag(2044, 842, expected credit loss)>, <KeyAuditMatterTag(2045, 843, ecl)>, <KeyAuditMatterTag(2046, 843, expected credit loss)>, <KeyAuditMatterTag(2047, 844, ecl)>, <KeyAuditMatterTag(2048, 844, measurement)>, <KeyAuditMatterTag(2049, 845, assessment)>, <KeyAuditMatterTag(2050, 846, fair)>, <KeyAuditMatterTag(2051, 847, ecl)>]",https://www1.hkexnews.hk/listedco/listconews/sehk/2020/0717/2020071700726.pdf
341,9361064,17/07/2020 16:59,77,AMS TRANSPORT,ANNUAL REPORT 2019/2020,"Financial Statements/ESG Information - [Annual Report / Environmental, Social and Governance Information/Report]",1MB,"[<Auditor(326, 9361064, Grant Thornton Hong Kong Limited)>]","[<KeyAuditMatter(850, 9361064 To the members of AMS Public Transport Holdings Limited(incorporated in the Cayman Islands with limited liability))>, <KeyAuditMatter(851, 9361064 Valuation of PLB licencesRefer to note 17 to the consolidated financial statements, the accounting policies in note 2.7 and the accounting estimates and judgement in note 4.)>, <KeyAuditMatter(852, 9361064 Goodwill impairment assessment Refer to note 21 to the consolidated financial statements, the accounting policies in note 2.16 and the accounting estimates and judgement in note 4.)>]","[<KeyAuditMatterTag(2055, 850, land)>, <KeyAuditMatterTag(2056, 851, licence)>, <KeyAuditMatterTag(2057, 851, valuation)>, <KeyAuditMatterTag(2058, 852, assessment)>, <KeyAuditMatterTag(2059, 852, goodwill)>, <KeyAuditMatterTag(2060, 852, impairment)>]",https://www1.hkexnews.hk/listedco/listconews/sehk/2020/0717/2020071700637.pdf
388,9356426,14/07/2020 17:13,6829,DRAGON RISE GP,2019/20 ANNUAL REPORT,"Financial Statements/ESG Information - [Annual Report / Environmental, Social and Governance Information/Report]",7MB,"[<Auditor(370, 9356426, Grant Thornton Hong Kong Limited)>]","[<KeyAuditMatter(947, 9356426 To the members of Dragon Rise Group Holdings Limited(incorporated in the Cayman Islands with limited liability))>, <KeyAuditMatter(948, 9356426  (continued)Accounting for construction contracts)>, <KeyAuditMatter(949, 9356426  (continued)Estimation of expected credit losses on trade receivables and contract assets)>]","[<KeyAuditMatterTag(2293, 947, land)>, <KeyAuditMatterTag(2294, 948, contracts)>, <KeyAuditMatterTag(2295, 949, asset)>, <KeyAuditMatterTag(2296, 949, estimation)>, <KeyAuditMatterTag(2297, 949, expected credit loss)>]",https://www1.hkexnews.hk/listedco/listconews/sehk/2020/0714/2020071400721.pdf
464,9335635,30/06/2020 16:45,8395,TREE HOLDINGS,Annual Report 2020,Financial Statements/ESG Information - [Annual Report],4MB,"[<Auditor(443, 9335635, Grant Thornton Hong Kong Limited)>]","[<KeyAuditMatter(1096, 9335635 Impairment assessment of goodwill)>, <KeyAuditMatter(1097, 9335635 Valuation of contingent consideration payable arising from acquisition of a subsidiary)>, <KeyAuditMatter(1098, 9335635 Allowance of inventories)>, <KeyAuditMatter(1099, 9335635 Provision for impairment of trade receivables)>]","[<KeyAuditMatterTag(2631, 1096, assessment)>, <KeyAuditMatterTag(2632, 1096, goodwill)>, <KeyAuditMatterTag(2633, 1096, impairment)>, <KeyAuditMatterTag(2634, 1097, acquisition)>, <KeyAuditMatterTag(2635, 1097, valuation)>, <KeyAuditMatterTag(2636, 1098, inventories)>, <KeyAuditMatterTag(2637, 1099, impairment)>, <KeyAuditMatterTag(2638, 1099, provision)>]",https://www1.hkexnews.hk/listedco/listconews/gem/2020/0630/2020063000786.pdf
491,9334157,29/06/2020 20:52,8417,DADI EDU,Annual Report 2020,Financial Statements/ESG Information - [Annual Report],3MB,"[<Auditor(469, 9334157, Grant Thornton Hong Kong Limited)>]","[<KeyAuditMatter(1165, 9334157 To the members of Dadi Education Holdings Limited(incorporated in the Cayman Islands with limited liability))>, <KeyAuditMatter(1166, 9334157 Expected credit losses (ECL) assessment of trade receivables)>]","[<KeyAuditMatterTag(2777, 1165, land)>, <KeyAuditMatterTag(2778, 1166, assessment)>, <KeyAuditMatterTag(2779, 1166, ecl)>, <KeyAuditMatterTag(2780, 1166, expected credit loss)>]",https://www1.hkexnews.hk/listedco/listconews/gem/2020/0629/2020062901819.pdf
527,9332973,29/06/2020 16:37,8241,YING KEE TEA,2020 ANNUAL REPORT,"Financial Statements/ESG Information - [Annual Report / Environmental, Social and Governance Information/Report]",3MB,"[<Auditor(505, 9332973, Grant Thornton Hong Kong Limited)>]","[<KeyAuditMatter(1234, 9332973 Revenue recognition)>, <KeyAuditMatter(1235, 9332973 Valuation of inventories)>]","[<KeyAuditMatterTag(2938, 1234, recognition)>, <KeyAuditMatterTag(2939, 1234, revenue)>, <KeyAuditMatterTag(2940, 1235, inventories)>, <KeyAuditMatterTag(2941, 1235, valuation)>]",https://www1.hkexnews.hk/listedco/listconews/gem/2020/0629/2020062900565.pdf
554,9331275,26/06/2020 16:35,8072,ROMA GROUP,ANNUAL REPORT 2019/2020,Financial Statements/ESG Information - [Annual Report],4MB,"[<Auditor(532, 9331275, Grant Thornton Hong Kong Limited)>]","[<KeyAuditMatter(1286, 9331275 Impairment assessment of loan and interest receivables, trade receivables, deposits, other receivables and contract assets)>, <KeyAuditMatter(1287, 9331275 Impairment assessment of intangible assets and goodwill)>]","[<KeyAuditMatterTag(3050, 1286, assessment)>, <KeyAuditMatterTag(3051, 1286, asset)>, <KeyAuditMatterTag(3052, 1286, impairment)>, <KeyAuditMatterTag(3053, 1287, assessment)>, <KeyAuditMatterTag(3054, 1287, asset)>, <KeyAuditMatterTag(3055, 1287, goodwill)>, <KeyAuditMatterTag(3056, 1287, impairment)>]",https://www1.hkexnews.hk/listedco/listconews/gem/2020/0626/2020062600475.pdf
629,9282389,15/05/2020 17:15,8066,PHOENITRON HOLD,ANNUAL REPORT 2019,Financial Statements/ESG Information - [Annual Report],451KB,"[<Auditor(603, 9282389, Grant Thornton Hong Kong Limited)>]",[],[],https://www1.hkexnews.hk/listedco/listconews/gem/2020/0515/2020051501052.pdf
632,9282307,15/05/2020 17:04,310,PROSP INV HOLD,2019 Annual Report,Financial Statements/ESG Information - [Annual Report],2MB,"[<Auditor(606, 9282307, Grant Thornton Hong Kong Limited)>]","[<KeyAuditMatter(1448, 9282307 Valuation of the unlisted equity investment in Rakarta Limited (Rakarta)Rakarta LimitedRakarta)>]","[<KeyAuditMatterTag(3472, 1448, investment)>, <KeyAuditMatterTag(3473, 1448, valuation)>]",https://www1.hkexnews.hk/listedco/listconews/sehk/2020/0515/2020051500970.pdf
670,9281230,15/05/2020 06:00,2310,FOREBASE INTL,ANNUAL REPORT 2019,Financial Statements/ESG Information - [Annual Report],5MB,"[<Auditor(644, 9281230, Grant Thornton Hong Kong Limited)>]","[<KeyAuditMatter(1552, 9281230 Impairment of Property, Plant and Equipment)>, <KeyAuditMatter(1553, 9281230 Impairment of Property, Plant and Equipment (Continued))>, <KeyAuditMatter(1554, 9281230 Impairment of Intangible Assets)>, <KeyAuditMatter(1555, 9281230 Valuation of Interest in an Associate)>]","[<KeyAuditMatterTag(3692, 1552, impairment)>, <KeyAuditMatterTag(3693, 1552, plant and equipment)>, <KeyAuditMatterTag(3694, 1552, property)>, <KeyAuditMatterTag(3695, 1553, impairment)>, <KeyAuditMatterTag(3696, 1553, plant and equipment)>, <KeyAuditMatterTag(3697, 1553, property)>, <KeyAuditMatterTag(3698, 1554, asset)>, <KeyAuditMatterTag(3699, 1554, impairment)>, <KeyAuditMatterTag(3700, 1555, associate)>, <KeyAuditMatterTag(3701, 1555, valuation)>]",https://www1.hkexnews.hk/listedco/listconews/sehk/2020/0515/2020051500001.pdf
752,9277857,13/05/2020 16:31,9,KEYNE LTD,ANNUAL REPORT 2019,"Financial Statements/ESG Information - [Annual Report / Environmental, Social and Governance Information/Report]",1MB,"[<Auditor(724, 9277857, Grant Thornton Hong Kong Limited)>]",[],[],https://www1.hkexnews.hk/listedco/listconews/sehk/2020/0513/2020051300297.pdf
756,9277404,12/05/2020 22:08,8048,YU TAK INT'L,Annual Report 2019,Financial Statements/ESG Information - [Annual Report],2MB,"[<Auditor(727, 9277404, Grant Thornton Hong Kong Limited)>]","[<KeyAuditMatter(1767, 9277404 Existence and valuation of inventories)>]","[<KeyAuditMatterTag(4184, 1767, inventories)>, <KeyAuditMatterTag(4185, 1767, valuation)>]",https://www1.hkexnews.hk/listedco/listconews/gem/2020/0512/2020051201247.pdf
762,9276631,12/05/2020 17:10,1719,CIL GROUP,ANNUAL REPORT 2019,Financial Statements/ESG Information - [Annual Report],6MB,"[<Auditor(732, 9276631, Grant Thornton Hong Kong Limited)>]","[<KeyAuditMatter(1780, 9276631 Valuation of investment propertiesRefer to note 15 to the consolidated financial statements.)>]","[<KeyAuditMatterTag(4216, 1780, investment)>, <KeyAuditMatterTag(4217, 1780, properties)>, <KeyAuditMatterTag(4218, 1780, valuation)>]",https://www1.hkexnews.hk/listedco/listconews/sehk/2020/0512/2020051200517.pdf
816,9260073,29/04/2020 18:29,1638,KAISA GROUP,ANNUAL REPORT 2019,"Financial Statements/ESG Information - [Annual Report / Environmental, Social and Governance Information/Report]",5MB,"[<Auditor(777, 9260073, Grant Thornton Hong Kong Limited)>]","[<KeyAuditMatter(1899, 9260073 To the members of Kaisa Group Holdings Ltd.(incorporated in the Cayman Islands with limited liability))>, <KeyAuditMatter(1900, 9260073 Valuation of properties under development and completed properties held for sale)>, <KeyAuditMatter(1901, 9260073 Valuation of investment properties)>, <KeyAuditMatter(1902, 9260073 Valuation of interests in associates and joint ventures)>]","[<KeyAuditMatterTag(4512, 1899, land)>, <KeyAuditMatterTag(4513, 1900, properties)>, <KeyAuditMatterTag(4514, 1900, valuation)>, <KeyAuditMatterTag(4515, 1901, investment)>, <KeyAuditMatterTag(4516, 1901, properties)>, <KeyAuditMatterTag(4517, 1901, valuation)>, <KeyAuditMatterTag(4518, 1902, associate)>, <KeyAuditMatterTag(4519, 1902, joint ventures)>, <KeyAuditMatterTag(4520, 1902, valuation)>]",https://www1.hkexnews.hk/listedco/listconews/sehk/2020/0429/2020042901978.pdf
880,9258813,29/04/2020 16:04,876,KAISA HEALTH,ANNUAL REPORT 2019,"Financial Statements/ESG Information - [Annual Report / Environmental, Social and Governance Information/Report]",4MB,"[<Auditor(835, 9258813, Grant Thornton Hong Kong Limited)>]","[<KeyAuditMatter(1997, 9258813 Impairment assessment of goodwill)>, <KeyAuditMatter(1998, 9258813 Valuation of convertible promissory note, unlisted equity investment and convertible bonds receivable)>, <KeyAuditMatter(1999, 9258813 Valuation of trade receivables)>]","[<KeyAuditMatterTag(4740, 1997, assessment)>, <KeyAuditMatterTag(4741, 1997, goodwill)>, <KeyAuditMatterTag(4742, 1997, impairment)>, <KeyAuditMatterTag(4743, 1998, investment)>, <KeyAuditMatterTag(4744, 1998, valuation)>, <KeyAuditMatterTag(4745, 1999, valuation)>]",https://www1.hkexnews.hk/listedco/listconews/sehk/2020/0429/2020042900736.pdf
931,9257437,28/04/2020 20:47,1196,REALORD GROUP,Annual Report 2019,"Financial Statements/ESG Information - [Annual Report / Environmental, Social and Governance Information/Report]",4MB,"[<Auditor(886, 9257437, Grant Thornton Hong Kong Limited)>]","[<KeyAuditMatter(2085, 9257437 Valuation of investment properties)>, <KeyAuditMatter(2086, 9257437 Impairment assessment of trade receivables and receivables arising from securities broking)>, <KeyAuditMatter(2087, 9257437 Impairment assessment of trade receivables and receivables arising from securities broking (Continued))>, <KeyAuditMatter(2088, 9257437 Acquisition of assets through acquisition of subsidiary)>]","[<KeyAuditMatterTag(4942, 2085, investment)>, <KeyAuditMatterTag(4943, 2085, properties)>, <KeyAuditMatterTag(4944, 2085, valuation)>, <KeyAuditMatterTag(4945, 2086, assessment)>, <KeyAuditMatterTag(4946, 2086, impairment)>, <KeyAuditMatterTag(4947, 2087, assessment)>, <KeyAuditMatterTag(4948, 2087, impairment)>, <KeyAuditMatterTag(4949, 2088, acquisition)>, <KeyAuditMatterTag(4950, 2088, asset)>]",https://www1.hkexnews.hk/listedco/listconews/sehk/2020/0428/2020042803083.pdf
965,9256614,28/04/2020 17:57,2002,SUNSHINE PAPER,2019 Annual Report,"Financial Statements/ESG Information - [Annual Report / Environmental, Social and Governance Information/Report]",6MB,"[<Auditor(919, 9256614, Grant Thornton Hong Kong Limited)>]","[<KeyAuditMatter(2165, 9256614 Carrying values of investment in a joint venture and the receivables therefrom)>]","[<KeyAuditMatterTag(5100, 2165, investment)>, <KeyAuditMatterTag(5101, 2165, value)>, <KeyAuditMatterTag(5102, 2165, values)>]",https://www1.hkexnews.hk/listedco/listconews/sehk/2020/0428/2020042802260.pdf
1149,9253936,27/04/2020 20:09,2168,KAISA PROSPER,2019 ANNUAL REPORT,Financial Statements/ESG Information - [Annual Report],2MB,"[<Auditor(1098, 9253936, Grant Thornton Hong Kong Limited)>]","[<KeyAuditMatter(2594, 9253936 Recoverability of trade receivables)>]","[<KeyAuditMatterTag(6147, 2594, recoverability)>]",https://www1.hkexnews.hk/listedco/listconews/sehk/2020/0427/2020042702434.pdf
1166,9253497,27/04/2020 18:18,6093,HEVOL SERVICES,ANNUAL REPORT 2019,"Financial Statements/ESG Information - [Annual Report / Environmental, Social and Governance Information/Report]",4MB,"[<Auditor(1115, 9253497, Grant Thornton Hong Kong Limited)>]","[<KeyAuditMatter(2626, 9253497 Expected credit loss (ECL) allowance on trade and other receivables )>]","[<KeyAuditMatterTag(6228, 2626, ecl)>, <KeyAuditMatterTag(6229, 2626, expected credit loss)>]",https://www1.hkexnews.hk/listedco/listconews/sehk/2020/0427/2020042701925.pdf
1279,9252186,27/04/2020 16:30,1707,GEOTECH HLDGS,2019 Annual Report,"Financial Statements/ESG Information - [Annual Report / Environmental, Social and Governance Information/Report]",3MB,"[<Auditor(1227, 9252186, Grant Thornton Hong Kong Limited)>]","[<KeyAuditMatter(2908, 9252186 Accounting for construction contracts)>]","[<KeyAuditMatterTag(6874, 2908, contracts)>]",https://www1.hkexnews.hk/listedco/listconews/sehk/2020/0427/2020042700621.pdf
1283,9252174,27/04/2020 16:30,6899,OURGAME,2019 Annual Report,Financial Statements/ESG Information - [Annual Report],9MB,"[<Auditor(1231, 9252174, Grant Thornton Hong Kong Limited)>]","[<KeyAuditMatter(2913, 9252174 Impairment assessment of goodwill and intangible assets)>, <KeyAuditMatter(2914, 9252174 rovision for expected credit lossses (ECL) of nancial assets)>]","[<KeyAuditMatterTag(6884, 2913, assessment)>, <KeyAuditMatterTag(6885, 2913, asset)>, <KeyAuditMatterTag(6886, 2913, goodwill)>, <KeyAuditMatterTag(6887, 2913, impairment)>, <KeyAuditMatterTag(6888, 2914, asset)>, <KeyAuditMatterTag(6889, 2914, ecl)>, <KeyAuditMatterTag(6890, 2914, expected credit loss)>]",https://www1.hkexnews.hk/listedco/listconews/sehk/2020/0427/2020042700609.pdf
1294,9252090,27/04/2020 15:56,1114,BRILLIANCE CHI,2019 Annual Report,"Financial Statements/ESG Information - [Annual Report / Environmental, Social and Governance Information/Report]",2MB,"[<Auditor(1242, 9252090, Grant Thornton Hong Kong Limited)>]","[<KeyAuditMatter(2931, 9252090 Impairment of intangible assets and property, plant and equipment)>]","[<KeyAuditMatterTag(6937, 2931, asset)>, <KeyAuditMatterTag(6938, 2931, impairment)>, <KeyAuditMatterTag(6939, 2931, plant and equipment)>, <KeyAuditMatterTag(6940, 2931, property)>]",https://www1.hkexnews.hk/listedco/listconews/sehk/2020/0427/2020042700525.pdf
1433,9249179,24/04/2020 16:13,1033,SINOPEC SSC,Annual Report 2019,Financial Statements/ESG Information - [Annual Report],5MB,"[<Auditor(1376, 9249179, Grant Thornton Hong Kong Limited)>]","[<KeyAuditMatter(3237, 9249179 Key Audit MatterHow our audit addressed the Key Audit MatterRevenue recognition)>, <KeyAuditMatter(3238, 9249179 Key Audit MatterHow our audit addressed the Key Audit MatterExpected credit losses (ECL) on trade receivables and contract assets)>]","[<KeyAuditMatterTag(7644, 3237, recognition)>, <KeyAuditMatterTag(7645, 3237, revenue)>, <KeyAuditMatterTag(7646, 3238, asset)>, <KeyAuditMatterTag(7647, 3238, ecl)>, <KeyAuditMatterTag(7648, 3238, expected credit loss)>]",https://www1.hkexnews.hk/listedco/listconews/sehk/2020/0424/2020042400615.pdf
1484,9247643,23/04/2020 17:41,1532,CHINA PARTYTIME,Annual Report 2019,"Financial Statements/ESG Information - [Annual Report / Environmental, Social and Governance Information/Report]",3MB,"[<Auditor(1423, 9247643, Grant Thornton Hong Kong Limited)>]","[<KeyAuditMatter(3352, 9247643 Valuation of Financial Assets at Fair Value Through Profit or Loss)>, <KeyAuditMatter(3353, 9247643 Impairment Assessment of Property, Plant and Equipment and Investment Properties)>, <KeyAuditMatter(3354, 9247643 Valuation of Inventories)>]","[<KeyAuditMatterTag(7912, 3352, asset)>, <KeyAuditMatterTag(7913, 3352, fair)>, <KeyAuditMatterTag(7914, 3352, financial asset)>, <KeyAuditMatterTag(7915, 3352, valuation)>, <KeyAuditMatterTag(7916, 3352, value)>, <KeyAuditMatterTag(7917, 3353, assessment)>, <KeyAuditMatterTag(7918, 3353, impairment)>, <KeyAuditMatterTag(7919, 3353, investment)>, <KeyAuditMatterTag(7920, 3353, plant and equipment)>, <KeyAuditMatterTag(7921, 3353, properties)>, <KeyAuditMatterTag(7922, 3353, property)>, <KeyAuditMatterTag(7923, 3354, inventories)>, <KeyAuditMatterTag(7924, 3354, valuation)>]",https://www1.hkexnews.hk/listedco/listconews/sehk/2020/0423/2020042301450.pdf
1591,9245883,22/04/2020 20:35,72,MODERN MEDIA,ANNUAL REPORT 2019,Financial Statements/ESG Information - [Annual Report],5MB,"[<Auditor(1527, 9245883, Grant Thornton Hong Kong Limited)>]","[<KeyAuditMatter(3587, 9245883 Impairment assessment on goodwill)>, <KeyAuditMatter(3588, 9245883 Impairment assessment of trade receivables)>]","[<KeyAuditMatterTag(8432, 3587, assessment)>, <KeyAuditMatterTag(8433, 3587, goodwill)>, <KeyAuditMatterTag(8434, 3587, impairment)>, <KeyAuditMatterTag(8435, 3588, assessment)>, <KeyAuditMatterTag(8436, 3588, impairment)>]",https://www1.hkexnews.hk/listedco/listconews/sehk/2020/0422/2020042201595.pdf
1639,9244957,22/04/2020 16:48,1148,POWER XINCHEN,2019 Annual Report,"Financial Statements/ESG Information - [Annual Report / Environmental, Social and Governance Information/Report]",1MB,"[<Auditor(1572, 9244957, Grant Thornton Hong Kong Limited)>]",[],[],https://www1.hkexnews.hk/listedco/listconews/sehk/2020/0422/2020042200690.pdf
1775,9241351,20/04/2020 16:55,936,EAGLE LEGEND,ANNUAL REPORT 2019,"Financial Statements/ESG Information - [Annual Report / Environmental, Social and Governance Information/Report]",3MB,"[<Auditor(1707, 9241351, Grant Thornton Hong Kong Limited)>]",[],[],https://www1.hkexnews.hk/listedco/listconews/sehk/2020/0420/2020042000552.pdf
1795,9241124,20/04/2020 16:33,771,AUTOMATED SYS,Annual Report 2019,"Financial Statements/ESG Information - [Annual Report / Environmental, Social and Governance Information/Report]",9MB,"[<Auditor(1727, 9241124, Grant Thornton Hong Kong Limited)>]","[<KeyAuditMatter(4009, 9241124 Impairment assessment of goodwill and customer relationships arising from the acquisition of the Grid Dynamics GroupGrid Dynamics)>, <KeyAuditMatter(4010, 9241124 Refer to notes 4(b)(v) and 21 to the consolidated financial statements  Goodwill and Customer Relationships)>]","[<KeyAuditMatterTag(9471, 4009, acquisition)>, <KeyAuditMatterTag(9472, 4009, assessment)>, <KeyAuditMatterTag(9473, 4009, goodwill)>, <KeyAuditMatterTag(9474, 4009, impairment)>, <KeyAuditMatterTag(9475, 4010, goodwill)>]",https://www1.hkexnews.hk/listedco/listconews/sehk/2020/0420/2020042000325.pdf
1883,9237763,16/04/2020 17:38,175,GEELY AUTO,Annual Report 2019,Financial Statements/ESG Information - [Annual Report],5MB,"[<Auditor(1810, 9237763, Grant Thornton Hong Kong Limited)>]","[<KeyAuditMatter(4241, 9237763 Impairment assessment of intangible assets)>, <KeyAuditMatter(4242, 9237763 Revenue recognition)>]","[<KeyAuditMatterTag(9952, 4241, assessment)>, <KeyAuditMatterTag(9953, 4241, asset)>, <KeyAuditMatterTag(9954, 4241, impairment)>, <KeyAuditMatterTag(9955, 4242, recognition)>, <KeyAuditMatterTag(9956, 4242, revenue)>]",https://www1.hkexnews.hk/listedco/listconews/sehk/2020/0416/2020041600894.pdf
1946,9235743,15/04/2020 17:02,137,JINHUI HOLDINGS,Annual Report 2019,Financial Statements/ESG Information - [Annual Report],1MB,"[<Auditor(1870, 9235743, Grant Thornton Hong Kong Limited)>]","[<KeyAuditMatter(4370, 9235743 Carrying value of owned vessels)>]","[<KeyAuditMatterTag(10256, 4370, value)>]",https://www1.hkexnews.hk/listedco/listconews/sehk/2020/0415/2020041500651.pdf
2034,9229922,08/04/2020 17:05,1908,C&D INTL GROUP,2019 ANNUAL REPORT,Financial Statements/ESG Information - [Annual Report],4MB,"[<Auditor(1954, 9229922, Grant Thornton Hong Kong Limited)>]","[<KeyAuditMatter(4547, 9229922 Valuation of inventories of propertiesRefer to notes 2.11, 4.1 and 23 to the consolidated financial statements.)>]","[<KeyAuditMatterTag(10690, 4547, inventories)>, <KeyAuditMatterTag(10691, 4547, properties)>, <KeyAuditMatterTag(10692, 4547, valuation)>]",https://www1.hkexnews.hk/listedco/listconews/sehk/2020/0408/2020040800558.pdf
2137,9214257,31/03/2020 20:05,6117,RIZHAO PORT JR,2019 ANNUAL REPORT,Financial Statements/ESG Information - [Annual Report],929KB,"[<Auditor(2052, 9214257, Grant Thornton Hong Kong Limited)>]","[<KeyAuditMatter(4774, 9214257 Revenue recognition  Provision of services)>]","[<KeyAuditMatterTag(11213, 4774, provision)>, <KeyAuditMatterTag(11214, 4774, recognition)>, <KeyAuditMatterTag(11215, 4774, revenue)>]",https://www1.hkexnews.hk/listedco/listconews/sehk/2020/0331/2020033101842.pdf
2188,9210412,30/03/2020 17:55,8491,COOL LINK,2019 ANNUAL REPORT,Financial Statements/ESG Information - [Annual Report],1MB,"[<Auditor(2101, 9210412, Grant Thornton Hong Kong Limited)>]","[<KeyAuditMatter(4885, 9210412 Impairment assessment of trade receivables)>]","[<KeyAuditMatterTag(11450, 4885, assessment)>, <KeyAuditMatterTag(11451, 4885, impairment)>]",https://www1.hkexnews.hk/listedco/listconews/gem/2020/0330/2020033000997.pdf
2196,9210253,30/03/2020 17:20,1665,PENTAMASTER,Annual Report 2019,Financial Statements/ESG Information - [Annual Report],2MB,"[<Auditor(2109, 9210253, Grant Thornton Hong Kong Limited)>]","[<KeyAuditMatter(4907, 9210253 Revenue recognition)>, <KeyAuditMatter(4908, 9210253 Valuation of inventories)>, <KeyAuditMatter(4909, 9210253 Valuation of inventories)>, <KeyAuditMatter(4910, 9210253 Provision for expected credit losses of trade receivables)>, <KeyAuditMatter(4911, 9210253 Purchase price allocation for acquisition of a subsidiary)>]","[<KeyAuditMatterTag(11489, 4907, recognition)>, <KeyAuditMatterTag(11490, 4907, revenue)>, <KeyAuditMatterTag(11491, 4908, inventories)>, <KeyAuditMatterTag(11492, 4908, valuation)>, <KeyAuditMatterTag(11493, 4909, inventories)>, <KeyAuditMatterTag(11494, 4909, valuation)>, <KeyAuditMatterTag(11495, 4910, expected credit loss)>, <KeyAuditMatterTag(11496, 4910, provision)>, <KeyAuditMatterTag(11497, 4911, acquisition)>, <KeyAuditMatterTag(11498, 4911, allocation)>, <KeyAuditMatterTag(11499, 4911, price)>, <KeyAuditMatterTag(11500, 4911, purchase)>]",https://www1.hkexnews.hk/listedco/listconews/sehk/2020/0330/2020033000838.pdf
2204,9210108,30/03/2020 17:05,8329,NEP INTERLONG,2019 Annual Report,Financial Statements/ESG Information - [Annual Report],8MB,"[<Auditor(2117, 9210108, Grant Thornton Hong Kong Limited)>]","[<KeyAuditMatter(4920, 9210108  How the matter was addressed in The Key Audit Matterour auditValuation of inventories)>, <KeyAuditMatter(4921, 9210108 How the matter was addressed in  The Key Audit Matterour auditIntangible assets impairment assessment)>]","[<KeyAuditMatterTag(11517, 4920, inventories)>, <KeyAuditMatterTag(11518, 4920, valuation)>, <KeyAuditMatterTag(11519, 4921, assessment)>, <KeyAuditMatterTag(11520, 4921, asset)>, <KeyAuditMatterTag(11521, 4921, impairment)>]",https://www1.hkexnews.hk/listedco/listconews/gem/2020/0330/2020033000693.pdf
2214,9209973,30/03/2020 16:49,8285,SLING GROUP,Annual Report 2019,Financial Statements/ESG Information - [Annual Report],3MB,"[<Auditor(2127, 9209973, Grant Thornton Hong Kong Limited)>]","[<KeyAuditMatter(4942, 9209973 Valuation of inventories)>, <KeyAuditMatter(4943, 9209973 Valuation of put option liability)>]","[<KeyAuditMatterTag(11558, 4942, inventories)>, <KeyAuditMatterTag(11559, 4942, valuation)>, <KeyAuditMatterTag(11560, 4943, valuation)>]",https://www1.hkexnews.hk/listedco/listconews/gem/2020/0330/2020033000560.pdf
2274,9204409,26/03/2020 18:05,8216,MAXICITY,ANNUAL REPORT 2019,"Financial Statements/ESG Information - [Annual Report / Environmental, Social and Governance Information/Report]",1MB,"[<Auditor(2186, 9204409, Grant Thornton Hong Kong Limited)>]","[<KeyAuditMatter(5077, 9204409 To the members of Maxicity Holdings Limited(incorporated in the Cayman Islands with limited liability))>, <KeyAuditMatter(5078, 9204409 ACCOUNTING FOR CONSTRUCTION CONTRACTS)>]","[<KeyAuditMatterTag(11837, 5077, land)>, <KeyAuditMatterTag(11838, 5078, contracts)>]",https://www1.hkexnews.hk/listedco/listconews/gem/2020/0326/2020032600914.pdf
2289,9202278,25/03/2020 17:00,869,PLAYMATES TOYS,2019 ANNUAL REPORT,"Financial Statements/ESG Information - [Annual Report / Environmental, Social and Governance Information/Report]",18MB,"[<Auditor(2201, 9202278, Grant Thornton Hong Kong Limited)>]","[<KeyAuditMatter(5109, 9202278 Revenue recognition)>, <KeyAuditMatter(5110, 9202278 Recognition of deferred tax assets)>]","[<KeyAuditMatterTag(11896, 5109, recognition)>, <KeyAuditMatterTag(11897, 5109, revenue)>, <KeyAuditMatterTag(11898, 5110, asset)>, <KeyAuditMatterTag(11899, 5110, deferred)>, <KeyAuditMatterTag(11900, 5110, recognition)>, <KeyAuditMatterTag(11901, 5110, tax)>]",https://www1.hkexnews.hk/listedco/listconews/sehk/2020/0325/2020032500658.pdf
2291,9202150,25/03/2020 16:26,635,PLAYMATES,2019 ANNUAL REPORT,"Financial Statements/ESG Information - [Annual Report / Environmental, Social and Governance Information/Report]",1MB,"[<Auditor(2203, 9202150, Grant Thornton Hong Kong Limited)>]","[<KeyAuditMatter(5112, 9202150 Key Audit Matters (Continued)Valuation of investment properties)>, <KeyAuditMatter(5113, 9202150 Revenue recognition for sales of toys)>]","[<KeyAuditMatterTag(11904, 5112, investment)>, <KeyAuditMatterTag(11905, 5112, properties)>, <KeyAuditMatterTag(11906, 5112, valuation)>, <KeyAuditMatterTag(11907, 5113, recognition)>, <KeyAuditMatterTag(11908, 5113, revenue)>]",https://www1.hkexnews.hk/listedco/listconews/sehk/2020/0325/2020032500530.pdf
2298,9200540,24/03/2020 16:41,8305,TONG KEE HLDG,Annual Report 2019,"Financial Statements/ESG Information - [Annual Report / Environmental, Social and Governance Information/Report]",4MB,"[<Auditor(2210, 9200540, Grant Thornton Hong Kong Limited)>]","[<KeyAuditMatter(5127, 9200540 To the shareholders of Tong Kee (Holding) Limited(incorporated in the Cayman Islands with limited liability))>, <KeyAuditMatter(5128, 9200540 Accounting for construction contractsRefer to notes 2.7, 2.12, 5 and 16 to the consolidated financial statements.)>, <KeyAuditMatter(5129, 9200540  understood the basis of estimation of the budgets through )>, <KeyAuditMatter(5130, 9200540  inspected the terms and conditions of construction contracts )>, <KeyAuditMatter(5131, 9200540  assessed the appropriateness of contract assets/contract )>]","[<KeyAuditMatterTag(11936, 5127, land)>, <KeyAuditMatterTag(11937, 5128, contracts)>, <KeyAuditMatterTag(11938, 5129, estimation)>, <KeyAuditMatterTag(11939, 5130, contracts)>, <KeyAuditMatterTag(11940, 5131, asset)>]",https://www1.hkexnews.hk/listedco/listconews/gem/2020/0324/2020032400431.pdf
2306,9199079,23/03/2020 16:37,8601,BOLTEK,ANNUAL REPORT 2019,Financial Statements/ESG Information - [Annual Report],3MB,"[<Auditor(2218, 9199079, Grant Thornton Hong Kong Limited)>]","[<KeyAuditMatter(5145, 9199079 Revenue from engineering design and consultancy services)>]","[<KeyAuditMatterTag(11967, 5145, revenue)>]",https://www1.hkexnews.hk/listedco/listconews/gem/2020/0323/2020032300402.pdf
2311,9198065,22/03/2020 18:19,2386,SINOPEC SEG,2019 ANNUAL REPORT,Financial Statements/ESG Information - [Annual Report],6MB,"[<Auditor(2223, 9198065, Grant Thornton Hong Kong Limited)>]","[<KeyAuditMatter(5152, 9198065 Revenue recognition of construction contracts)>, <KeyAuditMatter(5153, 9198065 Provision for expected credit losses (ECL) of trade receivables and contract assets)>]","[<KeyAuditMatterTag(11980, 5152, contracts)>, <KeyAuditMatterTag(11981, 5152, recognition)>, <KeyAuditMatterTag(11982, 5152, revenue)>, <KeyAuditMatterTag(11983, 5153, asset)>, <KeyAuditMatterTag(11984, 5153, ecl)>, <KeyAuditMatterTag(11985, 5153, expected credit loss)>, <KeyAuditMatterTag(11986, 5153, provision)>]",https://www1.hkexnews.hk/listedco/listconews/sehk/2020/0322/2020032200088.pdf
2485,9273703,08/05/2020 18:33,8280,CDV HOLDINGS,ANNUAL REPORT 2019,Financial Statements/ESG Information - [Annual Report],2MB,"[<Auditor(2385, 9273703, Grant Thornton Hong Kong Limited)>]","[<KeyAuditMatter(5527, 9273703 Impairment assessment of intangible assets)>, <KeyAuditMatter(5528, 9273703 Provision for impairment of trade and other receivables and contract assets)>]","[<KeyAuditMatterTag(12858, 5527, assessment)>, <KeyAuditMatterTag(12859, 5527, asset)>, <KeyAuditMatterTag(12860, 5527, impairment)>, <KeyAuditMatterTag(12861, 5528, asset)>, <KeyAuditMatterTag(12862, 5528, impairment)>, <KeyAuditMatterTag(12863, 5528, provision)>]",https://www1.hkexnews.hk/listedco/listconews/gem/2020/0508/2020050801019.pdf
2494,9269710,06/05/2020 19:01,8126,G. A. HOLDINGS,ANNUAL REPORT 2019,Financial Statements/ESG Information - [Annual Report],3MB,"[<Auditor(2395, 9269710, Grant Thornton Hong Kong Limited)>]","[<KeyAuditMatter(5537, 9269710 To the members of G.A. Holdings Limited(incorporated in the Cayman Islands with limited liability))>, <KeyAuditMatter(5538, 9269710 Recoverability of the amounts due from Zhong Bao Group)>, <KeyAuditMatter(5539, 9269710 Recognition of vendor rebates)>]","[<KeyAuditMatterTag(12886, 5537, land)>, <KeyAuditMatterTag(12887, 5538, recoverability)>, <KeyAuditMatterTag(12888, 5539, rebate)>, <KeyAuditMatterTag(12889, 5539, recognition)>]",https://www1.hkexnews.hk/listedco/listconews/gem/2020/0506/2020050601870.pdf
510,9333358,29/06/2020 17:35,8537,CHONG FAI JEWEL,2019/20 ANNUAL REPORT,"Financial Statements/ESG Information - [Annual Report / Environmental, Social and Governance Information/Report]",5MB,"[<Auditor(488, 9333358, Grant Thornton Hong kong limited)>]","[<KeyAuditMatter(1201, 9333358 Valuation of inventories)>, <KeyAuditMatter(1202, 9333358 Valuation of inventories)>]","[<KeyAuditMatterTag(2866, 1201, inventories)>, <KeyAuditMatterTag(2867, 1201, valuation)>, <KeyAuditMatterTag(2868, 1202, inventories)>, <KeyAuditMatterTag(2869, 1202, valuation)>]",https://www1.hkexnews.hk/listedco/listconews/gem/2020/0629/2020062900950.pdf
1058,9255368,28/04/2020 16:45,1075,CAPINFO,Annual Report 2019,Financial Statements/ESG Information - [Annual Report],5MB,"[<Auditor(1011, 9255368, Grant Thornton LLP)>]","[<KeyAuditMatter(2391, 9255368 (I) Revenue recognition)>]","[<KeyAuditMatterTag(5666, 2391, recognition)>, <KeyAuditMatterTag(5667, 2391, revenue)>]",https://www1.hkexnews.hk/listedco/listconews/sehk/2020/0428/2020042801016.pdf
163,9375946,30/07/2020 16:32,1942,MOG HOLDINGS,Annual Report 2019/20,Financial Statements/ESG Information - [Annual Report],4MB,"[<Auditor(153, 9375946, Mazars CPA Limited  Grant Thornton Malaysia PLT)>]","[<KeyAuditMatter(317, 9375946 MOG Holdings Limited(incorporated in the Cayman Islands with limited liability))>, <KeyAuditMatter(318, 9375946 Recognition of expenses for the initial listing of the Group)>, <KeyAuditMatter(319, 9375946 Provision for impairment of inventories)>]","[<KeyAuditMatterTag(741, 317, land)>, <KeyAuditMatterTag(742, 318, recognition)>, <KeyAuditMatterTag(743, 319, impairment)>, <KeyAuditMatterTag(744, 319, inventories)>, <KeyAuditMatterTag(745, 319, provision)>]",https://www1.hkexnews.hk/listedco/listconews/sehk/2020/0730/2020073000620.pdf
