id,news_id,date_time,stock_code,stock_name,title,long_text,file_info,audit_firms,kams,kam_tags,file_link
1241,9252456,27/04/2020 16:43,901,EAGLERIDE INV,Annual Report 2019,"Financial Statements/ESG Information - [Annual Report / Environmental, Social and Governance Information/Report]",5MB,"[<Auditor(1190, 9252456, HLM CPA LIMITED)>]",[],[],https://www1.hkexnews.hk/listedco/listconews/sehk/2020/0427/2020042700891.pdf
8,9477316,19/10/2020 16:33,1360,NOVA GROUP,Annual Report 2019/2020,"Financial Statements/ESG Information - [Annual Report / Environmental, Social and Governance Information/Report]",2MB,"[<Auditor(8, 9477316, HLM CPA Limited)>]","[<KeyAuditMatter(10, 9477316 Impairment assessment of goodwill and intangible assets)>, <KeyAuditMatter(11, 9477316 Revenue recognition on contracts with customers)>, <KeyAuditMatter(12, 9477316 Impairment assessment of trade receivables, factoring receivables and lease receivables)>, <KeyAuditMatter(13, 9477316 HKFRS 9ECL)>]","[<KeyAuditMatterTag(28, 10, assessment)>, <KeyAuditMatterTag(29, 10, asset)>, <KeyAuditMatterTag(30, 10, goodwill)>, <KeyAuditMatterTag(31, 10, impairment)>, <KeyAuditMatterTag(32, 11, contracts)>, <KeyAuditMatterTag(33, 11, recognition)>, <KeyAuditMatterTag(34, 11, revenue)>, <KeyAuditMatterTag(35, 12, assessment)>, <KeyAuditMatterTag(36, 12, impairment)>, <KeyAuditMatterTag(37, 13, ecl)>]",https://www1.hkexnews.hk/listedco/listconews/sehk/2020/1019/2020101900378.pdf
43,9452965,25/09/2020 16:34,8132,CHINAOILGANGRAN,Annual Report 2020,"Financial Statements/ESG Information - [Annual Report / Environmental, Social and Governance Information/Report]",2MB,"[<Auditor(43, 9452965, HLM CPA Limited)>]",[],[],https://www1.hkexnews.hk/listedco/listconews/gem/2020/0925/2020092500462.pdf
103,9389124,06/08/2020 19:15,8132,CHINAOILGANGRAN,Annual Report 2019,"Financial Statements/ESG Information - [Annual Report / Environmental, Social and Governance Information/Report]",2MB,"[<Auditor(97, 9389124, HLM CPA Limited)>]",[],[],https://www1.hkexnews.hk/listedco/listconews/gem/2020/0806/2020080601394.pdf
149,9376200,30/07/2020 16:57,794,COME SURE GROUP,ANNUAL REPORT 2020,Financial Statements/ESG Information - [Annual Report],3MB,"[<Auditor(139, 9376200, HLM CPA Limited)>]","[<KeyAuditMatter(280, 9376200 Impairment assessments of trade and bills receivables)>, <KeyAuditMatter(281, 9376200 ECL)>, <KeyAuditMatter(282, 9376200 Valuation of investment properties)>, <KeyAuditMatter(283, 9376200 KEY AUDIT MATTERS Impairment assessment of goodwill)>]","[<KeyAuditMatterTag(652, 280, assessment)>, <KeyAuditMatterTag(653, 280, impairment)>, <KeyAuditMatterTag(654, 281, ecl)>, <KeyAuditMatterTag(655, 282, investment)>, <KeyAuditMatterTag(656, 282, properties)>, <KeyAuditMatterTag(657, 282, valuation)>, <KeyAuditMatterTag(658, 283, assessment)>, <KeyAuditMatterTag(659, 283, goodwill)>, <KeyAuditMatterTag(660, 283, impairment)>]",https://www1.hkexnews.hk/listedco/listconews/sehk/2020/0730/2020073000863.pdf
242,9371083,27/07/2020 16:31,677,GOLDEN RES DEV,2020 ANNUAL REPORT,"Financial Statements/ESG Information - [Annual Report / Environmental, Social and Governance Information/Report]",2MB,"[<Auditor(231, 9371083, HLM CPA Limited)>]","[<KeyAuditMatter(578, 9371083 (Continued)Revenue recognition)>, <KeyAuditMatter(579, 9371083 Valuation of investment properties)>]","[<KeyAuditMatterTag(1378, 578, recognition)>, <KeyAuditMatterTag(1379, 578, revenue)>, <KeyAuditMatterTag(1380, 579, investment)>, <KeyAuditMatterTag(1381, 579, properties)>, <KeyAuditMatterTag(1382, 579, valuation)>]",https://www1.hkexnews.hk/listedco/listconews/sehk/2020/0727/2020072700405.pdf
342,9361048,17/07/2020 16:57,1013,WAI CHUN GROUP,ANNUAL REPORT 2020,"Financial Statements/ESG Information - [Annual Report / Environmental, Social and Governance Information/Report]",2MB,"[<Auditor(327, 9361048, HLM CPA Limited)>]","[<KeyAuditMatter(853, 9361048 Impairment assessment of trade and other receivables)>]","[<KeyAuditMatterTag(2061, 853, assessment)>, <KeyAuditMatterTag(2062, 853, impairment)>]",https://www1.hkexnews.hk/listedco/listconews/sehk/2020/0717/2020071700621.pdf
344,9360986,17/07/2020 16:44,277,TERN PROPERTIES,Annual Report 2020,Financial Statements/ESG Information - [Annual Report],900KB,"[<Auditor(329, 9360986, HLM CPA Limited)>]","[<KeyAuditMatter(854, 9360986 Valuation of investment properties)>]","[<KeyAuditMatterTag(2063, 854, investment)>, <KeyAuditMatterTag(2064, 854, properties)>, <KeyAuditMatterTag(2065, 854, valuation)>]",https://www1.hkexnews.hk/listedco/listconews/sehk/2020/0717/2020071700499.pdf
409,9352290,09/07/2020 16:38,18,ORIENTAL PRESS,Annual Report 2020,Financial Statements/ESG Information - [Annual Report],2MB,"[<Auditor(388, 9352290, HLM CPA Limited)>]","[<KeyAuditMatter(991, 9352290 Key Audit Matter: Revenue recognition)>, <KeyAuditMatter(992, 9352290 	understanding	the	revenue	and	business	process	of	the	Group;	assessing	the	appropriateness	of	the	Groups	revenue	recognition	accounting	policy	in	line	with	HKFRSs;	evaluating	and	testing	the	operating	effectiveness	of	key	controls	on	the	recognition	of	revenue;	and	selecting	a	sample	of	sales	transactions	recorded	during	the	reporting	period	near	the	year	end	and	just	after	the	end	)>, <KeyAuditMatter(993, 9352290 Key Audit Matter: Impairment assessment of trade receivables)>, <KeyAuditMatter(994, 9352290 	assessing	the	appropriateness	of	the	ECL	provisioning	methodology,	examining	the	key	data	inputs	on	a	sample	basis	)>, <KeyAuditMatter(995, 9352290 Key Audit Matter: Impairment assessment of leasehold building)>, <KeyAuditMatter(996, 9352290 	evaluating	the	independent	external	valuers	competence,	capabilities	and	objectivity;	assessing	the	valuation	methodologies	used	and	the	appropriateness	of	the	key	assumptions;	and	discussing	the	valuations	with	the	valuers	and	challenging	key	estimates	adopted	in	the	valuations,	including	those	)>, <KeyAuditMatter(997, 9352290 Key Audit Matter: Valuation of investment properties)>, <KeyAuditMatter(998, 9352290 	evaluating	the	independent	external	valuers	competence,	capabilities	and	objectivity;	assessing	the	methodologies	used	and	the	appropriateness	of	the	key	assumptions	based	on	our	knowledge	of	the	)>, <KeyAuditMatter(999, 9352290 	considering	the	appropriateness	of	the	resale	values	and	market	unit	rent	estimated	by	the	external	valuer	based	on	)>, <KeyAuditMatter(1000, 9352290 	on	a	sample	basis,	comparing	the	occupancy	rates,	room	rates,	and	tenancy	information	included	in	the	valuation	)>, <KeyAuditMatter(1001, 9352290 	discussing	the	valuations	with	the	valuers	and	challenging	key	estimates	adopted	in	the	valuations,	including	those	)>, <KeyAuditMatter(1002, 9352290 Key Audit Matter: Estimation of provision for long service payments)>, <KeyAuditMatter(1003, 9352290 	assessing	the	completeness	and	accuracy	of	personnel	data	underlying	the	estimation	of	fair	value	of	MPF	by	testing	)>, <KeyAuditMatter(1004, 9352290 	assessing	the	appropriateness	of	the	asset	valuation	in	the	MPF	scheme	underlying	the	calculation;	testing	the	internal	controls	over	the	provision	for	long	service	payments;	and	testing	the	accuracy	of	changes	in	the	provision	made	and	the	benefits	paid	to	the	pensioners.)>, <KeyAuditMatter(1005, 9352290 Key Audit Matter: Impairment assessment of loans and interest receivables)>, <KeyAuditMatter(1006, 9352290 	understanding	the	Groups	internal	controls	relating	to	the	collection,	use	and	retention	of	the	Groups	data	for	ECL	)>, <KeyAuditMatter(1007, 9352290 	understanding	the	ECL	models	established	by	the	Group	and	assessing	the	ECL	estimation	of	loans	and	interest	)>, <KeyAuditMatter(1008, 9352290 	reviewing	the	Groups	assumptions	on	the	expected	future	cash	flows,	including	the	value	of	realisable	collaterals	)>, <KeyAuditMatter(1009, 9352290 	evaluating	the	disclosure	regarding	the	impairment	measurement	of	loans	and	interest	receivables	in	Note	36(b)	to	the	)>]","[<KeyAuditMatterTag(2388, 991, recognition)>, <KeyAuditMatterTag(2389, 991, revenue)>, <KeyAuditMatterTag(2390, 992, recognition)>, <KeyAuditMatterTag(2391, 992, revenue)>, <KeyAuditMatterTag(2392, 993, assessment)>, <KeyAuditMatterTag(2393, 993, impairment)>, <KeyAuditMatterTag(2394, 994, ecl)>, <KeyAuditMatterTag(2395, 994, mining)>, <KeyAuditMatterTag(2396, 994, provision)>, <KeyAuditMatterTag(2397, 995, assessment)>, <KeyAuditMatterTag(2398, 995, impairment)>, <KeyAuditMatterTag(2399, 996, valuation)>, <KeyAuditMatterTag(2400, 996, value)>, <KeyAuditMatterTag(2401, 997, investment)>, <KeyAuditMatterTag(2402, 997, properties)>, <KeyAuditMatterTag(2403, 997, valuation)>, <KeyAuditMatterTag(2404, 998, value)>, <KeyAuditMatterTag(2405, 999, value)>, <KeyAuditMatterTag(2406, 999, values)>, <KeyAuditMatterTag(2407, 1000, valuation)>, <KeyAuditMatterTag(2408, 1001, valuation)>, <KeyAuditMatterTag(2409, 1001, value)>, <KeyAuditMatterTag(2410, 1002, estimation)>, <KeyAuditMatterTag(2411, 1002, long service payment)>, <KeyAuditMatterTag(2412, 1002, provision)>, <KeyAuditMatterTag(2413, 1003, estimation)>, <KeyAuditMatterTag(2414, 1003, fair)>, <KeyAuditMatterTag(2415, 1003, value)>, <KeyAuditMatterTag(2416, 1004, asset)>, <KeyAuditMatterTag(2417, 1004, provision)>, <KeyAuditMatterTag(2418, 1004, valuation)>, <KeyAuditMatterTag(2419, 1005, assessment)>, <KeyAuditMatterTag(2420, 1005, impairment)>, <KeyAuditMatterTag(2421, 1006, ecl)>, <KeyAuditMatterTag(2422, 1007, ecl)>, <KeyAuditMatterTag(2423, 1007, estimation)>, <KeyAuditMatterTag(2424, 1008, value)>, <KeyAuditMatterTag(2425, 1009, impairment)>, <KeyAuditMatterTag(2426, 1009, measurement)>]",https://www1.hkexnews.hk/listedco/listconews/sehk/2020/0709/2020070900612.pdf
513,9333252,29/06/2020 17:21,8098,CL GROUP,Annual Report 2020,"Financial Statements/ESG Information - [Annual Report / Environmental, Social and Governance Information/Report]",2MB,"[<Auditor(491, 9333252, HLM CPA Limited)>]","[<KeyAuditMatter(1206, 9333252 (Incorporated in the Cayman Islands with limited liability))>, <KeyAuditMatter(1207, 9333252 Impairment assessment of trade and loans receivables)>, <KeyAuditMatter(1208, 9333252 KEY AUDIT MATTERS Impairment assessment of trade and loans receivables How the matter was addressed in our audit)>, <KeyAuditMatter(1209, 9333252 Provision for expected credit losses on margin client receivables included in trade receivables and loan receivable)>, <KeyAuditMatter(1210, 9333252 KEY AUDIT MATTERS Provision for expected credit losses on margin client receivables included in trade receivables and loan receivable How the matter was addressed in our audit)>]","[<KeyAuditMatterTag(2876, 1206, land)>, <KeyAuditMatterTag(2877, 1207, assessment)>, <KeyAuditMatterTag(2878, 1207, impairment)>, <KeyAuditMatterTag(2879, 1208, assessment)>, <KeyAuditMatterTag(2880, 1208, impairment)>, <KeyAuditMatterTag(2881, 1209, expected credit loss)>, <KeyAuditMatterTag(2882, 1209, provision)>, <KeyAuditMatterTag(2883, 1210, expected credit loss)>, <KeyAuditMatterTag(2884, 1210, provision)>]",https://www1.hkexnews.hk/listedco/listconews/gem/2020/0629/2020062900844.pdf
643,9281994,15/05/2020 16:38,132,CHINA INV HOLD,2019 ANNUAL REPORT,Financial Statements/ESG Information - [Annual Report],2MB,"[<Auditor(617, 9281994, HLM CPA Limited)>]","[<KeyAuditMatter(1467, 9281994 Key Audit Matter: Impairment of finance lease receivables)>, <KeyAuditMatter(1468, 9281994 Key Audit Matter: Valuation of investment properties and PRC hotel properties)>, <KeyAuditMatter(1469, 9281994 Key Audit Matter: Revenue recognition)>, <KeyAuditMatter(1470, 9281994 Key Audit Matter: Accounting for interests in associates)>, <KeyAuditMatter(1471, 9281994 Key Audit Matter: Impairment assessment on interests in associates)>]","[<KeyAuditMatterTag(3516, 1467, impairment)>, <KeyAuditMatterTag(3517, 1468, investment)>, <KeyAuditMatterTag(3518, 1468, properties)>, <KeyAuditMatterTag(3519, 1468, valuation)>, <KeyAuditMatterTag(3520, 1469, recognition)>, <KeyAuditMatterTag(3521, 1469, revenue)>, <KeyAuditMatterTag(3522, 1470, associate)>, <KeyAuditMatterTag(3523, 1471, assessment)>, <KeyAuditMatterTag(3524, 1471, associate)>, <KeyAuditMatterTag(3525, 1471, impairment)>]",https://www1.hkexnews.hk/listedco/listconews/sehk/2020/0515/2020051500659.pdf
730,9279518,14/05/2020 16:31,765,PERFECTECH INTL,ANNUAL REPORT 2019,Financial Statements/ESG Information - [Annual Report],3MB,"[<Auditor(702, 9279518, HLM CPA Limited)>]","[<KeyAuditMatter(1689, 9279518 Valuation of investment property)>, <KeyAuditMatter(1690, 9279518 Valuation of inventories)>, <KeyAuditMatter(1691, 9279518 Valuation of trade receivables)>]","[<KeyAuditMatterTag(4025, 1689, investment)>, <KeyAuditMatterTag(4026, 1689, property)>, <KeyAuditMatterTag(4027, 1689, valuation)>, <KeyAuditMatterTag(4028, 1690, inventories)>, <KeyAuditMatterTag(4029, 1690, valuation)>, <KeyAuditMatterTag(4030, 1691, valuation)>]",https://www1.hkexnews.hk/listedco/listconews/sehk/2020/0514/2020051400487.pdf
973,9256476,28/04/2020 17:43,471,CMMB VISION,"Annual Report / Environmental, Social and Governance Report 2019","Financial Statements/ESG Information - [Annual Report / Environmental, Social and Governance Information/Report]",3MB,"[<Auditor(927, 9256476, HLM CPA Limited)>]","[<KeyAuditMatter(2184, 9256476 Valuation of the intangible assets)>]","[<KeyAuditMatterTag(5145, 2184, asset)>, <KeyAuditMatterTag(5146, 2184, valuation)>]",https://www1.hkexnews.hk/listedco/listconews/sehk/2020/0428/2020042802122.pdf
1151,9253930,27/04/2020 20:09,91,GOLDEN CEN INTL,ANNUAL REPORT 2019,Financial Statements/ESG Information - [Annual Report],3MB,"[<Auditor(1100, 9253930, HLM CPA Limited)>]","[<KeyAuditMatter(2595, 9253930 Valuation and impairment assessment of intangible assets)>, <KeyAuditMatter(2596, 9253930 Valuation of convertible notes  embedded derivatives)>]","[<KeyAuditMatterTag(6148, 2595, assessment)>, <KeyAuditMatterTag(6149, 2595, asset)>, <KeyAuditMatterTag(6150, 2595, impairment)>, <KeyAuditMatterTag(6151, 2595, valuation)>, <KeyAuditMatterTag(6152, 2596, valuation)>]",https://www1.hkexnews.hk/listedco/listconews/sehk/2020/0427/2020042702428.pdf
1817,9240200,17/04/2020 20:22,950,LEE'S PHARM,Annual Report 2019,Financial Statements/ESG Information - [Annual Report],8MB,"[<Auditor(1748, 9240200, HLM CPA Limited)>]","[<KeyAuditMatter(4061, 9240200 Revenue recognition(refer to notes 5 and 6 to the consolidated 56financial statements))>]","[<KeyAuditMatterTag(9578, 4061, recognition)>, <KeyAuditMatterTag(9579, 4061, revenue)>]",https://www1.hkexnews.hk/listedco/listconews/sehk/2020/0417/2020041701528.pdf
1985,9233979,14/04/2020 16:36,431,G CHINA FIN,Annual Report 2019,Financial Statements/ESG Information - [Annual Report],5MB,"[<Auditor(1909, 9233979, HLM CPA Limited)>]","[<KeyAuditMatter(4455, 9233979 Impairment assessment of goodwill)>, <KeyAuditMatter(4456, 9233979 Impairment assessment of receivables and provision of guarantee losses)>, <KeyAuditMatter(4457, 9233979 Impairment assessment of receivables and provision of guarantee losses (Continued))>]","[<KeyAuditMatterTag(10460, 4455, assessment)>, <KeyAuditMatterTag(10461, 4455, goodwill)>, <KeyAuditMatterTag(10462, 4455, impairment)>, <KeyAuditMatterTag(10463, 4456, assessment)>, <KeyAuditMatterTag(10464, 4456, impairment)>, <KeyAuditMatterTag(10465, 4456, provision)>, <KeyAuditMatterTag(10466, 4457, assessment)>, <KeyAuditMatterTag(10467, 4457, impairment)>, <KeyAuditMatterTag(10468, 4457, provision)>]",https://www1.hkexnews.hk/listedco/listconews/sehk/2020/0414/2020041400762.pdf
2127,9216480,01/04/2020 07:54,8116,C FORTUNE INV,Annual Report 2019,Financial Statements/ESG Information - [Annual Report],1MB,"[<Auditor(2043, 9216480, HLM CPA Limited)>]","[<KeyAuditMatter(4755, 9216480 Valuation of inventories)>, <KeyAuditMatter(4756, 9216480 Impairment assessment of goodwill in relation to wine and golf business)>, <KeyAuditMatter(4757, 9216480 Impairment assessment of trade receivables)>]","[<KeyAuditMatterTag(11158, 4755, inventories)>, <KeyAuditMatterTag(11159, 4755, valuation)>, <KeyAuditMatterTag(11160, 4756, assessment)>, <KeyAuditMatterTag(11161, 4756, goodwill)>, <KeyAuditMatterTag(11162, 4756, impairment)>, <KeyAuditMatterTag(11163, 4757, assessment)>, <KeyAuditMatterTag(11164, 4757, impairment)>]",https://www1.hkexnews.hk/listedco/listconews/gem/2020/0401/2020040100184.pdf
2234,9209074,30/03/2020 07:59,612,CHINA DYF,2019 Annual Report,Financial Statements/ESG Information - [Annual Report],1MB,"[<Auditor(2147, 9209074, HLM CPA Limited)>]","[<KeyAuditMatter(4999, 9209074 Valuation of the equity instruments at fair value through other comprehensive income (FVTOCI)Refer to note 17 to the consolidated financial statements)>]","[<KeyAuditMatterTag(11666, 4999, fair)>, <KeyAuditMatterTag(11667, 4999, income)>, <KeyAuditMatterTag(11668, 4999, valuation)>, <KeyAuditMatterTag(11669, 4999, value)>]",https://www1.hkexnews.hk/listedco/listconews/sehk/2020/0330/2020033000091.pdf
2263,9206033,27/03/2020 16:16,8612,WORLD SUPER,Annual Report 2019,"Financial Statements/ESG Information - [Annual Report / Environmental, Social and Governance Information/Report]",1MB,"[<Auditor(2175, 9206033, HLM CPA Limited)>]","[<KeyAuditMatter(5052, 9206033 TO THE MEMBERS OF WORLD SUPER HOLDINGS LIMITED(Incorporated in Cayman Islands with Limited Liability))>, <KeyAuditMatter(5053, 9206033 Loss allowance for expected credit losses (ECL) of trade receivables)>]","[<KeyAuditMatterTag(11778, 5052, land)>, <KeyAuditMatterTag(11779, 5053, ecl)>, <KeyAuditMatterTag(11780, 5053, expected credit loss)>]",https://www1.hkexnews.hk/listedco/listconews/gem/2020/0327/2020032700490.pdf
2403,9054881,03/11/2019 18:17,8116,C FORTUNE INV,Annual Report 2018,Financial Statements/ESG Information - [Annual Report],5MB,"[<Auditor(2305, 9054881, HLM CPA Limited)>]",[],[],https://www1.hkexnews.hk/listedco/listconews/gem/2019/1103/2019110300027.pdf
2412,3620998,30/10/2019 17:00,1360,NOVA GROUP,ANNUAL REPORT 2018/2019,"Financial Statements/ESG Information - [Annual Report / Environmental, Social and Governance Information/Report]",2794KB,"[<Auditor(2314, 3620998, HLM CPA Limited)>]","[<KeyAuditMatter(5355, 3620998 Impairment assessment of goodwill)>, <KeyAuditMatter(5356, 3620998 Revenue recognition on contracts with customers)>, <KeyAuditMatter(5357, 3620998 Valuation of early redemption right of corporate bonds)>]","[<KeyAuditMatterTag(12466, 5355, assessment)>, <KeyAuditMatterTag(12467, 5355, goodwill)>, <KeyAuditMatterTag(12468, 5355, impairment)>, <KeyAuditMatterTag(12469, 5356, contracts)>, <KeyAuditMatterTag(12470, 5356, recognition)>, <KeyAuditMatterTag(12471, 5356, revenue)>, <KeyAuditMatterTag(12472, 5357, right)>, <KeyAuditMatterTag(12473, 5357, valuation)>]",https://www1.hkexnews.hk/listedco/listconews/sehk/2019/1030/ltn20191030077.pdf
2467,9283292,15/05/2020 21:04,2349,CH CITY INFRA,2019 ANNUAL REPORT,"Financial Statements/ESG Information - [Annual Report / Environmental, Social and Governance Information/Report]",3MB,"[<Auditor(2368, 9283292, HLM CPA Limited)>]","[<KeyAuditMatter(5492, 9283292 Impairment assessment of goodwill)>, <KeyAuditMatter(5493, 9283292 KEY AUDIT MATTERS Revenue recognition from sales of properties)>, <KeyAuditMatter(5494, 9283292 KEY AUDIT MATTERS Valuation of investment properties)>, <KeyAuditMatter(5495, 9283292 KEY AUDIT MATTERS Valuation of interest-bearing loan receivables)>]","[<KeyAuditMatterTag(12779, 5492, assessment)>, <KeyAuditMatterTag(12780, 5492, goodwill)>, <KeyAuditMatterTag(12781, 5492, impairment)>, <KeyAuditMatterTag(12782, 5493, properties)>, <KeyAuditMatterTag(12783, 5493, recognition)>, <KeyAuditMatterTag(12784, 5493, revenue)>, <KeyAuditMatterTag(12785, 5494, investment)>, <KeyAuditMatterTag(12786, 5494, properties)>, <KeyAuditMatterTag(12787, 5494, valuation)>, <KeyAuditMatterTag(12788, 5495, valuation)>]",https://www1.hkexnews.hk/listedco/listconews/sehk/2020/0515/2020051501931.pdf
