id,news_id,date_time,stock_code,stock_name,title,long_text,file_info,audit_firms,kams,kam_tags,file_link
74,9418977,30/08/2020 18:29,1566,CA CULTURAL,Annual Report 2020,Financial Statements/ESG Information - [Annual Report],2MB,"[<Auditor(74, 9418977, KTC Partners CPA Limited)>]","[<KeyAuditMatter(141, 9418977 (FORMERLY KNOWN AS CHINA ANIMATION CHARACTERS COMPANY LIMITED)(incorporated in the Cayman Islands with limited liability))>, <KeyAuditMatter(142, 9418977 Provision for expected credit losses (ECL) of trade receivables)>, <KeyAuditMatter(143, 9418977 Impairment assessment of non-current assets relating to CA Sega Joypolis Limited and its subsidiary (collectively referred to as the CA Sega Group))>, <KeyAuditMatter(144, 9418977 the Valuer)>]","[<KeyAuditMatterTag(332, 141, land)>, <KeyAuditMatterTag(333, 142, ecl)>, <KeyAuditMatterTag(334, 142, expected credit loss)>, <KeyAuditMatterTag(335, 142, provision)>, <KeyAuditMatterTag(336, 143, assessment)>, <KeyAuditMatterTag(337, 143, asset)>, <KeyAuditMatterTag(338, 143, impairment)>, <KeyAuditMatterTag(339, 144, value)>]",https://www1.hkexnews.hk/listedco/listconews/sehk/2020/0830/2020083000105.pdf
228,9371407,27/07/2020 17:11,1609,CHONG KIN GP,Annual Report 2020,Financial Statements/ESG Information - [Annual Report],2MB,"[<Auditor(218, 9371407, KTC Partners CPA Limited)>]","[<KeyAuditMatter(536, 9371407 Revenue recognition contributed from construction works)>, <KeyAuditMatter(537, 9371407 Provision for expected credit losses (ECL) of trade receivables and contract assets)>, <KeyAuditMatter(538, 9371407 Provision for expected credit losses (ECL) of loan and interest receivables)>, <KeyAuditMatter(539, 9371407 Valuation of goodwill)>, <KeyAuditMatter(540, 9371407 the Valuer)>, <KeyAuditMatter(541, 9371407 Valuation of contingent consideration receivables for business acquisitions)>]","[<KeyAuditMatterTag(1281, 536, recognition)>, <KeyAuditMatterTag(1282, 536, revenue)>, <KeyAuditMatterTag(1283, 537, asset)>, <KeyAuditMatterTag(1284, 537, ecl)>, <KeyAuditMatterTag(1285, 537, expected credit loss)>, <KeyAuditMatterTag(1286, 537, provision)>, <KeyAuditMatterTag(1287, 538, ecl)>, <KeyAuditMatterTag(1288, 538, expected credit loss)>, <KeyAuditMatterTag(1289, 538, provision)>, <KeyAuditMatterTag(1290, 539, goodwill)>, <KeyAuditMatterTag(1291, 539, valuation)>, <KeyAuditMatterTag(1292, 540, value)>, <KeyAuditMatterTag(1293, 541, acquisition)>, <KeyAuditMatterTag(1294, 541, valuation)>]",https://www1.hkexnews.hk/listedco/listconews/sehk/2020/0727/2020072700728.pdf
418,9348754,07/07/2020 16:41,1781,SC CREATIVE DEV,Annual Report 2019,Financial Statements/ESG Information - [Annual Report],2MB,"[<Auditor(397, 9348754, KTC Partners CPA Limited)>]",[],[],https://www1.hkexnews.hk/listedco/listconews/sehk/2020/0707/2020070700792.pdf
450,9337296,30/06/2020 22:50,8301,MINGWAH HI TECH,Annual Report 2019,Financial Statements/ESG Information - [Annual Report],3MB,"[<Auditor(429, 9337296, KTC Partners CPA Limited)>]",[],[],https://www1.hkexnews.hk/listedco/listconews/gem/2020/0630/2020063002664.pdf
595,9309988,05/06/2020 18:08,381,KIU HUNG INT'L,ANNUAL REPORT 2019,Financial Statements/ESG Information - [Annual Report],8MB,"[<Auditor(570, 9309988, KTC Partners CPA Limited)>]","[<KeyAuditMatter(1355, 9309988 1. Provision for expected credit losses (ECL) of trade receivables)>]","[<KeyAuditMatterTag(3229, 1355, ecl)>, <KeyAuditMatterTag(3230, 1355, expected credit loss)>, <KeyAuditMatterTag(3231, 1355, provision)>]",https://www1.hkexnews.hk/listedco/listconews/sehk/2020/0605/2020060500904.pdf
624,9282518,15/05/2020 17:36,8270,CHINA CBM,Annual Report 2019,Financial Statements/ESG Information - [Annual Report],2MB,"[<Auditor(599, 9282518, KTC Partners CPA Limited)>]","[<KeyAuditMatter(1416, 9282518 Impairment of property, plant and equipment and right-of-use assets)>]","[<KeyAuditMatterTag(3409, 1416, asset)>, <KeyAuditMatterTag(3410, 1416, impairment)>, <KeyAuditMatterTag(3411, 1416, plant and equipment)>, <KeyAuditMatterTag(3412, 1416, property)>, <KeyAuditMatterTag(3413, 1416, right)>]",https://www1.hkexnews.hk/listedco/listconews/gem/2020/0515/2020051501173.pdf
