id,news_id,date_time,stock_code,stock_name,title,long_text,file_info,audit_firms,kams,kam_tags,file_link
14,9474646,15/10/2020 16:41,2211,UNI HEALTH,2019/20 ANNUAL REPORT,"Financial Statements/ESG Information - [Annual Report / Environmental, Social and Governance Information/Report]",4MB,"[<Auditor(14, 9474646, Mazars CPA Limited)>]","[<KeyAuditMatter(22, 9474646 Impairment assessment of goodwill and other related non-current assets)>, <KeyAuditMatter(23, 9474646 Impairment assessment of a logistics building included in property, plant and equipment  Distribution segment)>, <KeyAuditMatter(24, 9474646 Impairment assessment of investment in an associate)>, <KeyAuditMatter(25, 9474646 Valuation of biological assets)>]","[<KeyAuditMatterTag(58, 22, assessment)>, <KeyAuditMatterTag(59, 22, asset)>, <KeyAuditMatterTag(60, 22, goodwill)>, <KeyAuditMatterTag(61, 22, impairment)>, <KeyAuditMatterTag(62, 23, assessment)>, <KeyAuditMatterTag(63, 23, impairment)>, <KeyAuditMatterTag(64, 23, plant and equipment)>, <KeyAuditMatterTag(65, 23, property)>, <KeyAuditMatterTag(66, 24, assessment)>, <KeyAuditMatterTag(67, 24, associate)>, <KeyAuditMatterTag(68, 24, impairment)>, <KeyAuditMatterTag(69, 24, investment)>, <KeyAuditMatterTag(70, 25, asset)>, <KeyAuditMatterTag(71, 25, valuation)>]",https://www1.hkexnews.hk/listedco/listconews/sehk/2020/1015/2020101500438.pdf
36,9457108,29/09/2020 19:41,8645,NOMAD TECH,Annual Report 2019/2020,Financial Statements/ESG Information - [Annual Report],1MB,"[<Auditor(36, 9457108, Mazars CPA Limited)>]","[<KeyAuditMatter(73, 9457108 Nomad Technologies Holdings Limited(incorporated in the Cayman Islands with limited liability))>, <KeyAuditMatter(74, 9457108 Recognition of expenses for the initial listing of the Group)>, <KeyAuditMatter(75, 9457108 Recoverability assessment of trade receivables)>, <KeyAuditMatter(76, 9457108 ECL)>, <KeyAuditMatter(77, 9457108 Revenue Recognition)>, <KeyAuditMatter(78, 9457108 Refer to significant accounting policy in Note 2 and the disclosure of revenue in Note 5 to the consolidated financial statements)>]","[<KeyAuditMatterTag(199, 73, land)>, <KeyAuditMatterTag(200, 74, recognition)>, <KeyAuditMatterTag(201, 75, assessment)>, <KeyAuditMatterTag(202, 75, recoverability)>, <KeyAuditMatterTag(203, 76, ecl)>, <KeyAuditMatterTag(204, 77, recognition)>, <KeyAuditMatterTag(205, 77, revenue)>, <KeyAuditMatterTag(206, 78, revenue)>]",https://www1.hkexnews.hk/listedco/listconews/gem/2020/0929/2020092901098.pdf
71,9419773,31/08/2020 16:48,318,VONGROUP,Annual Report 2020,Financial Statements/ESG Information - [Annual Report],2MB,"[<Auditor(71, 9419773, Mazars CPA Limited)>]","[<KeyAuditMatter(139, 9419773 Fair value of investment properties)>, <KeyAuditMatter(140, 9419773 Allowance for expected credit losses (ECL) assessment on account receivables, loan receivables and deposits and other receivables)>]","[<KeyAuditMatterTag(325, 139, fair)>, <KeyAuditMatterTag(326, 139, investment)>, <KeyAuditMatterTag(327, 139, properties)>, <KeyAuditMatterTag(328, 139, value)>, <KeyAuditMatterTag(329, 140, assessment)>, <KeyAuditMatterTag(330, 140, ecl)>, <KeyAuditMatterTag(331, 140, expected credit loss)>]",https://www1.hkexnews.hk/listedco/listconews/sehk/2020/0831/2020083100609.pdf
119,9377519,31/07/2020 16:30,485,CHINASINOSTAR,Annual Report 2020,"Financial Statements/ESG Information - [Annual Report / Environmental, Social and Governance Information/Report]",1MB,"[<Auditor(109, 9377519, Mazars CPA Limited)>]",[],[],https://www1.hkexnews.hk/listedco/listconews/sehk/2020/0731/2020073100379.pdf
151,9376158,30/07/2020 16:51,989,GROUND INTL DEV,2019/20 Annual Report,"Financial Statements/ESG Information - [Annual Report / Environmental, Social and Governance Information/Report]",11MB,"[<Auditor(141, 9376158, Mazars CPA Limited)>]","[<KeyAuditMatter(286, 9376158 Net realisable value of properties under development and completed properties held for sale)>, <KeyAuditMatter(287, 9376158  Checking the expected selling price to the prices of )>, <KeyAuditMatter(288, 9376158  If the net realisable value is based on the valuation )>, <KeyAuditMatter(289, 9376158 Expected credit loss (ECL) on entrusted loan receivables and provision for guarantee losses)>, <KeyAuditMatter(290, 9376158  Evaluating the estimation methodology and input )>]","[<KeyAuditMatterTag(667, 286, net realisable value)>, <KeyAuditMatterTag(668, 286, properties)>, <KeyAuditMatterTag(669, 286, value)>, <KeyAuditMatterTag(670, 287, price)>, <KeyAuditMatterTag(671, 288, net realisable value)>, <KeyAuditMatterTag(672, 288, valuation)>, <KeyAuditMatterTag(673, 288, value)>, <KeyAuditMatterTag(674, 289, ecl)>, <KeyAuditMatterTag(675, 289, expected credit loss)>, <KeyAuditMatterTag(676, 289, provision)>, <KeyAuditMatterTag(677, 290, estimation)>]",https://www1.hkexnews.hk/listedco/listconews/sehk/2020/0730/2020073000823.pdf
155,9376113,30/07/2020 16:45,1653,MOS HOUSE,ANNUAL REPORT 2020,"Financial Statements/ESG Information - [Annual Report / Environmental, Social and Governance Information/Report]",8MB,"[<Auditor(145, 9376113, Mazars CPA Limited)>]","[<KeyAuditMatter(298, 9376113 Impairment assessment of trade receivables)>, <KeyAuditMatter(299, 9376113 Provision for inventories)>, <KeyAuditMatter(300, 9376113 	Assessing	the	provisions	by	comparing	the	ageing	of	)>, <KeyAuditMatter(301, 9376113 	Testing	inventories	to	assess	if	they	are	stated	at	the	)>]","[<KeyAuditMatterTag(699, 298, assessment)>, <KeyAuditMatterTag(700, 298, impairment)>, <KeyAuditMatterTag(701, 299, inventories)>, <KeyAuditMatterTag(702, 299, provision)>, <KeyAuditMatterTag(703, 300, provision)>, <KeyAuditMatterTag(704, 301, inventories)>]",https://www1.hkexnews.hk/listedco/listconews/sehk/2020/0730/2020073000783.pdf
182,9374161,29/07/2020 17:25,567,DAISHOMICROLINE,ANNUAL REPORT 2019-2020,"Financial Statements/ESG Information - [Annual Report / Environmental, Social and Governance Information/Report]",950KB,"[<Auditor(172, 9374161, Mazars CPA Limited)>]","[<KeyAuditMatter(369, 9374161 Impairment of property, plant and equipment (other than right-of-use assets))>, <KeyAuditMatter(370, 9374161 Expected credit losses (ECL) assessment of trade receivables)>]","[<KeyAuditMatterTag(885, 369, asset)>, <KeyAuditMatterTag(886, 369, impairment)>, <KeyAuditMatterTag(887, 369, plant and equipment)>, <KeyAuditMatterTag(888, 369, property)>, <KeyAuditMatterTag(889, 369, right)>, <KeyAuditMatterTag(890, 370, assessment)>, <KeyAuditMatterTag(891, 370, ecl)>, <KeyAuditMatterTag(892, 370, expected credit loss)>]",https://www1.hkexnews.hk/listedco/listconews/sehk/2020/0729/2020072900650.pdf
310,9364933,21/07/2020 20:51,1469,GET NICE FIN,ANNUAL REPORT 2020,Financial Statements/ESG Information - [Annual Report],10MB,"[<Auditor(296, 9364933, Mazars CPA Limited)>]","[<KeyAuditMatter(765, 9364933 Loss allowance for expected credit losses (ECL) on accounts receivable from margin clients arising from the business of dealing in securities margin financing)>, <KeyAuditMatter(766, 9364933 Loss allowance for expected credit losses (ECL) on accounts receivable from margin clients arising from the business of dealing in securities margin financing  continued)>]","[<KeyAuditMatterTag(1852, 765, ecl)>, <KeyAuditMatterTag(1853, 765, expected credit loss)>, <KeyAuditMatterTag(1854, 766, ecl)>, <KeyAuditMatterTag(1855, 766, expected credit loss)>]",https://www1.hkexnews.hk/listedco/listconews/sehk/2020/0721/2020072101273.pdf
311,9364796,21/07/2020 19:46,64,GET NICE,ANNUAL REPORT 2020,Financial Statements/ESG Information - [Annual Report],4MB,"[<Auditor(297, 9364796, Mazars CPA Limited)>]","[<KeyAuditMatter(767, 9364796 TO THE MEMBERS OF GET NICE HOLDINGS LIMITED (incorporated in the Cayman Islands with limited liability))>, <KeyAuditMatter(768, 9364796 Key Audit Matters  continuedLoss allowance for expected credit losses (ECL) on loans and advances)>, <KeyAuditMatter(769, 9364796 Loss allowance for ECL on accounts receivable from margin clients arising from the business of dealing in securities margin financing)>]","[<KeyAuditMatterTag(1856, 767, land)>, <KeyAuditMatterTag(1857, 768, ecl)>, <KeyAuditMatterTag(1858, 768, expected credit loss)>, <KeyAuditMatterTag(1859, 769, ecl)>]",https://www1.hkexnews.hk/listedco/listconews/sehk/2020/0721/2020072101136.pdf
318,9364263,21/07/2020 16:54,1229,NAN NAN RES,Annual Report 2020,Financial Statements/ESG Information - [Annual Report],4MB,"[<Auditor(304, 9364263, Mazars CPA Limited)>]","[<KeyAuditMatter(787, 9364263 KEY AUDIT MATTERS (continued) Impairment assessment on coal mines related non-current assets)>, <KeyAuditMatter(788, 9364263 KEY AUDIT MATTERS (continued) Impairment assessment on goodwill for information technology outsourcing, consultancy and technical services business (IT Services business) and related non-current assets)>, <KeyAuditMatter(789, 9364263 KEY AUDIT MATTERS (continued) Valuation of convertible bond designated as financial liabilities at fair value through profit or loss (the Convertible Bond))>, <KeyAuditMatter(790, 9364263 KEY AUDIT MATTERS (continued) Acquisition accounting for Harbour Group)>]","[<KeyAuditMatterTag(1907, 787, assessment)>, <KeyAuditMatterTag(1908, 787, asset)>, <KeyAuditMatterTag(1909, 787, impairment)>, <KeyAuditMatterTag(1910, 788, assessment)>, <KeyAuditMatterTag(1911, 788, asset)>, <KeyAuditMatterTag(1912, 788, goodwill)>, <KeyAuditMatterTag(1913, 788, impairment)>, <KeyAuditMatterTag(1914, 789, fair)>, <KeyAuditMatterTag(1915, 789, valuation)>, <KeyAuditMatterTag(1916, 789, value)>, <KeyAuditMatterTag(1917, 790, acquisition)>]",https://www1.hkexnews.hk/listedco/listconews/sehk/2020/0721/2020072100607.pdf
348,9360875,17/07/2020 16:20,645,ARES ASIA,ANNUAL REPORT 2019/2020,"Financial Statements/ESG Information - [Annual Report / Environmental, Social and Governance Information/Report]",3MB,"[<Auditor(333, 9360875, Mazars CPA Limited)>]","[<KeyAuditMatter(864, 9360875 Revenue recognitionRefer to Notes 2(m) and 4 to the consolidated financial statements)>]","[<KeyAuditMatterTag(2088, 864, recognition)>, <KeyAuditMatterTag(2089, 864, revenue)>]",https://www1.hkexnews.hk/listedco/listconews/sehk/2020/0717/2020071700388.pdf
441,9337638,01/07/2020 18:27,8325,CHINA SMARTPAY,ANNUAL REPORT 2020,"Financial Statements/ESG Information - [Annual Report / Environmental, Social and Governance Information/Report]",2MB,"[<Auditor(420, 9337638, Mazars CPA Limited)>]","[<KeyAuditMatter(1049, 9337638 Recognition of revenue from prepaid cards and internet payment business and internet micro-credit business)>, <KeyAuditMatter(1050, 9337638 Refer to significant accounting policy in Note 3 and the disclosures of revenue (continuing and discontinued operations), loan receivables and unutilised float funds in Notes 6, 12, 22(b) and 25(c) to the consolidated financial statements respectively)>, <KeyAuditMatter(1051, 9337638 Impairment of goodwill and interests in associates)>, <KeyAuditMatter(1052, 9337638 Refer to significant accounting policy and critical accounting estimate and judgement in Note 3 and the disclosures of interests in associates and goodwill in Notes 15 and 16 to the consolidated financial statements respectively)>, <KeyAuditMatter(1053, 9337638 (2019: approximately HK$8,651,000 and HK$87,202,000 on goodwill arising from internet payment clearing CGU and the prestige benefits CGU, respectively)(2019: approximately HK$18,654,000))>, <KeyAuditMatter(1054, 9337638 Recoverability assessment of trade and other receivables)>]","[<KeyAuditMatterTag(2530, 1049, recognition)>, <KeyAuditMatterTag(2531, 1049, revenue)>, <KeyAuditMatterTag(2532, 1050, revenue)>, <KeyAuditMatterTag(2533, 1051, associate)>, <KeyAuditMatterTag(2534, 1051, goodwill)>, <KeyAuditMatterTag(2535, 1051, impairment)>, <KeyAuditMatterTag(2536, 1052, associate)>, <KeyAuditMatterTag(2537, 1052, goodwill)>, <KeyAuditMatterTag(2538, 1053, goodwill)>, <KeyAuditMatterTag(2539, 1054, assessment)>, <KeyAuditMatterTag(2540, 1054, recoverability)>]",https://www1.hkexnews.hk/listedco/listconews/gem/2020/0701/2020070100101.pdf
443,9337550,01/07/2020 18:08,8039,KNK HOLDINGS,2020 ANNUAL REPORT,"Financial Statements/ESG Information - [Annual Report / Environmental, Social and Governance Information/Report]",1MB,"[<Auditor(422, 9337550, Mazars CPA Limited)>]",[],[],https://www1.hkexnews.hk/listedco/listconews/gem/2020/0701/2020070100029.pdf
465,9335600,30/06/2020 16:41,8125,ROYAL CEN RES,Annual Report 2019/20,"Financial Statements/ESG Information - [Annual Report / Environmental, Social and Governance Information/Report]",3MB,"[<Auditor(444, 9335600, Mazars CPA Limited)>]","[<KeyAuditMatter(1100, 9335600 Revenue recognition for provision of fitting out and engineering services and design and procurement of furnishings and related products services)>, <KeyAuditMatter(1101, 9335600 Revenue recognition for provision of fitting out and engineering services and design and procurement of furnishings and related products services)>, <KeyAuditMatter(1102, 9335600 Valuation of investment property)>, <KeyAuditMatter(1103, 9335600 Impairment assessment of intangible assets and goodwill)>]","[<KeyAuditMatterTag(2639, 1100, provision)>, <KeyAuditMatterTag(2640, 1100, recognition)>, <KeyAuditMatterTag(2641, 1100, revenue)>, <KeyAuditMatterTag(2642, 1101, provision)>, <KeyAuditMatterTag(2643, 1101, recognition)>, <KeyAuditMatterTag(2644, 1101, revenue)>, <KeyAuditMatterTag(2645, 1102, investment)>, <KeyAuditMatterTag(2646, 1102, property)>, <KeyAuditMatterTag(2647, 1102, valuation)>, <KeyAuditMatterTag(2648, 1103, assessment)>, <KeyAuditMatterTag(2649, 1103, asset)>, <KeyAuditMatterTag(2650, 1103, goodwill)>, <KeyAuditMatterTag(2651, 1103, impairment)>]",https://www1.hkexnews.hk/listedco/listconews/gem/2020/0630/2020063000751.pdf
492,9334145,29/06/2020 20:49,8631,SUN KONG HLDGS,Annual Report 2019/2020,"Financial Statements/ESG Information - [Annual Report / Environmental, Social and Governance Information/Report]",3MB,"[<Auditor(470, 9334145, Mazars CPA Limited)>]","[<KeyAuditMatter(1167, 9334145 Loss allowance for expected credit losses (ECL) of trade receivables)>]","[<KeyAuditMatterTag(2781, 1167, ecl)>, <KeyAuditMatterTag(2782, 1167, expected credit loss)>]",https://www1.hkexnews.hk/listedco/listconews/gem/2020/0629/2020062901807.pdf
498,9333870,29/06/2020 19:30,8431,HAO BAI INTL,Annual Report 2019/2020,"Financial Statements/ESG Information - [Annual Report / Environmental, Social and Governance Information/Report]",2MB,"[<Auditor(476, 9333870, Mazars CPA Limited)>]","[<KeyAuditMatter(1176, 9333870 Revenue and profit recognition of management contracting services and contract assets and liabilities for contract works)>, <KeyAuditMatter(1177, 9333870 Revenue and profit recognition of management contracting services and contract assets and liabilities for contract works )>, <KeyAuditMatter(1178, 9333870 Recoverability of trade debtors and contract assets)>]","[<KeyAuditMatterTag(2803, 1176, asset)>, <KeyAuditMatterTag(2804, 1176, recognition)>, <KeyAuditMatterTag(2805, 1176, revenue)>, <KeyAuditMatterTag(2806, 1177, asset)>, <KeyAuditMatterTag(2807, 1177, recognition)>, <KeyAuditMatterTag(2808, 1177, revenue)>, <KeyAuditMatterTag(2809, 1178, asset)>, <KeyAuditMatterTag(2810, 1178, recoverability)>]",https://www1.hkexnews.hk/listedco/listconews/gem/2020/0629/2020062901462.pdf
499,9333831,29/06/2020 19:15,8613,ORIENTAL PAY,ANNUAL REPORT 2020,"Financial Statements/ESG Information - [Annual Report / Environmental, Social and Governance Information/Report]",927KB,"[<Auditor(477, 9333831, Mazars CPA Limited)>]","[<KeyAuditMatter(1179, 9333831 OCG Thailand)>]","[<KeyAuditMatterTag(2811, 1179, land)>]",https://www1.hkexnews.hk/listedco/listconews/gem/2020/0629/2020062901423.pdf
558,9330646,24/06/2020 21:13,8136,IMS GROUP,ANNUAL REPORT 2019/20,"Financial Statements/ESG Information - [Annual Report / Environmental, Social and Governance Information/Report]",1MB,"[<Auditor(536, 9330646, Mazars CPA Limited)>]","[<KeyAuditMatter(1294, 9330646 ECLs)>]","[<KeyAuditMatterTag(3072, 1294, ecl)>]",https://www1.hkexnews.hk/listedco/listconews/gem/2020/0624/2020062401816.pdf
574,9326573,22/06/2020 16:32,167,IDT INT'L,Annual Report 2019,Financial Statements/ESG Information - [Annual Report],7MB,"[<Auditor(549, 9326573, Mazars CPA Limited)>]","[<KeyAuditMatter(1321, 9326573 Impairment assessment on property, plant and equipment)>, <KeyAuditMatter(1322, 9326573 Valuation of inventories)>, <KeyAuditMatter(1323, 9326573 Recoverability of trade receivables)>]","[<KeyAuditMatterTag(3129, 1321, assessment)>, <KeyAuditMatterTag(3130, 1321, impairment)>, <KeyAuditMatterTag(3131, 1321, plant and equipment)>, <KeyAuditMatterTag(3132, 1321, property)>, <KeyAuditMatterTag(3133, 1322, inventories)>, <KeyAuditMatterTag(3134, 1322, valuation)>, <KeyAuditMatterTag(3135, 1323, recoverability)>]",https://www1.hkexnews.hk/listedco/listconews/sehk/2020/0622/2020062200343.pdf
627,9282467,15/05/2020 17:28,593,DREAMEAST,2019 ANNUAL REPORT,"Financial Statements/ESG Information - [Annual Report / Environmental, Social and Governance Information/Report]",3MB,"[<Auditor(601, 9282467, Mazars CPA Limited)>]","[<KeyAuditMatter(1422, 9282467 Valuation of investment properties)>, <KeyAuditMatter(1423, 9282467  Obtaining a copy of valuation report prepared )>, <KeyAuditMatter(1424, 9282467  Challenging the independent external valuer the )>, <KeyAuditMatter(1425, 9282467 Revenue recognised from sales of properties)>, <KeyAuditMatter(1426, 9282467  Testing key internal controls over revenue )>, <KeyAuditMatter(1427, 9282467  Reading the signed sales and purchase )>, <KeyAuditMatter(1428, 9282467  Obtaining evidence regarding the property )>]","[<KeyAuditMatterTag(3422, 1422, investment)>, <KeyAuditMatterTag(3423, 1422, properties)>, <KeyAuditMatterTag(3424, 1422, valuation)>, <KeyAuditMatterTag(3425, 1423, valuation)>, <KeyAuditMatterTag(3426, 1424, value)>, <KeyAuditMatterTag(3427, 1425, properties)>, <KeyAuditMatterTag(3428, 1425, revenue)>, <KeyAuditMatterTag(3429, 1426, revenue)>, <KeyAuditMatterTag(3430, 1427, purchase)>, <KeyAuditMatterTag(3431, 1428, property)>]",https://www1.hkexnews.hk/listedco/listconews/sehk/2020/0515/2020051501122.pdf
663,9281288,15/05/2020 06:13,1900,CHINA ITS,Annual Report 2019,"Financial Statements/ESG Information - [Annual Report / Environmental, Social and Governance Information/Report]",6MB,"[<Auditor(637, 9281288, Mazars CPA Limited)>]","[<KeyAuditMatter(1520, 9281288 To the shareholders of China ITS (Holdings) Co., Ltd.(incorporated in the Cayman Islands with limited liability))>, <KeyAuditMatter(1521, 9281288 Revenue recognition on products and specialised solutionsRefer to notes 2.4 and 5 to the consolidated financial statements)>, <KeyAuditMatter(1522, 9281288 Impairment of goodwillRefer to notes 2.4 and 16 to the consolidated financial statements)>, <KeyAuditMatter(1523, 9281288 Valuation of unlisted equity investmentsRefer to notes 2.4, 24 and 41 to the consolidated financial statements)>, <KeyAuditMatter(1524, 9281288 Valuation of investment propertiesRefer to notes 2.4 and 15 to the consolidated financial statements)>, <KeyAuditMatter(1525, 9281288 Allowance for impairment of trade receivables and contract assetsRefer to notes 2.4, 21 and 23 to the consolidated financial statements)>]","[<KeyAuditMatterTag(3634, 1520, land)>, <KeyAuditMatterTag(3635, 1521, recognition)>, <KeyAuditMatterTag(3636, 1521, revenue)>, <KeyAuditMatterTag(3637, 1522, goodwill)>, <KeyAuditMatterTag(3638, 1522, impairment)>, <KeyAuditMatterTag(3639, 1523, investment)>, <KeyAuditMatterTag(3640, 1523, valuation)>, <KeyAuditMatterTag(3641, 1524, investment)>, <KeyAuditMatterTag(3642, 1524, properties)>, <KeyAuditMatterTag(3643, 1524, valuation)>, <KeyAuditMatterTag(3644, 1525, asset)>, <KeyAuditMatterTag(3645, 1525, impairment)>]",https://www1.hkexnews.hk/listedco/listconews/sehk/2020/0515/2020051500057.pdf
702,9279977,14/05/2020 17:14,885,RENTIAN TECH,Annual Report 2019,Financial Statements/ESG Information - [Annual Report],5MB,"[<Auditor(675, 9279977, Mazars CPA Limited)>]",[],[],https://www1.hkexnews.hk/listedco/listconews/sehk/2020/0514/2020051400946.pdf
742,9279000,14/05/2020 06:02,8310,DAFENG PORT,Annual Report 2019,Financial Statements/ESG Information - [Annual Report],6MB,"[<Auditor(714, 9279000, Mazars CPA Limited)>]","[<KeyAuditMatter(1710, 9279000 Impairment assessment on goodwill)>, <KeyAuditMatter(1711, 9279000 Impairment assessment on goodwill (Continued))>, <KeyAuditMatter(1712, 9279000 Impairment of property, plant and equipment)>, <KeyAuditMatter(1713, 9279000 Impairment of trade receivables)>]","[<KeyAuditMatterTag(4068, 1710, assessment)>, <KeyAuditMatterTag(4069, 1710, goodwill)>, <KeyAuditMatterTag(4070, 1710, impairment)>, <KeyAuditMatterTag(4071, 1711, assessment)>, <KeyAuditMatterTag(4072, 1711, goodwill)>, <KeyAuditMatterTag(4073, 1711, impairment)>, <KeyAuditMatterTag(4074, 1712, impairment)>, <KeyAuditMatterTag(4075, 1712, plant and equipment)>, <KeyAuditMatterTag(4076, 1712, property)>, <KeyAuditMatterTag(4077, 1713, impairment)>]",https://www1.hkexnews.hk/listedco/listconews/gem/2020/0514/2020051400005.pdf
936,9257271,28/04/2020 19:46,613,PLANETREE INT'L,ANNUAL REPORT 2019,"Financial Statements/ESG Information - [Annual Report / Environmental, Social and Governance Information/Report]",1MB,"[<Auditor(891, 9257271, Mazars CPA Limited)>]","[<KeyAuditMatter(2097, 9257271 Loss allowance for expected credit loss (ECL) on loan and interest receivables from money lending business)>, <KeyAuditMatter(2098, 9257271 Valuation of investment properties)>, <KeyAuditMatter(2099, 9257271 Business combinations)>]","[<KeyAuditMatterTag(4967, 2097, ecl)>, <KeyAuditMatterTag(4968, 2097, expected credit loss)>, <KeyAuditMatterTag(4969, 2098, investment)>, <KeyAuditMatterTag(4970, 2098, properties)>, <KeyAuditMatterTag(4971, 2098, valuation)>, <KeyAuditMatterTag(4972, 2099, business combination)>]",https://www1.hkexnews.hk/listedco/listconews/sehk/2020/0428/2020042802917.pdf
962,9256668,28/04/2020 18:04,239,PAK FAH YEOW,Annual Report 2019,Financial Statements/ESG Information - [Annual Report],2MB,"[<Auditor(916, 9256668, Mazars CPA Limited)>]","[<KeyAuditMatter(2156, 9256668 Key audit matterHow the matter was addressed in our auditValuation of investment properties and leasehold land and buildingsRefer to notes 12, 13 and 32(b) to the consolidated financial statements)>]","[<KeyAuditMatterTag(5080, 2156, investment)>, <KeyAuditMatterTag(5081, 2156, land)>, <KeyAuditMatterTag(5082, 2156, properties)>, <KeyAuditMatterTag(5083, 2156, valuation)>]",https://www1.hkexnews.hk/listedco/listconews/sehk/2020/0428/2020042802314.pdf
992,9256157,28/04/2020 17:21,809,GLOBAL BIO-CHEM,Annual Report 2019,Financial Statements/ESG Information - [Annual Report],2MB,"[<Auditor(945, 9256157, Mazars CPA Limited)>]",[],[],https://www1.hkexnews.hk/listedco/listconews/sehk/2020/0428/2020042801803.pdf
1081,9255158,28/04/2020 16:36,3889,GLOBAL SWEET,Annual Report 2019,Financial Statements/ESG Information - [Annual Report],1MB,"[<Auditor(1033, 9255158, Mazars CPA Limited)>]",[],[],https://www1.hkexnews.hk/listedco/listconews/sehk/2020/0428/2020042800806.pdf
1133,9254323,27/04/2020 22:44,2278,HAILAN HLDGS,2019 Annual Report,"Financial Statements/ESG Information - [Annual Report / Environmental, Social and Governance Information/Report]",6MB,"[<Auditor(1083, 9254323, Mazars CPA Limited)>]","[<KeyAuditMatter(2548, 9254323 Valuation of properties under development and completed properties held for sale)>, <KeyAuditMatter(2549, 9254323 	conducting	site	visits	to	property	development	sites,	on	NRV)>, <KeyAuditMatter(2550, 9254323 Valuation of properties under development and completed properties held for sale (Continued))>, <KeyAuditMatter(2551, 9254323 Valuer)>, <KeyAuditMatter(2552, 9254323 Valuation of properties under development and completed properties held for sale (Continued))>, <KeyAuditMatter(2553, 9254323 	reviewing	the	valuation	from	the	Valuer	and	discussing	PRC)>, <KeyAuditMatter(2554, 9254323 Assessing the recoverability of deferred tax assets)>, <KeyAuditMatter(2555, 9254323 Assessing the recoverability of deferred tax assets (Continued))>, <KeyAuditMatter(2556, 9254323 	assessing	the	appropriateness	of	the	application	of	tax	)>]","[<KeyAuditMatterTag(6025, 2548, properties)>, <KeyAuditMatterTag(6026, 2548, valuation)>, <KeyAuditMatterTag(6027, 2549, property)>, <KeyAuditMatterTag(6028, 2550, properties)>, <KeyAuditMatterTag(6029, 2550, valuation)>, <KeyAuditMatterTag(6030, 2551, value)>, <KeyAuditMatterTag(6031, 2552, properties)>, <KeyAuditMatterTag(6032, 2552, valuation)>, <KeyAuditMatterTag(6033, 2553, valuation)>, <KeyAuditMatterTag(6034, 2553, value)>, <KeyAuditMatterTag(6035, 2554, asset)>, <KeyAuditMatterTag(6036, 2554, deferred)>, <KeyAuditMatterTag(6037, 2554, recoverability)>, <KeyAuditMatterTag(6038, 2554, tax)>, <KeyAuditMatterTag(6039, 2555, asset)>, <KeyAuditMatterTag(6040, 2555, deferred)>, <KeyAuditMatterTag(6041, 2555, recoverability)>, <KeyAuditMatterTag(6042, 2555, tax)>, <KeyAuditMatterTag(6043, 2556, tax)>]",https://www1.hkexnews.hk/listedco/listconews/sehk/2020/0427/2020042702971.pdf
1159,9253632,27/04/2020 18:47,21,GREAT CHI PPT,Annual Report 2019,Financial Statements/ESG Information - [Annual Report],1MB,"[<Auditor(1108, 9253632, Mazars CPA Limited)>]","[<KeyAuditMatter(2610, 9253632 Impairment assessment of goodwill)>, <KeyAuditMatter(2611, 9253632 Valuation of properties under development and properties held for sale)>, <KeyAuditMatter(2612, 9253632 Valuation of investment properties)>]","[<KeyAuditMatterTag(6183, 2610, assessment)>, <KeyAuditMatterTag(6184, 2610, goodwill)>, <KeyAuditMatterTag(6185, 2610, impairment)>, <KeyAuditMatterTag(6186, 2611, properties)>, <KeyAuditMatterTag(6187, 2611, valuation)>, <KeyAuditMatterTag(6188, 2612, investment)>, <KeyAuditMatterTag(6189, 2612, properties)>, <KeyAuditMatterTag(6190, 2612, valuation)>]",https://www1.hkexnews.hk/listedco/listconews/sehk/2020/0427/2020042702060.pdf
1198,9253006,27/04/2020 17:21,712,COMTEC SOLAR,Annual Report 2019,"Financial Statements/ESG Information - [Annual Report / Environmental, Social and Governance Information/Report]",10MB,"[<Auditor(1147, 9253006, Mazars CPA Limited)>]","[<KeyAuditMatter(2702, 9253006 Impairment assessment of goodwill arising from acquisitionRefer to Note 21 to the consolidated financial statements)>, <KeyAuditMatter(2703, 9253006 	Examining	the	determination	of	the	recoverable	amount	)>, <KeyAuditMatter(2704, 9253006 significant	judgements	and	estimations.	Discussing	with	management	about	the	cash	flow	projections	used	in	the	value	in	use	calculations;)>, <KeyAuditMatter(2705, 9253006 	Evaluating	the	reasonableness	of	key	assumptions	and	critical	judgement	areas	underpinning	the	value	in	use	)>, <KeyAuditMatter(2706, 9253006 management	judgements	and	estimations.	Checking	arithmetical	accuracy	of	the	calculations.)>]","[<KeyAuditMatterTag(6397, 2702, acquisition)>, <KeyAuditMatterTag(6398, 2702, assessment)>, <KeyAuditMatterTag(6399, 2702, goodwill)>, <KeyAuditMatterTag(6400, 2702, impairment)>, <KeyAuditMatterTag(6401, 2703, mining)>, <KeyAuditMatterTag(6402, 2704, estimation)>, <KeyAuditMatterTag(6403, 2704, value)>, <KeyAuditMatterTag(6404, 2705, value)>, <KeyAuditMatterTag(6405, 2706, estimation)>]",https://www1.hkexnews.hk/listedco/listconews/sehk/2020/0427/2020042701441.pdf
1351,9250101,24/04/2020 17:34,622,OSHIDORI,ANNUAL REPORT 2019,"Financial Statements/ESG Information - [Annual Report / Environmental, Social and Governance Information/Report]",3MB,"[<Auditor(1297, 9250101, Mazars CPA Limited)>]","[<KeyAuditMatter(3080, 9250101 Valuation of unlisted financial assets designated at fair value through other comprehensive income (Designated FVOCI))>, <KeyAuditMatter(3081, 9250101 Loss allowance for expected credit loss (ECL) on loan and interest receivables from money lending business)>]","[<KeyAuditMatterTag(7264, 3080, asset)>, <KeyAuditMatterTag(7265, 3080, fair)>, <KeyAuditMatterTag(7266, 3080, financial asset)>, <KeyAuditMatterTag(7267, 3080, income)>, <KeyAuditMatterTag(7268, 3080, valuation)>, <KeyAuditMatterTag(7269, 3080, value)>, <KeyAuditMatterTag(7270, 3081, ecl)>, <KeyAuditMatterTag(7271, 3081, expected credit loss)>]",https://www1.hkexnews.hk/listedco/listconews/sehk/2020/0424/2020042401527.pdf
1374,9249798,24/04/2020 17:06,2182,TIAN CHANG GP,Annual Report 2019,Financial Statements/ESG Information - [Annual Report],4MB,"[<Auditor(1319, 9249798, Mazars CPA Limited)>]","[<KeyAuditMatter(3126, 9249798 Recoverability of trade receivables)>, <KeyAuditMatter(3127, 9249798 Recoverability of trade receivables)>]","[<KeyAuditMatterTag(7378, 3126, recoverability)>, <KeyAuditMatterTag(7379, 3127, recoverability)>]",https://www1.hkexnews.hk/listedco/listconews/sehk/2020/0424/2020042401232.pdf
1565,9246663,23/04/2020 16:33,675,K & P INT'L,ANNUAL REPORT 2019,Financial Statements/ESG Information - [Annual Report],2MB,"[<Auditor(1502, 9246663, Mazars CPA Limited)>]","[<KeyAuditMatter(3539, 9246663 Valuation of land and buildings)>]","[<KeyAuditMatterTag(8314, 3539, land)>, <KeyAuditMatterTag(8315, 3539, valuation)>]",https://www1.hkexnews.hk/listedco/listconews/sehk/2020/0423/2020042300470.pdf
1679,9244011,21/04/2020 21:13,1808,ENTERPRISE DEV,Annual Report 2019,"Financial Statements/ESG Information - [Annual Report / Environmental, Social and Governance Information/Report]",1MB,"[<Auditor(1611, 9244011, Mazars CPA Limited)>]","[<KeyAuditMatter(3757, 9244011 Impairment review of intangible assets and goodwill )>, <KeyAuditMatter(3758, 9244011 Assessment of expected credit loss (ECL) on trade and other receivables)>]","[<KeyAuditMatterTag(8858, 3757, asset)>, <KeyAuditMatterTag(8859, 3757, goodwill)>, <KeyAuditMatterTag(8860, 3757, impairment)>, <KeyAuditMatterTag(8861, 3758, assessment)>, <KeyAuditMatterTag(8862, 3758, ecl)>, <KeyAuditMatterTag(8863, 3758, expected credit loss)>]",https://www1.hkexnews.hk/listedco/listconews/sehk/2020/0421/2020042101332.pdf
1724,9242982,21/04/2020 16:31,6161,TARGET INS,2019 Annual Report,"Financial Statements/ESG Information - [Annual Report / Environmental, Social and Governance Information/Report]",3MB,"[<Auditor(1656, 9242982, Mazars CPA Limited)>]","[<KeyAuditMatter(3845, 9242982 KEY AUDIT MATTERS VALuATION OF LEASEHOLD LAND AND BuILDINGS)>]","[<KeyAuditMatterTag(9094, 3845, land)>, <KeyAuditMatterTag(9095, 3845, valuation)>]",https://www1.hkexnews.hk/listedco/listconews/sehk/2020/0421/2020042100337.pdf
1835,9239423,17/04/2020 17:01,3768,DCWT,2019 ANNUAL REPORT,"Financial Statements/ESG Information - [Annual Report / Environmental, Social and Governance Information/Report]",5MB,"[<Auditor(1766, 9239423, Mazars CPA Limited)>]","[<KeyAuditMatter(4106, 9239423 Key Audit MatterHow our audit addressed the Key Audit MatterRecoverability of trade receivables, receivables under service concession arrangements and construction contracts)>]","[<KeyAuditMatterTag(9673, 4106, contracts)>, <KeyAuditMatterTag(9674, 4106, recoverability)>]",https://www1.hkexnews.hk/listedco/listconews/sehk/2020/0417/2020041700781.pdf
1923,9236967,16/04/2020 12:05,322,TINGYI,2019 Annual Report,"Financial Statements/ESG Information - [Annual Report / Environmental, Social and Governance Information/Report]",7MB,"[<Auditor(1849, 9236967, Mazars CPA Limited)>]","[<KeyAuditMatter(4325, 9236967 Tingyi (Cayman Islands) Holding Corp.)>, <KeyAuditMatter(4326, 9236967 Impairment of machinery and equipment)>, <KeyAuditMatter(4327, 9236967 Control over Hangzhou Pepsi-cola Beverage Co., Ltd (HZPS) and impairment assessment of goodwill)>]","[<KeyAuditMatterTag(10161, 4325, land)>, <KeyAuditMatterTag(10162, 4326, impairment)>, <KeyAuditMatterTag(10163, 4327, assessment)>, <KeyAuditMatterTag(10164, 4327, goodwill)>, <KeyAuditMatterTag(10165, 4327, impairment)>]",https://www1.hkexnews.hk/listedco/listconews/sehk/2020/0416/2020041600196.pdf
2055,9229437,08/04/2020 14:36,1549,EVER HARVEST GP,Annual Report 2019,"(Headlines Revised) Financial Statements/ESG Information - [Annual Report / Environmental, Social and Governance Information/Report]",7MB,"[<Auditor(1975, 9229437, Mazars CPA Limited)>]","[<KeyAuditMatter(4587, 9229437 Recognition of feeder vessels under usage priority agreements for preferential use)>, <KeyAuditMatter(4588, 9229437 Recognition of feeder vessels under usage priority agreements for preferential use (Continued))>, <KeyAuditMatter(4589, 9229437 Recognition of feeder vessels under usage priority agreements for preferential use (Continued))>, <KeyAuditMatter(4590, 9229437 Revenue recognition)>, <KeyAuditMatter(4591, 9229437 Refer to consolidated income statement and Note 4 to the consolidated financial statements.)>, <KeyAuditMatter(4592, 9229437 Revenue recognition (Continued))>, <KeyAuditMatter(4593, 9229437 Refer to consolidated income statement and Note 4 to the consolidated financial statements. (Continued))>]","[<KeyAuditMatterTag(10779, 4587, recognition)>, <KeyAuditMatterTag(10780, 4588, recognition)>, <KeyAuditMatterTag(10781, 4589, recognition)>, <KeyAuditMatterTag(10782, 4590, recognition)>, <KeyAuditMatterTag(10783, 4590, revenue)>, <KeyAuditMatterTag(10784, 4591, income)>, <KeyAuditMatterTag(10785, 4592, recognition)>, <KeyAuditMatterTag(10786, 4592, revenue)>, <KeyAuditMatterTag(10787, 4593, income)>]",https://www1.hkexnews.hk/listedco/listconews/sehk/2020/0408/2020040800189.pdf
2056,9229433,08/04/2020 14:34,1549,EVER HARVEST GP,Annual Report 2019,(Cancelled since Headlines Superseded and Replaced) Financial Statements/ESG Information - [Annual Report],7MB,"[<Auditor(1976, 9229433, Mazars CPA Limited)>]","[<KeyAuditMatter(4594, 9229433 Recognition of feeder vessels under usage priority agreements for preferential use)>, <KeyAuditMatter(4595, 9229433 Recognition of feeder vessels under usage priority agreements for preferential use (Continued))>, <KeyAuditMatter(4596, 9229433 Recognition of feeder vessels under usage priority agreements for preferential use (Continued))>, <KeyAuditMatter(4597, 9229433 Revenue recognition)>, <KeyAuditMatter(4598, 9229433 Refer to consolidated income statement and Note 4 to the consolidated financial statements.)>, <KeyAuditMatter(4599, 9229433 Revenue recognition (Continued))>, <KeyAuditMatter(4600, 9229433 Refer to consolidated income statement and Note 4 to the consolidated financial statements. (Continued))>]","[<KeyAuditMatterTag(10788, 4594, recognition)>, <KeyAuditMatterTag(10789, 4595, recognition)>, <KeyAuditMatterTag(10790, 4596, recognition)>, <KeyAuditMatterTag(10791, 4597, recognition)>, <KeyAuditMatterTag(10792, 4597, revenue)>, <KeyAuditMatterTag(10793, 4598, income)>, <KeyAuditMatterTag(10794, 4599, recognition)>, <KeyAuditMatterTag(10795, 4599, revenue)>, <KeyAuditMatterTag(10796, 4600, income)>]",https://www1.hkexnews.hk/listedco/listconews/sehk/2020/0408/2020040800189.pdf
2133,9214773,31/03/2020 21:47,8622,HUAKANG BIOMED,ANNUAL REPORT 2019,"Financial Statements/ESG Information - [Annual Report / Environmental, Social and Governance Information/Report]",4MB,"[<Auditor(2049, 9214773, Mazars CPA Limited)>]","[<KeyAuditMatter(4769, 9214773 Impairment assessment of trade receivables)>, <KeyAuditMatter(4770, 9214773 ECL)>]","[<KeyAuditMatterTag(11192, 4769, assessment)>, <KeyAuditMatterTag(11193, 4769, impairment)>, <KeyAuditMatterTag(11194, 4770, ecl)>]",https://www1.hkexnews.hk/listedco/listconews/gem/2020/0331/2020033102398.pdf
2212,9209985,30/03/2020 16:52,8420,NEXION TECH,ANNUAL REPORT 2019,Financial Statements/ESG Information - [Annual Report],995KB,"[<Auditor(2125, 9209985, Mazars CPA Limited)>]","[<KeyAuditMatter(4938, 9209985 Recognition of revenue from provision of cyber infrastructure solutions, cyber security solutions and Software-as-a-Service (SaaS))>, <KeyAuditMatter(4939, 9209985 Valuation of property, plant and equipment and investment properties)>, <KeyAuditMatter(4940, 9209985 Recoverability assessment of trade and other receivables)>]","[<KeyAuditMatterTag(11544, 4938, provision)>, <KeyAuditMatterTag(11545, 4938, recognition)>, <KeyAuditMatterTag(11546, 4938, revenue)>, <KeyAuditMatterTag(11547, 4939, investment)>, <KeyAuditMatterTag(11548, 4939, plant and equipment)>, <KeyAuditMatterTag(11549, 4939, properties)>, <KeyAuditMatterTag(11550, 4939, property)>, <KeyAuditMatterTag(11551, 4939, valuation)>, <KeyAuditMatterTag(11552, 4940, assessment)>, <KeyAuditMatterTag(11553, 4940, recoverability)>]",https://www1.hkexnews.hk/listedco/listconews/gem/2020/0330/2020033000572.pdf
2223,9209880,30/03/2020 16:36,8005,YUXING INFOTECH,ANNUAL REPORT 2019,Financial Statements/ESG Information - [Annual Report],1MB,"[<Auditor(2136, 9209880, Mazars CPA Limited)>]","[<KeyAuditMatter(4961, 9209880 TO THE SHAREHOLDERS OFYUXING INFOTECH INVESTMENT HOLDINGS LIMITED(incorporated in Bermuda with limited liability))>, <KeyAuditMatter(4962, 9209880 Fair value of investment properties)>, <KeyAuditMatter(4963, 9209880 Fair value of financial assets at fair value through profit or loss  private investment fund)>, <KeyAuditMatter(4964, 9209880 Impairment in respect of trade and other receivables and loans receivable)>]","[<KeyAuditMatterTag(11590, 4961, investment)>, <KeyAuditMatterTag(11591, 4962, fair)>, <KeyAuditMatterTag(11592, 4962, investment)>, <KeyAuditMatterTag(11593, 4962, properties)>, <KeyAuditMatterTag(11594, 4962, value)>, <KeyAuditMatterTag(11595, 4963, asset)>, <KeyAuditMatterTag(11596, 4963, fair)>, <KeyAuditMatterTag(11597, 4963, financial asset)>, <KeyAuditMatterTag(11598, 4963, investment)>, <KeyAuditMatterTag(11599, 4963, value)>, <KeyAuditMatterTag(11600, 4964, impairment)>]",https://www1.hkexnews.hk/listedco/listconews/gem/2020/0330/2020033000467.pdf
2342,9179053,06/03/2020 12:10,351,ASIA ENERGY LOG,Annual Report 2019,"Financial Statements/ESG Information - [Annual Report / Environmental, Social and Governance Information/Report]",2MB,"[<Auditor(2251, 9179053, Mazars CPA Limited)>]","[<KeyAuditMatter(5209, 9179053 Impairment assessment of vessels)>, <KeyAuditMatter(5210, 9179053 Valuation of derivative components of the GIC Convertible Bonds)>]","[<KeyAuditMatterTag(12106, 5209, assessment)>, <KeyAuditMatterTag(12107, 5209, impairment)>, <KeyAuditMatterTag(12108, 5210, valuation)>]",https://www1.hkexnews.hk/listedco/listconews/sehk/2020/0306/2020030600265.pdf
2379,9104870,20/12/2019 18:39,8365,VBG INT'L,Annual Report 2018-19,Financial Statements/ESG Information - [Annual Report],2MB,"[<Auditor(2283, 9104870, Mazars CPA Limited)>]","[<KeyAuditMatter(5280, 9104870 VBG International Holdings Limited(incorporated in the Cayman Islands with limited liability))>, <KeyAuditMatter(5281, 9104870 Impairment assessment of goodwillRefer to note 2 and note 11 to the consolidated financial statements.)>, <KeyAuditMatter(5282, 9104870 Revenue recognitionRefer to note 2 and note 4 to the consolidated financial statements.)>, <KeyAuditMatter(5283, 9104870 Loss allowance for expected credit loss (ECL) on trade receivablesRefer to note 2, note 16 and note 25 to the consolidated financial statements.)>]","[<KeyAuditMatterTag(12258, 5280, land)>, <KeyAuditMatterTag(12259, 5281, assessment)>, <KeyAuditMatterTag(12260, 5281, goodwill)>, <KeyAuditMatterTag(12261, 5281, impairment)>, <KeyAuditMatterTag(12262, 5282, recognition)>, <KeyAuditMatterTag(12263, 5282, revenue)>, <KeyAuditMatterTag(12264, 5283, ecl)>, <KeyAuditMatterTag(12265, 5283, expected credit loss)>]",https://www1.hkexnews.hk/listedco/listconews/gem/2019/1220/2019122000846.pdf
2437,3619856,24/10/2019 16:38,2211,UNI HEALTH,2018/19 ANNUAL REPORT,"Financial Statements/ESG Information - [Annual Report / Environmental, Social and Governance Information/Report]",3061KB,"[<Auditor(2339, 3619856, Mazars CPA Limited)>]","[<KeyAuditMatter(5415, 3619856 42nd Floor, Central Plaza,18 Harbour Road, Wan Chai, Hong Kong1842Tel: (852) 2909 5555Fax: (852) 2810 0032Emailinfo@mazars.hkWebsitewww.mazars.hkTo the members of Universal Health International Group Holding Limited(incorporated in the Cayman Islands with limited liability))>, <KeyAuditMatter(5416, 3619856 Key Audit MatterHow our audit addressed the Key Audit MatterImpairment assessment of goodwill and other related non-current assets)>, <KeyAuditMatter(5417, 3619856 Key Audit MatterHow our audit addressed the Key Audit MatterImpairment assessment of a logistics building included in property, plant and equipment  Distribution segment)>, <KeyAuditMatter(5418, 3619856 Key Audit MatterHow our audit addressed the Key Audit MatterImpairment assessment of investment in an associate)>, <KeyAuditMatter(5419, 3619856 Key Audit MatterHow our audit addressed the Key Audit MatterImpairment assessment of investment in an associate (continued))>, <KeyAuditMatter(5420, 3619856 Key Audit MatterHow our audit addressed the Key Audit MatterValuation of biological assets)>]","[<KeyAuditMatterTag(12605, 5415, land)>, <KeyAuditMatterTag(12606, 5416, assessment)>, <KeyAuditMatterTag(12607, 5416, asset)>, <KeyAuditMatterTag(12608, 5416, goodwill)>, <KeyAuditMatterTag(12609, 5416, impairment)>, <KeyAuditMatterTag(12610, 5417, assessment)>, <KeyAuditMatterTag(12611, 5417, impairment)>, <KeyAuditMatterTag(12612, 5417, plant and equipment)>, <KeyAuditMatterTag(12613, 5417, property)>, <KeyAuditMatterTag(12614, 5418, assessment)>, <KeyAuditMatterTag(12615, 5418, associate)>, <KeyAuditMatterTag(12616, 5418, impairment)>, <KeyAuditMatterTag(12617, 5418, investment)>, <KeyAuditMatterTag(12618, 5419, assessment)>, <KeyAuditMatterTag(12619, 5419, associate)>, <KeyAuditMatterTag(12620, 5419, impairment)>, <KeyAuditMatterTag(12621, 5419, investment)>, <KeyAuditMatterTag(12622, 5420, asset)>, <KeyAuditMatterTag(12623, 5420, valuation)>]",https://www1.hkexnews.hk/listedco/listconews/sehk/2019/1024/ltn20191024037.pdf
2438,3619850,24/10/2019 16:34,519,APPLIED DEV,ANNUAL REPORT 2019,"Financial Statements/ESG Information - [Annual Report / Environmental, Social and Governance Information/Report]",1660KB,"[<Auditor(2340, 3619850, Mazars CPA Limited)>]","[<KeyAuditMatter(5421, 3619850 Valuation of investment properties)>, <KeyAuditMatter(5422, 3619850 Write-down of properties under development (PUD))>]","[<KeyAuditMatterTag(12624, 5421, investment)>, <KeyAuditMatterTag(12625, 5421, properties)>, <KeyAuditMatterTag(12626, 5421, valuation)>, <KeyAuditMatterTag(12627, 5422, properties)>, <KeyAuditMatterTag(12628, 5422, write-down)>]",https://www1.hkexnews.hk/listedco/listconews/sehk/2019/1024/ltn20191024031.pdf
2450,9283762,17/05/2020 18:20,524,GREAT WALL B&R,ANNUAL REPORT 2019,Financial Statements/ESG Information - [Annual Report],3MB,"[<Auditor(2351, 9283762, Mazars CPA Limited)>]","[<KeyAuditMatter(5457, 9283762 Impairment of goodwill and intangible assets)>, <KeyAuditMatter(5458, 9283762 Interest in associates)>]","[<KeyAuditMatterTag(12702, 5457, asset)>, <KeyAuditMatterTag(12703, 5457, goodwill)>, <KeyAuditMatterTag(12704, 5457, impairment)>, <KeyAuditMatterTag(12705, 5458, associate)>]",https://www1.hkexnews.hk/listedco/listconews/sehk/2020/0517/2020051700051.pdf
2468,9283182,15/05/2020 20:14,6828,BG BLUE SKY,ANNUAL REPORT 2019,"Financial Statements/ESG Information - [Annual Report / Environmental, Social and Governance Information/Report]",12MB,"[<Auditor(2369, 9283182, Mazars CPA Limited)>]","[<KeyAuditMatter(5496, 9283182 Key audit matterHow our audit addressed the key audit matterImpairment assessment of goodwill and operating rights)>, <KeyAuditMatter(5497, 9283182 Key audit matterHow our audit addressed the key audit matterAcquisition accounting for Rainbow Leap Limited and its subsidiaries (the Acquired Group))>]","[<KeyAuditMatterTag(12789, 5496, assessment)>, <KeyAuditMatterTag(12790, 5496, goodwill)>, <KeyAuditMatterTag(12791, 5496, impairment)>, <KeyAuditMatterTag(12792, 5496, right)>, <KeyAuditMatterTag(12793, 5497, acquisition)>]",https://www1.hkexnews.hk/listedco/listconews/sehk/2020/0515/2020051501821.pdf
2347,9168039,28/02/2020 06:03,8611,MINDTELL TECH,2019 ANNUAL REPORT,Financial Statements/ESG Information - [Annual Report],3MB,"[<Auditor(2255, 9168039, Mazars CPA Limited Mazars LLP)>]","[<KeyAuditMatter(5218, 9168039 Revenue recognition)>, <KeyAuditMatter(5219, 9168039 Revenue recognition (continued))>, <KeyAuditMatter(5220, 9168039 Loss allowance for expected credit losses (ECL) on trade receivables and contract assets)>, <KeyAuditMatter(5221, 9168039 Loss allowance for expected credit losses (ECL) on trade receivables and contract assets (continued))>]","[<KeyAuditMatterTag(12122, 5218, recognition)>, <KeyAuditMatterTag(12123, 5218, revenue)>, <KeyAuditMatterTag(12124, 5219, recognition)>, <KeyAuditMatterTag(12125, 5219, revenue)>, <KeyAuditMatterTag(12126, 5220, asset)>, <KeyAuditMatterTag(12127, 5220, ecl)>, <KeyAuditMatterTag(12128, 5220, expected credit loss)>, <KeyAuditMatterTag(12129, 5221, asset)>, <KeyAuditMatterTag(12130, 5221, ecl)>, <KeyAuditMatterTag(12131, 5221, expected credit loss)>]",https://www1.hkexnews.hk/listedco/listconews/gem/2020/0228/2020022800013.pdf
970,9256526,28/04/2020 17:47,1442,INFINITY L&T,2019 ANNUAL REPORT,Financial Statements/ESG Information - [Annual Report],6MB,"[<Auditor(924, 9256526, Mazars CPA limited  Mazars llP)>]","[<KeyAuditMatter(2178, 9256526 Infinity logistics and Transport ventures limited(Incorporated in the Cayman Islands with limited liability))>, <KeyAuditMatter(2179, 9256526 Key audit matterhow our audit addressed the key audit matterExpected credit loss (ECl) assessment of trade receivables)>, <KeyAuditMatter(2180, 9256526 Recognition of expenses for the initial listing of the group)>]","[<KeyAuditMatterTag(5133, 2178, land)>, <KeyAuditMatterTag(5134, 2179, assessment)>, <KeyAuditMatterTag(5135, 2179, ecl)>, <KeyAuditMatterTag(5136, 2179, expected credit loss)>, <KeyAuditMatterTag(5137, 2180, recognition)>]",https://www1.hkexnews.hk/listedco/listconews/sehk/2020/0428/2020042802172.pdf
2218,9209927,30/03/2020 16:41,8239,CAPITAL FIN,Annual Report 2019,"Financial Statements/ESG Information - [Annual Report / Environmental, Social and Governance Information/Report]",5MB,"[<Auditor(2131, 9209927, Mazars CPa Limited)>]","[<KeyAuditMatter(4954, 9209927 Initial recognition of the distressed debt assets classified in loans to customers (Refer to notes 4 and 20 to the consolidated financial statements))>, <KeyAuditMatter(4955, 9209927 eCL)>]","[<KeyAuditMatterTag(11578, 4954, asset)>, <KeyAuditMatterTag(11579, 4954, recognition)>, <KeyAuditMatterTag(11580, 4955, ecl)>]",https://www1.hkexnews.hk/listedco/listconews/gem/2020/0330/2020033000514.pdf
2469,9283126,15/05/2020 19:52,42,NE ELECTRIC,Annual Report 2019,Financial Statements/ESG Information - [Annual Report],2MB,"[<Auditor(2370, 9283126, Mazars Certified Public Accountants LLP Chinese)>]",[],[],https://www1.hkexnews.hk/listedco/listconews/sehk/2020/0515/2020051501765.pdf
