id,news_id,date_time,stock_code,stock_name,title,long_text,file_info,audit_firms,kams,kam_tags,file_link
398,9355295,13/07/2020 18:58,1400,MOODY TECH HLDG,Annual Report 2019,Financial Statements/ESG Information - [Annual Report],3MB,"[<Auditor(379, 9355295, McMillan Woods (Hong Kong) CPA Limited)>]",[],[],https://www1.hkexnews.hk/listedco/listconews/sehk/2020/0713/2020071300746.pdf
407,9352697,09/07/2020 18:44,1557,K.H. GP HLDGS,Annual Report 2020,"Financial Statements/ESG Information - [Annual Report / Environmental, Social and Governance Information/Report]",8MB,"[<Auditor(386, 9352697, McMillan Woods (Hong Kong) CPA Limited)>]","[<KeyAuditMatter(985, 9352697 Revenue and profit recognition for construction Our procedures in relation to managements estimation contractsof revenue and profit recognition for construction contracts included:)>, <KeyAuditMatter(986, 9352697 Liquidated damages and litigations for delays in Our procedures in relation to the liquidated damages completion of a contractand litigations for delays in completion of contract included:)>, <KeyAuditMatter(987, 9352697 Provision for ECL on trade receivables and contract Our procedures in relation to the provision for ECL on assetstrade receivables and contract assets included:)>]","[<KeyAuditMatterTag(2375, 985, contracts)>, <KeyAuditMatterTag(2376, 985, estimation)>, <KeyAuditMatterTag(2377, 985, recognition)>, <KeyAuditMatterTag(2378, 985, revenue)>, <KeyAuditMatterTag(2379, 986, litigation)>, <KeyAuditMatterTag(2380, 987, asset)>, <KeyAuditMatterTag(2381, 987, ecl)>, <KeyAuditMatterTag(2382, 987, provision)>]",https://www1.hkexnews.hk/listedco/listconews/sehk/2020/0709/2020070901013.pdf
494,9334067,29/06/2020 20:26,8379,PRIME INTEL,Annual Report 2020,Financial Statements/ESG Information - [Annual Report],17MB,"[<Auditor(472, 9334067, McMillan Woods (Hong Kong) CPA Limited)>]","[<KeyAuditMatter(1170, 9334067 (I) Allowance for inventories(I) )>, <KeyAuditMatter(1171, 9334067 (II) Impairment of trade receivables(II) )>]","[<KeyAuditMatterTag(2786, 1170, inventories)>, <KeyAuditMatterTag(2787, 1171, impairment)>]",https://www1.hkexnews.hk/listedco/listconews/gem/2020/0629/2020062901733.pdf
522,9333086,29/06/2020 16:52,8193,ASIAPAC FIN INV,Annual Report 2020,Financial Statements/ESG Information - [Annual Report],902KB,"[<Auditor(500, 9333086, McMillan Woods (Hong Kong) CPA Limited)>]","[<KeyAuditMatter(1223, 9333086 Key Audit MatterHow our audit addressed the Key Audit Matter(1) Impairment of the Groups loan receivables)>, <KeyAuditMatter(1224, 9333086 Key Audit MatterHow our audit addressed the Key Audit Matter(2) Impairment of goodwill)>]","[<KeyAuditMatterTag(2913, 1223, impairment)>, <KeyAuditMatterTag(2914, 1224, goodwill)>, <KeyAuditMatterTag(2915, 1224, impairment)>]",https://www1.hkexnews.hk/listedco/listconews/gem/2020/0629/2020062900678.pdf
545,9331683,26/06/2020 18:20,8297,BODIBRA,Annual Report 2019-20,Financial Statements/ESG Information - [Annual Report],4MB,"[<Auditor(523, 9331683, McMillan Woods (Hong Kong) CPA Limited)>]",[],[],https://www1.hkexnews.hk/listedco/listconews/gem/2020/0626/2020062600883.pdf
666,9281252,15/05/2020 06:06,1822,HONGDA FIN,2019 ANNUAL REPORT,"Financial Statements/ESG Information - [Annual Report / Environmental, Social and Governance Information/Report]",4MB,"[<Auditor(640, 9281252, McMillan Woods (Hong Kong) CPA Limited)>]","[<KeyAuditMatter(1530, 9281252 ECLs)>, <KeyAuditMatter(1531, 9281252 To the shareholders of HongDa Financial Holding Limited(Incorporated in the Cayman Islands with limited liability))>, <KeyAuditMatter(1532, 9281252 Allowances for ECLs on trade receivablesRefer to notes 5(g), 6(b) and 27 to the consolidated financial 5(g)statements.)>, <KeyAuditMatter(1533, 9281252 To the shareholders of HongDa Financial Holding Limited(Incorporated in the Cayman Islands with limited liability))>, <KeyAuditMatter(1534, 9281252 Allowances for ECLs on trade receivables (continued)Refer to notes 5(g), 6(b) and 27 to the consolidated financial 5(g)statements. (continued))>, <KeyAuditMatter(1535, 9281252 To the shareholders of HongDa Financial Holding Limited(Incorporated in the Cayman Islands with limited liability))>, <KeyAuditMatter(1536, 9281252 Impairment of assets of the car rental segmentRefer to notes 5(e), 18, 20 and 22 to the consolidated financial statements.)>, <KeyAuditMatter(1537, 9281252 To the shareholders of HongDa Financial Holding Limited(Incorporated in the Cayman Islands with limited liability))>, <KeyAuditMatter(1538, 9281252 Impairment of assets of the car rental segment (continued)Refer to notes 5(e), 18, 20 and 22 to the consolidated financial statements. (continued))>, <KeyAuditMatter(1539, 9281252 To the shareholders of HongDa Financial Holding Limited(Incorporated in the Cayman Islands with limited liability))>, <KeyAuditMatter(1540, 9281252 Fair value of financial assets at FVTPLRefer to notes 5(h), 7 and 25 to the consolidated financial statements.)>, <KeyAuditMatter(1541, 9281252 To the shareholders of HongDa Financial Holding Limited(Incorporated in the Cayman Islands with limited liability))>, <KeyAuditMatter(1542, 9281252 Fair value of financial assets at FVTPL (continued)Refer to notes 5(h), 7 and 25 to the consolidated financial statements. (continued))>]","[<KeyAuditMatterTag(3652, 1530, ecl)>, <KeyAuditMatterTag(3653, 1531, land)>, <KeyAuditMatterTag(3654, 1532, ecl)>, <KeyAuditMatterTag(3655, 1533, land)>, <KeyAuditMatterTag(3656, 1534, ecl)>, <KeyAuditMatterTag(3657, 1535, land)>, <KeyAuditMatterTag(3658, 1536, asset)>, <KeyAuditMatterTag(3659, 1536, impairment)>, <KeyAuditMatterTag(3660, 1537, land)>, <KeyAuditMatterTag(3661, 1538, asset)>, <KeyAuditMatterTag(3662, 1538, impairment)>, <KeyAuditMatterTag(3663, 1539, land)>, <KeyAuditMatterTag(3664, 1540, asset)>, <KeyAuditMatterTag(3665, 1540, fair)>, <KeyAuditMatterTag(3666, 1540, financial asset)>, <KeyAuditMatterTag(3667, 1540, value)>, <KeyAuditMatterTag(3668, 1541, land)>, <KeyAuditMatterTag(3669, 1542, asset)>, <KeyAuditMatterTag(3670, 1542, fair)>, <KeyAuditMatterTag(3671, 1542, financial asset)>, <KeyAuditMatterTag(3672, 1542, value)>]",https://www1.hkexnews.hk/listedco/listconews/sehk/2020/0515/2020051500021.pdf
674,9280978,14/05/2020 21:19,1152,MOMENTUM FIN,Annual Report 2019,"Financial Statements/ESG Information - [Annual Report / Environmental, Social and Governance Information/Report]",2MB,"[<Auditor(647, 9280978, McMillan Woods (Hong Kong) CPA Limited)>]","[<KeyAuditMatter(1556, 9280978 Impairment of finance lease receivablesRefer to significant accounting policies in note 4, critical judgement and estimates in note 5 and its relevant disclosures in note 19 to the financial statements.)>, <KeyAuditMatter(1557, 9280978 ECL)>, <KeyAuditMatter(1558, 9280978 Impairment of trade receivablesRefer to significant accounting policies in note 4, critical judgement and estimates in note 5 and its relevant disclosures in note 20 to the financial statements.)>]","[<KeyAuditMatterTag(3702, 1556, impairment)>, <KeyAuditMatterTag(3703, 1557, ecl)>, <KeyAuditMatterTag(3704, 1558, impairment)>]",https://www1.hkexnews.hk/listedco/listconews/sehk/2020/0514/2020051401923.pdf
675,9280962,14/05/2020 21:16,8147,MILLENNIUM PG,Annual Report 2019,"Financial Statements/ESG Information - [Annual Report / Environmental, Social and Governance Information/Report]",7MB,"[<Auditor(648, 9280962, McMillan Woods (Hong Kong) CPA Limited)>]","[<KeyAuditMatter(1559, 9280962 Impairment of trade receivables)>, <KeyAuditMatter(1560, 9280962 ECL)>, <KeyAuditMatter(1561, 9280962 Impairment  investments in associates)>]","[<KeyAuditMatterTag(3705, 1559, impairment)>, <KeyAuditMatterTag(3706, 1560, ecl)>, <KeyAuditMatterTag(3707, 1561, associate)>, <KeyAuditMatterTag(3708, 1561, impairment)>, <KeyAuditMatterTag(3709, 1561, investment)>]",https://www1.hkexnews.hk/listedco/listconews/gem/2020/0514/2020051401909.pdf
1035,9255588,28/04/2020 16:53,1063,SUNCORPTECH-NEW,ANNUAL REPORT 2019,"Financial Statements/ESG Information - [Annual Report / Environmental, Social and Governance Information/Report]",3MB,"[<Auditor(988, 9255588, McMillan Woods (Hong Kong) CPA Limited)>]","[<KeyAuditMatter(2345, 9255588 ECL)>, <KeyAuditMatter(2346, 9255588 Allowance for ECL assessment of trade receivables)>, <KeyAuditMatter(2347, 9255588 Allowance for ECL assessment of trade receivables (continued))>, <KeyAuditMatter(2348, 9255588 Allowance for ECL assessment of loan receivables)>, <KeyAuditMatter(2349, 9255588 Allowance for ECL assessment of loan receivables (continued))>]","[<KeyAuditMatterTag(5555, 2345, ecl)>, <KeyAuditMatterTag(5556, 2346, assessment)>, <KeyAuditMatterTag(5557, 2346, ecl)>, <KeyAuditMatterTag(5558, 2347, assessment)>, <KeyAuditMatterTag(5559, 2347, ecl)>, <KeyAuditMatterTag(5560, 2348, assessment)>, <KeyAuditMatterTag(5561, 2348, ecl)>, <KeyAuditMatterTag(5562, 2349, assessment)>, <KeyAuditMatterTag(5563, 2349, ecl)>]",https://www1.hkexnews.hk/listedco/listconews/sehk/2020/0428/2020042801236.pdf
1079,9255182,28/04/2020 16:36,456,NEW CITY DEV,Annual Report 2019,Financial Statements/ESG Information - [Annual Report],2MB,"[<Auditor(1032, 9255182, McMillan Woods (Hong Kong) CPA Limited)>]","[<KeyAuditMatter(2428, 9255182 Fair value of the investment properties  Guangzhou Properties)>, <KeyAuditMatter(2429, 9255182 Impairment assessment of the investment properties  Luoyang Properties and Zhuhai Properties)>, <KeyAuditMatter(2430, 9255182 Recoverability and impairment assessment for the deposits and other receivables)>, <KeyAuditMatter(2431, 9255182 Business combinations and gain on bargain purchase)>]","[<KeyAuditMatterTag(5743, 2428, fair)>, <KeyAuditMatterTag(5744, 2428, investment)>, <KeyAuditMatterTag(5745, 2428, properties)>, <KeyAuditMatterTag(5746, 2428, value)>, <KeyAuditMatterTag(5747, 2429, assessment)>, <KeyAuditMatterTag(5748, 2429, impairment)>, <KeyAuditMatterTag(5749, 2429, investment)>, <KeyAuditMatterTag(5750, 2429, properties)>, <KeyAuditMatterTag(5751, 2430, assessment)>, <KeyAuditMatterTag(5752, 2430, impairment)>, <KeyAuditMatterTag(5753, 2430, recoverability)>, <KeyAuditMatterTag(5754, 2431, business combination)>, <KeyAuditMatterTag(5755, 2431, purchase)>]",https://www1.hkexnews.hk/listedco/listconews/sehk/2020/0428/2020042800830.pdf
1243,9252450,27/04/2020 16:43,875,CHINA FIN INV,Annual Report 2019,"Financial Statements/ESG Information - [Annual Report / Environmental, Social and Governance Information/Report]",1MB,"[<Auditor(1192, 9252450, McMillan Woods (Hong Kong) CPA Limited)>]","[<KeyAuditMatter(2815, 9252450 Key Audit MatterHow our audit addressed the Key Audit Matter(i) Impairment and recoverability of the Groups trade and loan receivables)>, <KeyAuditMatter(2816, 9252450 Audit MatterHow our audit addressed the Key Audit MatterImpairment of goodwill)>]","[<KeyAuditMatterTag(6667, 2815, impairment)>, <KeyAuditMatterTag(6668, 2815, recoverability)>, <KeyAuditMatterTag(6669, 2816, goodwill)>, <KeyAuditMatterTag(6670, 2816, impairment)>]",https://www1.hkexnews.hk/listedco/listconews/sehk/2020/0427/2020042700885.pdf
1506,9247323,23/04/2020 17:14,428,COCOON HOLDINGS,ANNUAL REPORT 2019,"Financial Statements/ESG Information - [Annual Report / Environmental, Social and Governance Information/Report]",2MB,"[<Auditor(1445, 9247323, McMillan Woods (Hong Kong) CPA Limited)>]","[<KeyAuditMatter(3413, 9247323 Valuation of unlisted financial assets at FVTPL and unlisted financial assets at FVTOCI)>, <KeyAuditMatter(3414, 9247323 Impairment and recoverability of the Groups loan notes)>]","[<KeyAuditMatterTag(8040, 3413, asset)>, <KeyAuditMatterTag(8041, 3413, financial asset)>, <KeyAuditMatterTag(8042, 3413, valuation)>, <KeyAuditMatterTag(8043, 3414, impairment)>, <KeyAuditMatterTag(8044, 3414, recoverability)>]",https://www1.hkexnews.hk/listedco/listconews/sehk/2020/0423/2020042301130.pdf
2275,9204375,26/03/2020 18:01,8471,REACH NEW HLDGS,ANNUAL REPORT 2019,"Financial Statements/ESG Information - [Annual Report / Environmental, Social and Governance Information/Report]",6MB,"[<Auditor(2187, 9204375, McMillan Woods (Hong Kong) CPA Limited)>]","[<KeyAuditMatter(5079, 9204375 (incorporated in the Cayman Islands with limited liability))>]","[<KeyAuditMatterTag(11839, 5079, land)>]",https://www1.hkexnews.hk/listedco/listconews/gem/2020/0326/2020032600880.pdf
2297,9200566,24/03/2020 16:48,8171,CHINA TRENDS,ANNUAL REPORT 2019,"Financial Statements/ESG Information - [Annual Report / Environmental, Social and Governance Information/Report]",1MB,"[<Auditor(2209, 9200566, McMillan Woods (Hong Kong) CPA Limited)>]","[<KeyAuditMatter(5126, 9200566 (Incorporated in the Cayman Islands with limited liability))>]","[<KeyAuditMatterTag(11935, 5126, land)>]",https://www1.hkexnews.hk/listedco/listconews/gem/2020/0324/2020032400457.pdf
2462,9283486,15/05/2020 22:11,8207,CHONGSING HLDGS,ANNUAL REPORT 2019,"Financial Statements/ESG Information - [Annual Report / Environmental, Social and Governance Information/Report]",4MB,"[<Auditor(2363, 9283486, McMillan Woods (Hong Kong) CPA Limited)>]",[],[],https://www1.hkexnews.hk/listedco/listconews/gem/2020/0515/2020051502125.pdf
2148,9213345,31/03/2020 16:54,1217,CH INNOVATION,Annual Report 2019,"Financial Statements/ESG Information - [Annual Report / Environmental, Social and Governance Information/Report]",2MB,"[<Auditor(2062, 9213345, McMillan Woods (hong Kong) CPA Limited)>]","[<KeyAuditMatter(4805, 9213345 equity investments at fair value through other comprehensive income)>, <KeyAuditMatter(4806, 9213345 Investments at fair value through profit or loss)>, <KeyAuditMatter(4807, 9213345 (Continued)Investments at fair value through profit or loss)>, <KeyAuditMatter(4808, 9213345 (ii) Derivatives, at fair value)>]","[<KeyAuditMatterTag(11267, 4805, fair)>, <KeyAuditMatterTag(11268, 4805, income)>, <KeyAuditMatterTag(11269, 4805, investment)>, <KeyAuditMatterTag(11270, 4805, value)>, <KeyAuditMatterTag(11271, 4806, fair)>, <KeyAuditMatterTag(11272, 4806, investment)>, <KeyAuditMatterTag(11273, 4806, value)>, <KeyAuditMatterTag(11274, 4807, fair)>, <KeyAuditMatterTag(11275, 4807, investment)>, <KeyAuditMatterTag(11276, 4807, value)>, <KeyAuditMatterTag(11277, 4808, fair)>, <KeyAuditMatterTag(11278, 4808, value)>]",https://www1.hkexnews.hk/listedco/listconews/sehk/2020/0331/2020033100970.pdf
