id,news_id,date_time,stock_code,stock_name,title,long_text,file_info,audit_firms,kams,kam_tags,file_link
21,9473014,14/10/2020 16:36,8170,ALL NATION INTL,Annual Report 2019/2020,Financial Statements/ESG Information - [Annual Report],4MB,"[<Auditor(21, 9473014, Moore Stephens CPA Limited)>]","[<KeyAuditMatter(39, 9473014 Revenue recognition on contracts for interior design and decoration works)>, <KeyAuditMatter(40, 9473014 Impairment assessment of trade receivables, contract assets and finance lease receivables)>, <KeyAuditMatter(41, 9473014 ECL)>]","[<KeyAuditMatterTag(116, 39, contracts)>, <KeyAuditMatterTag(117, 39, recognition)>, <KeyAuditMatterTag(118, 39, revenue)>, <KeyAuditMatterTag(119, 40, assessment)>, <KeyAuditMatterTag(120, 40, asset)>, <KeyAuditMatterTag(121, 40, impairment)>, <KeyAuditMatterTag(122, 41, ecl)>]",https://www1.hkexnews.hk/listedco/listconews/gem/2020/1014/2020101400387.pdf
33,9457443,29/09/2020 22:35,8078,C CREATIVE DIGI,Annual Report 2019-2020,"Financial Statements/ESG Information - [Annual Report / Environmental, Social and Governance Information/Report]",2MB,"[<Auditor(33, 9457443, Moore Stephens CPA Limited)>]",[],[],https://www1.hkexnews.hk/listedco/listconews/gem/2020/0929/2020092901506.pdf
89,9408851,23/08/2020 18:49,557,TIANYUAN HEALTH,ANNUAL REPORT 2019,Financial Statements/ESG Information - [Annual Report],4MB,"[<Auditor(88, 9408851, Moore Stephens CPA Limited)>]",[],[],https://www1.hkexnews.hk/listedco/listconews/sehk/2020/0823/2020082300059.pdf
175,9374447,29/07/2020 19:11,1466,AFFLUENTPARTNER,Annual Report 2020,Financial Statements/ESG Information - [Annual Report],13MB,"[<Auditor(165, 9374447, Moore Stephens CPA Limited)>]","[<KeyAuditMatter(350, 9374447 Expected credit loss assessment of trade receivables)>, <KeyAuditMatter(351, 9374447  Expected credit loss assessment of trade receivables (Continued))>, <KeyAuditMatter(352, 9374447 Provision for inventories)>, <KeyAuditMatter(353, 9374447 3Valuation of financial instruments classified as level 3 under fair value hierarchy)>, <KeyAuditMatter(354, 9374447 3Valuation of financial instruments classified as level 3 under fair value hierarchy (Continued))>, <KeyAuditMatter(355, 9374447 3Valuation of financial instruments classified as level 3 under fair value hierarchy (Continued))>, <KeyAuditMatter(356, 9374447 Impairment assessment of investments in associates )>]","[<KeyAuditMatterTag(834, 350, assessment)>, <KeyAuditMatterTag(835, 350, expected credit loss)>, <KeyAuditMatterTag(836, 351, assessment)>, <KeyAuditMatterTag(837, 351, expected credit loss)>, <KeyAuditMatterTag(838, 352, inventories)>, <KeyAuditMatterTag(839, 352, provision)>, <KeyAuditMatterTag(840, 353, fair)>, <KeyAuditMatterTag(841, 353, valuation)>, <KeyAuditMatterTag(842, 353, value)>, <KeyAuditMatterTag(843, 354, fair)>, <KeyAuditMatterTag(844, 354, valuation)>, <KeyAuditMatterTag(845, 354, value)>, <KeyAuditMatterTag(846, 355, fair)>, <KeyAuditMatterTag(847, 355, valuation)>, <KeyAuditMatterTag(848, 355, value)>, <KeyAuditMatterTag(849, 356, assessment)>, <KeyAuditMatterTag(850, 356, associate)>, <KeyAuditMatterTag(851, 356, impairment)>, <KeyAuditMatterTag(852, 356, investment)>]",https://www1.hkexnews.hk/listedco/listconews/sehk/2020/0729/2020072900936.pdf
255,9369578,24/07/2020 16:47,2898,LONGRUN TEA,ANNUAL REPORT 2020,"Financial Statements/ESG Information - [Annual Report / Environmental, Social and Governance Information/Report]",2MB,"[<Auditor(244, 9369578, Moore Stephens CPA Limited)>]",[],[],https://www1.hkexnews.hk/listedco/listconews/sehk/2020/0724/2020072400583.pdf
292,9366027,22/07/2020 18:02,186,NIMBLE HOLDINGS,ANNUAL REPORT 2019/2020,Financial Statements/ESG Information - [Annual Report],2MB,"[<Auditor(278, 9366027, Moore Stephens CPA Limited)>]","[<KeyAuditMatter(702, 9366027 KEY AUDIT MATTERS (continued)Impairment assessment of brands and trademarks with indefinite useful lives)>, <KeyAuditMatter(703, 9366027 KEY AUDIT MATTERS (continued)Assessment of net realisable value of properties under development)>]","[<KeyAuditMatterTag(1682, 702, assessment)>, <KeyAuditMatterTag(1683, 702, impairment)>, <KeyAuditMatterTag(1684, 703, assessment)>, <KeyAuditMatterTag(1685, 703, net realisable value)>, <KeyAuditMatterTag(1686, 703, properties)>, <KeyAuditMatterTag(1687, 703, value)>]",https://www1.hkexnews.hk/listedco/listconews/sehk/2020/0722/2020072200804.pdf
440,9337744,01/07/2020 19:42,8160,GOLDWAY EDU,ANNUAL REPORT 2020,"Financial Statements/ESG Information - [Annual Report / Environmental, Social and Governance Information/Report]",11MB,"[<Auditor(419, 9337744, Moore Stephens CPA Limited)>]","[<KeyAuditMatter(1045, 9337744 Recognition of revenue and contract liabilities)>, <KeyAuditMatter(1046, 9337744 Revenue from Contracts with Customers)>, <KeyAuditMatter(1047, 9337744 Impairment assessment of non-financial assets)>, <KeyAuditMatter(1048, 9337744 Impairment of Assets)>]","[<KeyAuditMatterTag(2520, 1045, recognition)>, <KeyAuditMatterTag(2521, 1045, revenue)>, <KeyAuditMatterTag(2522, 1046, contracts)>, <KeyAuditMatterTag(2523, 1046, revenue)>, <KeyAuditMatterTag(2524, 1047, assessment)>, <KeyAuditMatterTag(2525, 1047, asset)>, <KeyAuditMatterTag(2526, 1047, financial asset)>, <KeyAuditMatterTag(2527, 1047, impairment)>, <KeyAuditMatterTag(2528, 1048, asset)>, <KeyAuditMatterTag(2529, 1048, impairment)>]",https://www1.hkexnews.hk/listedco/listconews/gem/2020/0701/2020070100181.pdf
458,9336314,30/06/2020 18:54,797,7ROAD,Annual Report 2019,"Financial Statements/ESG Information - [Annual Report / Environmental, Social and Governance Information/Report]",2MB,"[<Auditor(437, 9336314, Moore Stephens CPA Limited)>]",[],[],https://www1.hkexnews.hk/listedco/listconews/sehk/2020/0630/2020063001518.pdf
483,9334541,29/06/2020 22:28,8620,AE LOGISTICS,Annual Report 2020,Financial Statements/ESG Information - [Annual Report],657KB,"[<Auditor(461, 9334541, Moore Stephens CPA Limited)>]","[<KeyAuditMatter(1143, 9334541 Estimated provision of expected credit losses for trade receivables)>]","[<KeyAuditMatterTag(2731, 1143, expected credit loss)>, <KeyAuditMatterTag(2732, 1143, provision)>]",https://www1.hkexnews.hk/listedco/listconews/gem/2020/0629/2020062902347.pdf
490,9334179,29/06/2020 20:59,8079,EASY REPAY FIN,Annual Report 2019/20,"Financial Statements/ESG Information - [Annual Report / Environmental, Social and Governance Information/Report]",1MB,"[<Auditor(468, 9334179, Moore Stephens CPA Limited)>]","[<KeyAuditMatter(1163, 9334179 TO THE MEMBERS OF EASY REPAY FINANCE & INVESTMENT LIMITED)>, <KeyAuditMatter(1164, 9334179 Impairment losses on loans and advances to customers (loss allowance for expected credit losses (ECL) upon application of HKFRS 9))>]","[<KeyAuditMatterTag(2773, 1163, investment)>, <KeyAuditMatterTag(2774, 1164, ecl)>, <KeyAuditMatterTag(2775, 1164, expected credit loss)>, <KeyAuditMatterTag(2776, 1164, impairment)>]",https://www1.hkexnews.hk/listedco/listconews/gem/2020/0629/2020062901841.pdf
526,9333007,29/06/2020 16:40,8307,MEDICSKIN,ANNUAL REPORT 2019/20,"Financial Statements/ESG Information - [Annual Report / Environmental, Social and Governance Information/Report]",6MB,"[<Auditor(504, 9333007, Moore Stephens CPA Limited)>]","[<KeyAuditMatter(1232, 9333007 Independent Auditors Report to the Shareholders of Medicskin Holdings Limited(incorporated in the Cayman Islands with limited liability))>, <KeyAuditMatter(1233, 9333007 Estimation of expected unexercised rights on provision of medical skin care treatments (Treatment Service))>]","[<KeyAuditMatterTag(2934, 1232, land)>, <KeyAuditMatterTag(2935, 1233, estimation)>, <KeyAuditMatterTag(2936, 1233, provision)>, <KeyAuditMatterTag(2937, 1233, right)>]",https://www1.hkexnews.hk/listedco/listconews/gem/2020/0629/2020062900599.pdf
535,9332891,29/06/2020 16:21,6880,TEMPUS HOLD,Annual Report 2019,"Financial Statements/ESG Information - [Annual Report / Environmental, Social and Governance Information/Report]",2MB,"[<Auditor(513, 9332891, Moore Stephens CPA Limited)>]","[<KeyAuditMatter(1265, 9332891 Impairment assessment of trade receivables)>, <KeyAuditMatter(1266, 9332891 Valuation of financial assets at fair valuethrough profit or loss (FVTPL))>]","[<KeyAuditMatterTag(3003, 1265, assessment)>, <KeyAuditMatterTag(3004, 1265, impairment)>, <KeyAuditMatterTag(3005, 1266, asset)>, <KeyAuditMatterTag(3006, 1266, fair)>, <KeyAuditMatterTag(3007, 1266, financial asset)>, <KeyAuditMatterTag(3008, 1266, valuation)>, <KeyAuditMatterTag(3009, 1266, value)>]",https://www1.hkexnews.hk/listedco/listconews/sehk/2020/0629/2020062900483.pdf
556,9330906,25/06/2020 19:10,8320,AEC GROUP,2020 ANNUAL REPORT,Financial Statements/ESG Information - [Annual Report],3MB,"[<Auditor(534, 9330906, Moore Stephens CPA Limited)>]","[<KeyAuditMatter(1289, 9330906 Independent Auditors Report to the Shareholders of Allied Sustainability and Environmental Consultants Group Limited(Incorporated in the Cayman Islands with limited liability))>, <KeyAuditMatter(1290, 9330906 Key audit matters (continued)Revenue recognition)>, <KeyAuditMatter(1291, 9330906 Key audit matters (continued)Impairment assessment of accounts receivable and contract assets)>]","[<KeyAuditMatterTag(3059, 1289, land)>, <KeyAuditMatterTag(3060, 1290, recognition)>, <KeyAuditMatterTag(3061, 1290, revenue)>, <KeyAuditMatterTag(3062, 1291, assessment)>, <KeyAuditMatterTag(3063, 1291, asset)>, <KeyAuditMatterTag(3064, 1291, impairment)>]",https://www1.hkexnews.hk/listedco/listconews/gem/2020/0625/2020062500123.pdf
677,9280814,14/05/2020 20:29,578,ROSAN RES,Annual Report 2019,Financial Statements/ESG Information - [Annual Report],2MB,"[<Auditor(650, 9280814, Moore Stephens CPA Limited)>]","[<KeyAuditMatter(1564, 9280814 Impairment assessment of non-financial assets)>, <KeyAuditMatter(1565, 9280814 ValuerCGU)>, <KeyAuditMatter(1566, 9280814 Impairment assessment of accounts and bills receivables)>, <KeyAuditMatter(1567, 9280814 ECL)>]","[<KeyAuditMatterTag(3718, 1564, assessment)>, <KeyAuditMatterTag(3719, 1564, asset)>, <KeyAuditMatterTag(3720, 1564, financial asset)>, <KeyAuditMatterTag(3721, 1564, impairment)>, <KeyAuditMatterTag(3722, 1565, value)>, <KeyAuditMatterTag(3723, 1566, assessment)>, <KeyAuditMatterTag(3724, 1566, impairment)>, <KeyAuditMatterTag(3725, 1567, ecl)>]",https://www1.hkexnews.hk/listedco/listconews/sehk/2020/0514/2020051401773.pdf
718,9279630,14/05/2020 16:39,707,ATV HOLDINGS,ANNUAL REPORT 2019,"Financial Statements/ESG Information - [Annual Report / Environmental, Social and Governance Information/Report]",4MB,"[<Auditor(691, 9279630, Moore Stephens CPA Limited)>]","[<KeyAuditMatter(1658, 9279630 Fair value measurement of movie investments (please refer to Note 26 to the Consolidated Financial Statements))>, <KeyAuditMatter(1659, 9279630 Impairment review of properties, plant and equipment, intangible assets and right-of-use assets (please refer to Notes 16, 18 and 19 to the Consolidated Financial Statements))>, <KeyAuditMatter(1660, 9279630 Classification and fair value measurement of derivative financial instruments and convertible bonds (please refer to Note 32 to the Consolidated Financial Statements))>, <KeyAuditMatter(1661, 9279630 Credit risk assessment on loan receivables (please refer to Note 25 to the Consolidated Financial Statements))>]","[<KeyAuditMatterTag(3932, 1658, fair)>, <KeyAuditMatterTag(3933, 1658, investment)>, <KeyAuditMatterTag(3934, 1658, measurement)>, <KeyAuditMatterTag(3935, 1658, value)>, <KeyAuditMatterTag(3936, 1659, asset)>, <KeyAuditMatterTag(3937, 1659, impairment)>, <KeyAuditMatterTag(3938, 1659, plant and equipment)>, <KeyAuditMatterTag(3939, 1659, properties)>, <KeyAuditMatterTag(3940, 1659, right)>, <KeyAuditMatterTag(3941, 1660, fair)>, <KeyAuditMatterTag(3942, 1660, measurement)>, <KeyAuditMatterTag(3943, 1660, value)>, <KeyAuditMatterTag(3944, 1661, assessment)>]",https://www1.hkexnews.hk/listedco/listconews/sehk/2020/0514/2020051400599.pdf
737,9279383,14/05/2020 12:41,871,CH DREDG ENV,ANNUAL REPORT 2019,"Financial Statements/ESG Information - [Annual Report / Environmental, Social and Governance Information/Report]",4MB,"[<Auditor(709, 9279383, Moore Stephens CPA Limited)>]","[<KeyAuditMatter(1702, 9279383 Assessment of loss allowance for expected credit losses (ECL) on trade receivables and contract assets)>, <KeyAuditMatter(1703, 9279383 Assessment of loss allowance for expected credit losses (ECL) on trade receivables and contract assets)>]","[<KeyAuditMatterTag(4053, 1702, assessment)>, <KeyAuditMatterTag(4054, 1702, asset)>, <KeyAuditMatterTag(4055, 1702, ecl)>, <KeyAuditMatterTag(4056, 1702, expected credit loss)>, <KeyAuditMatterTag(4057, 1703, assessment)>, <KeyAuditMatterTag(4058, 1703, asset)>, <KeyAuditMatterTag(4059, 1703, ecl)>, <KeyAuditMatterTag(4060, 1703, expected credit loss)>]",https://www1.hkexnews.hk/listedco/listconews/sehk/2020/0514/2020051400352.pdf
759,9276722,12/05/2020 17:35,866,CHINA QINFA,Annual Report 2019,Financial Statements/ESG Information - [Annual Report],3MB,"[<Auditor(729, 9276722, Moore Stephens CPA Limited)>]","[<KeyAuditMatter(1771, 9276722 Impairment assessment of property, plant and equipment and coal mining rights)>, <KeyAuditMatter(1772, 9276722 Assessment of loss allowance for expected credit losses on trade receivables and other receivables)>]","[<KeyAuditMatterTag(4192, 1771, assessment)>, <KeyAuditMatterTag(4193, 1771, impairment)>, <KeyAuditMatterTag(4194, 1771, mining)>, <KeyAuditMatterTag(4195, 1771, plant and equipment)>, <KeyAuditMatterTag(4196, 1771, property)>, <KeyAuditMatterTag(4197, 1771, right)>, <KeyAuditMatterTag(4198, 1772, assessment)>, <KeyAuditMatterTag(4199, 1772, expected credit loss)>]",https://www1.hkexnews.hk/listedco/listconews/sehk/2020/0512/2020051200589.pdf
838,9259398,29/04/2020 17:08,1912,CONTEL,2019 ANNUAL REPORT,"Financial Statements/ESG Information - [Annual Report / Environmental, Social and Governance Information/Report]",11MB,"[<Auditor(794, 9259398, Moore Stephens CPA Limited)>]","[<KeyAuditMatter(1922, 9259398 Impairment assessment of trade receivables)>, <KeyAuditMatter(1923, 9259398 ECL)>]","[<KeyAuditMatterTag(4568, 1922, assessment)>, <KeyAuditMatterTag(4569, 1922, impairment)>, <KeyAuditMatterTag(4570, 1923, ecl)>]",https://www1.hkexnews.hk/listedco/listconews/sehk/2020/0429/2020042901303.pdf
844,9259316,29/04/2020 17:01,3848,WEALTHY WAY,Annual Report 2019,Financial Statements/ESG Information - [Annual Report],1MB,"[<Auditor(800, 9259316, Moore Stephens CPA Limited)>]","[<KeyAuditMatter(1939, 9259316 Expected credit losses (ECLs) on loan and account receivables (Refer to Notes 4, 5 and 21 to the consolidated financial statements))>]","[<KeyAuditMatterTag(4599, 1939, ecl)>, <KeyAuditMatterTag(4600, 1939, expected credit loss)>]",https://www1.hkexnews.hk/listedco/listconews/sehk/2020/0429/2020042901223.pdf
906,9258053,29/04/2020 06:33,1332,CHINA TOUYUN,Annual Report 2019,"Financial Statements/ESG Information - [Annual Report / Environmental, Social and Governance Information/Report]",6MB,"[<Auditor(861, 9258053, Moore Stephens CPA Limited)>]","[<KeyAuditMatter(2040, 9258053 Impairment assessment of goodwill)>, <KeyAuditMatter(2041, 9258053 Valuation of financial assets at fair value through profit or loss)>, <KeyAuditMatter(2042, 9258053 	Challenged	the	appropriateness	of	the	valuation	)>]","[<KeyAuditMatterTag(4847, 2040, assessment)>, <KeyAuditMatterTag(4848, 2040, goodwill)>, <KeyAuditMatterTag(4849, 2040, impairment)>, <KeyAuditMatterTag(4850, 2041, asset)>, <KeyAuditMatterTag(4851, 2041, fair)>, <KeyAuditMatterTag(4852, 2041, financial asset)>, <KeyAuditMatterTag(4853, 2041, valuation)>, <KeyAuditMatterTag(4854, 2041, value)>, <KeyAuditMatterTag(4855, 2042, valuation)>]",https://www1.hkexnews.hk/listedco/listconews/sehk/2020/0429/2020042900115.pdf
1000,9256031,28/04/2020 17:14,1051,G-RESOURCES,2019 Annual Report,Financial Statements/ESG Information - [Annual Report],6MB,"[<Auditor(953, 9256031, Moore Stephens CPA Limited)>]","[<KeyAuditMatter(2249, 9256031 Key audit matterHow our audit addressed the key audit matterFair value measurement of investments in unlisted investment funds, an unlisted debt investment and an unlisted equity investment classified as financial assets at fair value through profit or loss and within Level 3 under the fair value hierarchy)>, <KeyAuditMatter(2250, 9256031 Key audit matterHow our audit addressed the key audit matterValuation of investment properties)>]","[<KeyAuditMatterTag(5310, 2249, asset)>, <KeyAuditMatterTag(5311, 2249, fair)>, <KeyAuditMatterTag(5312, 2249, financial asset)>, <KeyAuditMatterTag(5313, 2249, investment)>, <KeyAuditMatterTag(5314, 2249, measurement)>, <KeyAuditMatterTag(5315, 2249, value)>, <KeyAuditMatterTag(5316, 2250, investment)>, <KeyAuditMatterTag(5317, 2250, properties)>, <KeyAuditMatterTag(5318, 2250, valuation)>]",https://www1.hkexnews.hk/listedco/listconews/sehk/2020/0428/2020042801677.pdf
1006,9255990,28/04/2020 17:12,1189,GBA DYNAMIC,Annual Report 2019,Financial Statements/ESG Information - [Annual Report],3MB,"[<Auditor(959, 9255990, Moore Stephens CPA Limited)>]","[<KeyAuditMatter(2266, 9255990 Impairment assessment of hotel properties)>, <KeyAuditMatter(2267, 9255990 Impairment assessment of hotel properties (CONTINUED))>, <KeyAuditMatter(2268, 9255990 Valuation of investment properties)>, <KeyAuditMatter(2269, 9255990 Valuation of investment properties )>]","[<KeyAuditMatterTag(5357, 2266, assessment)>, <KeyAuditMatterTag(5358, 2266, impairment)>, <KeyAuditMatterTag(5359, 2266, properties)>, <KeyAuditMatterTag(5360, 2267, assessment)>, <KeyAuditMatterTag(5361, 2267, impairment)>, <KeyAuditMatterTag(5362, 2267, properties)>, <KeyAuditMatterTag(5363, 2268, investment)>, <KeyAuditMatterTag(5364, 2268, properties)>, <KeyAuditMatterTag(5365, 2268, valuation)>, <KeyAuditMatterTag(5366, 2269, investment)>, <KeyAuditMatterTag(5367, 2269, properties)>, <KeyAuditMatterTag(5368, 2269, valuation)>]",https://www1.hkexnews.hk/listedco/listconews/sehk/2020/0428/2020042801638.pdf
1102,9255054,28/04/2020 16:30,209,WINSHINE SCI,ANNUAL REPORT 2019,"Financial Statements/ESG Information - [Annual Report / Environmental, Social and Governance Information/Report]",2MB,"[<Auditor(1053, 9255054, Moore Stephens CPA Limited)>]","[<KeyAuditMatter(2469, 9255054 Impairment assessment of inventories)>, <KeyAuditMatter(2470, 9255054 Valuation of investment properties)>]","[<KeyAuditMatterTag(5839, 2469, assessment)>, <KeyAuditMatterTag(5840, 2469, impairment)>, <KeyAuditMatterTag(5841, 2469, inventories)>, <KeyAuditMatterTag(5842, 2470, investment)>, <KeyAuditMatterTag(5843, 2470, properties)>, <KeyAuditMatterTag(5844, 2470, valuation)>]",https://www1.hkexnews.hk/listedco/listconews/sehk/2020/0428/2020042800702.pdf
1225,9252691,27/04/2020 16:54,572,FUTURE WORLD FH,Annual Report 2019,"Financial Statements/ESG Information - [Annual Report / Environmental, Social and Governance Information/Report]",2MB,"[<Auditor(1174, 9252691, Moore Stephens CPA Limited)>]","[<KeyAuditMatter(2755, 9252691 Estimation of fair value of investment properties)>, <KeyAuditMatter(2756, 9252691 Impairment assessment of trade and other receivables, and loan and interest receivables)>, <KeyAuditMatter(2757, 9252691 ECL)>]","[<KeyAuditMatterTag(6521, 2755, estimation)>, <KeyAuditMatterTag(6522, 2755, fair)>, <KeyAuditMatterTag(6523, 2755, investment)>, <KeyAuditMatterTag(6524, 2755, properties)>, <KeyAuditMatterTag(6525, 2755, value)>, <KeyAuditMatterTag(6526, 2756, assessment)>, <KeyAuditMatterTag(6527, 2756, impairment)>, <KeyAuditMatterTag(6528, 2757, ecl)>]",https://www1.hkexnews.hk/listedco/listconews/sehk/2020/0427/2020042701126.pdf
1453,9248545,23/04/2020 22:10,691,SHANSHUI CEMENT,2019 ANNUAL REPORT,Financial Statements/ESG Information - [Annual Report],5MB,"[<Auditor(1394, 9248545, Moore Stephens CPA Limited)>]","[<KeyAuditMatter(3293, 9248545 Impairment assessment on property, plant and equipment, right-of-use assets and intangible assets)>, <KeyAuditMatter(3294, 9248545 Assessment of loss allowance for expected credit losses on trade and bills receivables and other receivables)>, <KeyAuditMatter(3295, 9248545 Valuation of convertible bonds)>]","[<KeyAuditMatterTag(7749, 3293, assessment)>, <KeyAuditMatterTag(7750, 3293, asset)>, <KeyAuditMatterTag(7751, 3293, impairment)>, <KeyAuditMatterTag(7752, 3293, plant and equipment)>, <KeyAuditMatterTag(7753, 3293, property)>, <KeyAuditMatterTag(7754, 3293, right)>, <KeyAuditMatterTag(7755, 3294, assessment)>, <KeyAuditMatterTag(7756, 3294, expected credit loss)>, <KeyAuditMatterTag(7757, 3295, valuation)>]",https://www1.hkexnews.hk/listedco/listconews/sehk/2020/0423/2020042302342.pdf
1459,9248296,23/04/2020 20:05,6108,NEW RAY MEDIC,2019 Annual Report,"Financial Statements/ESG Information - [Annual Report / Environmental, Social and Governance Information/Report]",3MB,"[<Auditor(1400, 9248296, Moore Stephens CPA Limited)>]","[<KeyAuditMatter(3309, 9248296 Impairment assessment of interest in an associate)>, <KeyAuditMatter(3310, 9248296 Valuation of investments in equity instruments at fair value through other comprehensive income (FVTOCI))>]","[<KeyAuditMatterTag(7787, 3309, assessment)>, <KeyAuditMatterTag(7788, 3309, associate)>, <KeyAuditMatterTag(7789, 3309, impairment)>, <KeyAuditMatterTag(7790, 3310, fair)>, <KeyAuditMatterTag(7791, 3310, income)>, <KeyAuditMatterTag(7792, 3310, investment)>, <KeyAuditMatterTag(7793, 3310, valuation)>, <KeyAuditMatterTag(7794, 3310, value)>]",https://www1.hkexnews.hk/listedco/listconews/sehk/2020/0423/2020042302103.pdf
1560,9246695,23/04/2020 16:35,139,CENTRALWEALTHGP,Annual Report 2019,"Financial Statements/ESG Information - [Annual Report / Environmental, Social and Governance Information/Report]",2MB,"[<Auditor(1497, 9246695, Moore Stephens CPA Limited)>]",[],[],https://www1.hkexnews.hk/listedco/listconews/sehk/2020/0423/2020042300502.pdf
1646,9244850,22/04/2020 16:40,1722,KIN PANG HLDGS,Annual Report 2019,"Financial Statements/ESG Information - [Annual Report / Environmental, Social and Governance Information/Report]",2MB,"[<Auditor(1579, 9244850, Moore Stephens CPA Limited)>]","[<KeyAuditMatter(3693, 9244850 Revenue recognition from building and ancillary services construction contracts)>, <KeyAuditMatter(3694, 9244850 Impairment assessment of trade receivables and contract assets)>, <KeyAuditMatter(3695, 9244850 Impairment assessment of trade receivables and contract assets)>]","[<KeyAuditMatterTag(8693, 3693, contracts)>, <KeyAuditMatterTag(8694, 3693, recognition)>, <KeyAuditMatterTag(8695, 3693, revenue)>, <KeyAuditMatterTag(8696, 3694, assessment)>, <KeyAuditMatterTag(8697, 3694, asset)>, <KeyAuditMatterTag(8698, 3694, impairment)>, <KeyAuditMatterTag(8699, 3695, assessment)>, <KeyAuditMatterTag(8700, 3695, asset)>, <KeyAuditMatterTag(8701, 3695, impairment)>]",https://www1.hkexnews.hk/listedco/listconews/sehk/2020/0422/2020042200583.pdf
2023,9230615,08/04/2020 21:10,3886,TOWN HEALTH,2019 Annual Report,"Financial Statements/ESG Information - [Annual Report / Environmental, Social and Governance Information/Report]",9MB,"[<Auditor(1945, 9230615, Moore Stephens CPA Limited)>]","[<KeyAuditMatter(4525, 9230615 Impairment assessment of goodwill and intangible assets arising on acquisition of subsidiaries and medical practices)>, <KeyAuditMatter(4526, 9230615 Valuation of investment properties)>, <KeyAuditMatter(4527, 9230615 Impairment assessment of interests in associates)>]","[<KeyAuditMatterTag(10644, 4525, acquisition)>, <KeyAuditMatterTag(10645, 4525, assessment)>, <KeyAuditMatterTag(10646, 4525, asset)>, <KeyAuditMatterTag(10647, 4525, goodwill)>, <KeyAuditMatterTag(10648, 4525, impairment)>, <KeyAuditMatterTag(10649, 4526, investment)>, <KeyAuditMatterTag(10650, 4526, properties)>, <KeyAuditMatterTag(10651, 4526, valuation)>, <KeyAuditMatterTag(10652, 4527, assessment)>, <KeyAuditMatterTag(10653, 4527, associate)>, <KeyAuditMatterTag(10654, 4527, impairment)>]",https://www1.hkexnews.hk/listedco/listconews/sehk/2020/0408/2020040801203.pdf
2139,9213844,31/03/2020 18:13,8063,GLOBAL M HLDG,ANNUAL REPORT 2019,Financial Statements/ESG Information - [Annual Report],2MB,"[<Auditor(2054, 9213844, Moore Stephens CPA Limited)>]","[<KeyAuditMatter(4785, 9213844 Valuation of investment properties)>, <KeyAuditMatter(4786, 9213844  reviewing the valuation report from the )>, <KeyAuditMatter(4787, 9213844 Impairment of trade receivables from travel business and loan receivables)>]","[<KeyAuditMatterTag(11230, 4785, investment)>, <KeyAuditMatterTag(11231, 4785, properties)>, <KeyAuditMatterTag(11232, 4785, valuation)>, <KeyAuditMatterTag(11233, 4786, valuation)>, <KeyAuditMatterTag(11234, 4787, impairment)>]",https://www1.hkexnews.hk/listedco/listconews/gem/2020/0331/2020033101431.pdf
2207,9210059,30/03/2020 17:00,8429,ICICLE GROUP,ANNUAL REPORT 2019,"Financial Statements/ESG Information - [Annual Report / Environmental, Social and Governance Information/Report]",12MB,"[<Auditor(2120, 9210059, Moore Stephens CPA Limited)>]","[<KeyAuditMatter(4926, 9210059 Assessment of recoverability of trade receivables)>, <KeyAuditMatter(4927, 9210059 Revenue recognition)>]","[<KeyAuditMatterTag(11529, 4926, assessment)>, <KeyAuditMatterTag(11530, 4926, recoverability)>, <KeyAuditMatterTag(11531, 4927, recognition)>, <KeyAuditMatterTag(11532, 4927, revenue)>]",https://www1.hkexnews.hk/listedco/listconews/gem/2020/0330/2020033000644.pdf
2209,9210008,30/03/2020 16:54,8606,KINETIX SYSTEMS,Annual Report 2019,Financial Statements/ESG Information - [Annual Report],1MB,"[<Auditor(2122, 9210008, Moore Stephens CPA Limited)>]","[<KeyAuditMatter(4931, 9210008 Recoverability of trade and unbilled receivables and contract assets)>, <KeyAuditMatter(4932, 9210008 KEY AUDIT MATTERS (CONTINUED)Revenue from certain IT solutions services which are treated as one performance obligation and recognised over time)>]","[<KeyAuditMatterTag(11536, 4931, asset)>, <KeyAuditMatterTag(11537, 4931, recoverability)>, <KeyAuditMatterTag(11538, 4932, revenue)>]",https://www1.hkexnews.hk/listedco/listconews/gem/2020/0330/2020033000595.pdf
2245,9207332,27/03/2020 21:10,8627,ORANGE TOUR,Annual Report 2019,"Financial Statements/ESG Information - [Annual Report / Environmental, Social and Governance Information/Report]",2MB,"[<Auditor(2157, 9207332, Moore Stephens CPA Limited)>]","[<KeyAuditMatter(5013, 9207332 Impairment assessment of trade receivables)>, <KeyAuditMatter(5014, 9207332 ECL)>]","[<KeyAuditMatterTag(11698, 5013, assessment)>, <KeyAuditMatterTag(11699, 5013, impairment)>, <KeyAuditMatterTag(11700, 5014, ecl)>]",https://www1.hkexnews.hk/listedco/listconews/gem/2020/0327/2020032701899.pdf
2305,9199101,23/03/2020 16:41,1361,361 DEGREES,ANNUAL REPORT 2019,Financial Statements/ESG Information - [Annual Report],39MB,"[<Auditor(2217, 9199101, Moore Stephens CPA Limited)>]","[<KeyAuditMatter(5144, 9199101 Revenue recognition: Distributor arrangements)>]","[<KeyAuditMatterTag(11965, 5144, recognition)>, <KeyAuditMatterTag(11966, 5144, revenue)>]",https://www1.hkexnews.hk/listedco/listconews/sehk/2020/0323/2020032300424.pdf
2396,9071926,19/11/2019 18:27,850,TOURONG CHANGFU,ANNUAL REPORT 2018-2019,"Financial Statements/ESG Information - [Annual Report / Environmental, Social and Governance Information/Report]",3MB,"[<Auditor(2298, 9071926, Moore Stephens CPA Limited)>]","[<KeyAuditMatter(5315, 9071926 Impairment assessment of oil properties and construction-in-progress included in property, plant and equipment and oil exploitation licences included in intangible assets relating to the crude oil segment)>, <KeyAuditMatter(5316, 9071926 Impairment assessment of oil properties and construction-in-progress included in property, plant and equipment and oil exploitation licences included in intangible assets relating to the crude oil segment (Continued))>, <KeyAuditMatter(5317, 9071926 Assessment of loss allowances for expected credit losses on trade receivables)>, <KeyAuditMatter(5318, 9071926 Assessment of loss allowances for expected credit losses on loans receivables)>, <KeyAuditMatter(5319, 9071926 Assessment of loss allowances for expected credit losses on loans receivables )>, <KeyAuditMatter(5320, 9071926 Loss of assets)>, <KeyAuditMatter(5321, 9071926 Loss of assets )>]","[<KeyAuditMatterTag(12348, 5315, assessment)>, <KeyAuditMatterTag(12349, 5315, asset)>, <KeyAuditMatterTag(12350, 5315, impairment)>, <KeyAuditMatterTag(12351, 5315, licence)>, <KeyAuditMatterTag(12352, 5315, plant and equipment)>, <KeyAuditMatterTag(12353, 5315, properties)>, <KeyAuditMatterTag(12354, 5315, property)>, <KeyAuditMatterTag(12355, 5316, assessment)>, <KeyAuditMatterTag(12356, 5316, asset)>, <KeyAuditMatterTag(12357, 5316, impairment)>, <KeyAuditMatterTag(12358, 5316, licence)>, <KeyAuditMatterTag(12359, 5316, plant and equipment)>, <KeyAuditMatterTag(12360, 5316, properties)>, <KeyAuditMatterTag(12361, 5316, property)>, <KeyAuditMatterTag(12362, 5317, assessment)>, <KeyAuditMatterTag(12363, 5317, expected credit loss)>, <KeyAuditMatterTag(12364, 5318, assessment)>, <KeyAuditMatterTag(12365, 5318, expected credit loss)>, <KeyAuditMatterTag(12366, 5319, assessment)>, <KeyAuditMatterTag(12367, 5319, expected credit loss)>, <KeyAuditMatterTag(12368, 5320, asset)>, <KeyAuditMatterTag(12369, 5321, asset)>]",https://www1.hkexnews.hk/listedco/listconews/sehk/2019/1119/2019111900648.pdf
2397,9071904,19/11/2019 18:15,850,TOURONG CHANGFU,ANNUAL REPORT 2017-2018,"Financial Statements/ESG Information - [Annual Report / Environmental, Social and Governance Information/Report]",4MB,"[<Auditor(2299, 9071904, Moore Stephens CPA Limited)>]","[<KeyAuditMatter(5322, 9071904 Impairment assessment of oil properties and construction-in-progress included in property, plant and equipment and oil exploitation licences included in intangible assets relating to the crude oil segment )>, <KeyAuditMatter(5323, 9071904 Impairment assessment of oil properties and construction-in-progress included in property, plant and equipment and oil exploitation licences included in intangible assets relating to the crude oil segment (Continued))>, <KeyAuditMatter(5324, 9071904 Assessment of loss allowance for expected credit losses on trade receivables)>, <KeyAuditMatter(5325, 9071904 Assessment of loss allowances for expected credit losses on loans receivable)>, <KeyAuditMatter(5326, 9071904 Assessment of loss allowances for expected credit losses on loans receivable )>, <KeyAuditMatter(5327, 9071904 Assessment of loss allowances for expected credit losses on loans receivable )>]","[<KeyAuditMatterTag(12370, 5322, assessment)>, <KeyAuditMatterTag(12371, 5322, asset)>, <KeyAuditMatterTag(12372, 5322, impairment)>, <KeyAuditMatterTag(12373, 5322, licence)>, <KeyAuditMatterTag(12374, 5322, plant and equipment)>, <KeyAuditMatterTag(12375, 5322, properties)>, <KeyAuditMatterTag(12376, 5322, property)>, <KeyAuditMatterTag(12377, 5323, assessment)>, <KeyAuditMatterTag(12378, 5323, asset)>, <KeyAuditMatterTag(12379, 5323, impairment)>, <KeyAuditMatterTag(12380, 5323, licence)>, <KeyAuditMatterTag(12381, 5323, plant and equipment)>, <KeyAuditMatterTag(12382, 5323, properties)>, <KeyAuditMatterTag(12383, 5323, property)>, <KeyAuditMatterTag(12384, 5324, assessment)>, <KeyAuditMatterTag(12385, 5324, expected credit loss)>, <KeyAuditMatterTag(12386, 5325, assessment)>, <KeyAuditMatterTag(12387, 5325, expected credit loss)>, <KeyAuditMatterTag(12388, 5326, assessment)>, <KeyAuditMatterTag(12389, 5326, expected credit loss)>, <KeyAuditMatterTag(12390, 5327, assessment)>, <KeyAuditMatterTag(12391, 5327, expected credit loss)>]",https://www1.hkexnews.hk/listedco/listconews/sehk/2019/1119/2019111900626.pdf
2402,3622322,04/11/2019 07:47,209,WINSHINE SCI,ANNUAL REPORT 2018,"Financial Statements/ESG Information - [Annual Report / Environmental, Social and Governance Information/Report]",1901KB,"[<Auditor(2304, 3622322, Moore Stephens CPA Limited)>]",[],[],https://www1.hkexnews.hk/listedco/listconews/sehk/2019/1104/ltn20191104013.pdf
2409,3621200,30/10/2019 21:01,721,C FIN INT INV,ANNUAL REPORT 2019,"Financial Statements/ESG Information - [Annual Report / Environmental, Social and Governance Information/Report]",1460KB,"[<Auditor(2311, 3621200, Moore Stephens CPA Limited)>]","[<KeyAuditMatter(5344, 3621200 TO THE SHAREHOLDERS OF CHINA FINANCIAL INTERNATIONAL INVESTMENTS LIMITED)>, <KeyAuditMatter(5345, 3621200 Valuation of financial instruments at fair value through profit or loss (FVTPL) and financial instruments at fair value through other comprehensive income (FVTOCI) measured  at level 3 fair value measurement)>, <KeyAuditMatter(5346, 3621200 Provision of expected credit losses (ECL) on debt instruments at FVTOCI)>]","[<KeyAuditMatterTag(12433, 5344, investment)>, <KeyAuditMatterTag(12434, 5345, fair)>, <KeyAuditMatterTag(12435, 5345, income)>, <KeyAuditMatterTag(12436, 5345, measurement)>, <KeyAuditMatterTag(12437, 5345, valuation)>, <KeyAuditMatterTag(12438, 5345, value)>, <KeyAuditMatterTag(12439, 5346, ecl)>, <KeyAuditMatterTag(12440, 5346, expected credit loss)>, <KeyAuditMatterTag(12441, 5346, provision)>]",https://www1.hkexnews.hk/listedco/listconews/sehk/2019/1030/ltn20191030275.pdf
2426,9047868,28/10/2019 16:43,8170,ALL NATION INTL,Annual Report 2018/2019,Financial Statements/ESG Information - [Annual Report],989KB,"[<Auditor(2328, 9047868, Moore Stephens CPA Limited)>]","[<KeyAuditMatter(5375, 9047868 Revenue recognition on contracts for interior design and decoration works)>, <KeyAuditMatter(5376, 9047868 Impairment assessment of trade receivables and contract assets)>, <KeyAuditMatter(5377, 9047868 ECL)>]","[<KeyAuditMatterTag(12505, 5375, contracts)>, <KeyAuditMatterTag(12506, 5375, recognition)>, <KeyAuditMatterTag(12507, 5375, revenue)>, <KeyAuditMatterTag(12508, 5376, assessment)>, <KeyAuditMatterTag(12509, 5376, asset)>, <KeyAuditMatterTag(12510, 5376, impairment)>, <KeyAuditMatterTag(12511, 5377, ecl)>]",https://www1.hkexnews.hk/listedco/listconews/gem/2019/1028/2019102800359.pdf
2429,3620266,25/10/2019 20:20,92,CHAMPION TECH,Annual Report 2019,Financial Statements/ESG Information - [Annual Report],5521KB,"[<Auditor(2331, 3620266, Moore Stephens CPA Limited)>]","[<KeyAuditMatter(5393, 3620266 Impairment assessment of trade receivables)>, <KeyAuditMatter(5394, 3620266 Valuation of investment properties)>, <KeyAuditMatter(5395, 3620266 Valuation of inventories (cultural products))>]","[<KeyAuditMatterTag(12535, 5393, assessment)>, <KeyAuditMatterTag(12536, 5393, impairment)>, <KeyAuditMatterTag(12537, 5394, investment)>, <KeyAuditMatterTag(12538, 5394, properties)>, <KeyAuditMatterTag(12539, 5394, valuation)>, <KeyAuditMatterTag(12540, 5395, inventories)>, <KeyAuditMatterTag(12541, 5395, valuation)>]",https://www1.hkexnews.hk/listedco/listconews/sehk/2019/1025/ltn20191025199.pdf
2430,3620238,25/10/2019 18:49,1059,KANTONE HOLDING,Annual Report 2019,Financial Statements/ESG Information - [Annual Report],1956KB,"[<Auditor(2332, 3620238, Moore Stephens CPA Limited)>]","[<KeyAuditMatter(5396, 3620238 Impairment assessment of trade receivables)>]","[<KeyAuditMatterTag(12542, 5396, assessment)>, <KeyAuditMatterTag(12543, 5396, impairment)>]",https://www1.hkexnews.hk/listedco/listconews/sehk/2019/1025/ltn20191025171.pdf
956,9256770,28/04/2020 18:15,301,SANVO CHEMICALS,ANNUAL REPORT 2019,"Financial Statements/ESG Information - [Annual Report / Environmental, Social and Governance Information/Report]",1MB,"[<Auditor(910, 9256770, moore stephens Cpa Limited)>]","[<KeyAuditMatter(2136, 9256770 Independent auditors report to the shareholders ofsanVo fine Chemicals Group Limited(Incorporated in the Cayman Islands with limited liability))>, <KeyAuditMatter(2137, 9256770 reVenUe reCoGnItIon)>, <KeyAuditMatter(2138, 9256770 	inspecting	significant	manual	adjustments,	if	any,	to	revenue	)>, <KeyAuditMatter(2139, 9256770 ImpaIrment assessment of traDe reCeIVaBLes)>, <KeyAuditMatter(2140, 9256770 	challenged	the	managements	assessment	of	the	)>, <KeyAuditMatter(2141, 9256770 	assessed	the	adequacy	of	the	ECL	recorded	by	reviewing	)>]","[<KeyAuditMatterTag(5049, 2136, land)>, <KeyAuditMatterTag(5050, 2137, recognition)>, <KeyAuditMatterTag(5051, 2137, revenue)>, <KeyAuditMatterTag(5052, 2138, revenue)>, <KeyAuditMatterTag(5053, 2139, assessment)>, <KeyAuditMatterTag(5054, 2139, impairment)>, <KeyAuditMatterTag(5055, 2140, assessment)>, <KeyAuditMatterTag(5056, 2141, ecl)>]",https://www1.hkexnews.hk/listedco/listconews/sehk/2020/0428/2020042802416.pdf
