id,news_id,date_time,stock_code,stock_name,title,long_text,file_info,audit_firms,kams,kam_tags,file_link
1658,9244752,22/04/2020 16:31,1053,CHONGQING IRON,2019 ANNUAL REPORT,Financial Statements/ESG Information - [Annual Report],3MB,"[<Auditor(1590, 9244752, (Engagement partner))>]",[],[],https://www1.hkexnews.hk/listedco/listconews/sehk/2020/0422/2020042200485.pdf
1038,9255574,28/04/2020 16:53,1463,C-LINK SQ,Annual Report 2019,Financial Statements/ESG Information - [Annual Report],2MB,"[<Auditor(991, 9255574, 202006000003 (LLP0022760-LCA) & AF 0039)>]","[<KeyAuditMatter(2353, 9255574 (1) Impairment assessment of intangible assets)>, <KeyAuditMatter(2354, 9255574 (1) 3.2(b)(Refer to Note 3.2(b)  Key sources of estimation uncertainty 14and Note 14  Intangible assets))>]","[<KeyAuditMatterTag(5572, 2353, assessment)>, <KeyAuditMatterTag(5573, 2353, asset)>, <KeyAuditMatterTag(5574, 2353, impairment)>, <KeyAuditMatterTag(5575, 2354, asset)>, <KeyAuditMatterTag(5576, 2354, estimation)>]",https://www1.hkexnews.hk/listedco/listconews/sehk/2020/0428/2020042801222.pdf
2490,9272981,08/05/2020 12:06,1133,HARBIN ELECTRIC,2019 ANNUAL REPORT,Financial Statements/ESG Information - [Annual Report],4MB,"[<Auditor(2390, 9272981, China)>, <Auditor(2391, 9272981, Da Hua)>]",[],[],https://www1.hkexnews.hk/listedco/listconews/sehk/2020/0508/2020050800331.pdf
1057,9255392,28/04/2020 16:46,38,FIRST TRACTOR,2019 ANNUAL REPORT,Financial Statements/ESG Information - [Annual Report],2MB,"[<Auditor(1010, 9255392, DaHua Certified Public Accountants  Chinese)>]",[],[],https://www1.hkexnews.hk/listedco/listconews/sehk/2020/0428/2020042801040.pdf
1931,9236091,15/04/2020 18:22,2722,CHONGQING M&E,2019 ANNUAL REPORT,Financial Statements/ESG Information - [Annual Report],4MB,"[<Auditor(1857, 9236091, Dongcheng District, Beijing,  (cid:1360)(cid:11599):   +86(010)6554 7190)>]","[<KeyAuditMatter(4343, 9236091 1. Provision for decline in value of inventories)>]","[<KeyAuditMatterTag(10195, 4343, ecl)>, <KeyAuditMatterTag(10196, 4343, inventories)>, <KeyAuditMatterTag(10197, 4343, provision)>, <KeyAuditMatterTag(10198, 4343, value)>]",https://www1.hkexnews.hk/listedco/listconews/sehk/2020/0415/2020041500999.pdf
79,9414723,27/08/2020 17:27,1470,PROSPER ONE,ANNUAL REPORT 2020,Financial Statements/ESG Information - [Annual Report],5MB,"[<Auditor(78, 9414723, Fan, Chan & Co. Limited)>]","[<KeyAuditMatter(146, 9414723 Valuation and impairment of inventories)>, <KeyAuditMatter(147, 9414723 Impairment of property, plant and equipment and right-of-use assets (ROU assets))>]","[<KeyAuditMatterTag(341, 146, impairment)>, <KeyAuditMatterTag(342, 146, inventories)>, <KeyAuditMatterTag(343, 146, valuation)>, <KeyAuditMatterTag(344, 147, asset)>, <KeyAuditMatterTag(345, 147, impairment)>, <KeyAuditMatterTag(346, 147, plant and equipment)>, <KeyAuditMatterTag(347, 147, property)>, <KeyAuditMatterTag(348, 147, right)>]",https://www1.hkexnews.hk/listedco/listconews/sehk/2020/0827/2020082700690.pdf
2071,9228373,07/04/2020 16:47,293,CATHAY PAC AIR,Annual Report 2019,"Financial Statements/ESG Information - [Annual Report / Environmental, Social and Governance Information/Report]",5MB,"[<Auditor(1990, 9228373, Group audit. We remain solely responsible for our audit)>]","[<KeyAuditMatter(4637, 9228373 EVENUE RECOGNITION )>, <KeyAuditMatter(4638, 9228373 SSESSMENT OF PROVISIONS FOR TAXATION, LITIGATION AND CLAIMS)>, <KeyAuditMatter(4639, 9228373 SSESSING THE CARRYING VALUE OF AIRCRAFT AND RELATED EQUIPMENT)>, <KeyAuditMatter(4640, 9228373 SSESSING AIRCRAFT MAINTENANCE PROVISIONS )>, <KeyAuditMatter(4641, 9228373 SSESSING POTENTIAL IMPAIRMENT OF GOODWILL ALLOCATED TO THE CASH-GENERATING UNIT CGU) OF HONG KONG EXPRESS AIRWAYS LIMITED (HK EXPRESS))>]","[<KeyAuditMatterTag(10887, 4637, recognition)>, <KeyAuditMatterTag(10888, 4638, litigation)>, <KeyAuditMatterTag(10889, 4638, provision)>, <KeyAuditMatterTag(10890, 4638, tax)>, <KeyAuditMatterTag(10891, 4639, value)>, <KeyAuditMatterTag(10892, 4640, provision)>, <KeyAuditMatterTag(10893, 4641, goodwill)>, <KeyAuditMatterTag(10894, 4641, impairment)>]",https://www1.hkexnews.hk/listedco/listconews/sehk/2020/0407/2020040700498.pdf
1608,9245522,22/04/2020 18:11,01216<br/>04617,ZYBANK<br/>ZYBNK 18USDPREF,2019 ANNUAL REPORT,Financial Statements/ESG Information - [Annual Report],1MB,"[<Auditor(1542, 9245522, Lok Man.)>]","[<KeyAuditMatter(3613, 9245522 Loss allowances of loans and financial investments measured at amortized cost)>, <KeyAuditMatter(3614, 9245522 Loss allowances of loans and financial investments measured at amortized cost (Continued))>, <KeyAuditMatter(3615, 9245522 Loss allowances of loans and financial investments measured at amortized cost (Continued))>, <KeyAuditMatter(3616, 9245522 Loss allowances of loans and financial investments measured at amortized cost (Continued))>, <KeyAuditMatter(3617, 9245522 Fair value of financial instruments)>]","[<KeyAuditMatterTag(8496, 3613, investment)>, <KeyAuditMatterTag(8497, 3614, investment)>, <KeyAuditMatterTag(8498, 3615, investment)>, <KeyAuditMatterTag(8499, 3616, investment)>, <KeyAuditMatterTag(8500, 3617, fair)>, <KeyAuditMatterTag(8501, 3617, value)>]",https://www1.hkexnews.hk/listedco/listconews/sehk/2020/0422/2020042201244.pdf
371,9359484,16/07/2020 16:27,660,WAI CHUN BIOTEC,ANNUAL REPORT 2019,"Financial Statements/ESG Information - [Annual Report / Environmental, Social and Governance Information/Report]",6MB,"[<Auditor(356, 9359484, Practising Certificate Number: P05908)>]","[<KeyAuditMatter(916, 9359484 Impairment assessments of trade and bills receivables)>]","[<KeyAuditMatterTag(2201, 916, assessment)>, <KeyAuditMatterTag(2202, 916, impairment)>]",https://www1.hkexnews.hk/listedco/listconews/sehk/2020/0716/2020071600480.pdf
1201,9252962,27/04/2020 17:18,553,NANJING PANDA,2019 Annual Report,Financial Statements/ESG Information - [Annual Report],1MB,"[<Auditor(1150, 9252962, Professional Ethics of Chinese)>]",[],[],https://www1.hkexnews.hk/listedco/listconews/sehk/2020/0427/2020042701397.pdf
13,9474835,15/10/2020 17:28,1849,AM GROUP,ANNUAL REPORT 2020,Financial Statements/ESG Information - [Annual Report],566KB,"[<Auditor(13, 9474835, Public Accountants and)>]",[],[],https://www1.hkexnews.hk/listedco/listconews/sehk/2020/1015/2020101500627.pdf
48,9451862,24/09/2020 18:08,924,KHOON GROUP,2020 Annual Report,Financial Statements/ESG Information - [Annual Report],1MB,"[<Auditor(48, 9451862, Public Accountants and)>]","[<KeyAuditMatter(89, 9451862 Contract revenue recognition (Note 6) and Accounting for Electrical Engineering Services (Note 18))>]","[<KeyAuditMatterTag(223, 89, recognition)>, <KeyAuditMatterTag(224, 89, revenue)>]",https://www1.hkexnews.hk/listedco/listconews/sehk/2020/0924/2020092401092.pdf
52,9450062,23/09/2020 16:43,2821,ABF PAIF,Annual Report,Financial Statements/ESG Information - [Annual Report],3MB,"[<Auditor(52, 9450062, Public Accountants and)>]",[],[],https://www1.hkexnews.hk/listedco/listconews/sehk/2020/0923/2020092300398.pdf
60,9443780,16/09/2020 22:22,8487,ISP GLOBAL,Annual Report 2019/2020,"Financial Statements/ESG Information - [Annual Report / Environmental, Social and Governance Information/Report]",1MB,"[<Auditor(60, 9443780, Public Accountants and)>]","[<KeyAuditMatter(112, 9443780 Revenue recognition for sale of goods and construction contracts (Note 5))>]","[<KeyAuditMatterTag(269, 112, contracts)>, <KeyAuditMatterTag(270, 112, recognition)>, <KeyAuditMatterTag(271, 112, revenue)>]",https://www1.hkexnews.hk/listedco/listconews/gem/2020/0916/2020091601128.pdf
423,9347537,06/07/2020 19:06,8259,HON CORP,Annual Report 2019,"Financial Statements/ESG Information - [Annual Report / Environmental, Social and Governance Information/Report]",2MB,"[<Auditor(402, 9347537, Public Accountants and)>]",[],[],https://www1.hkexnews.hk/listedco/listconews/gem/2020/0706/2020070601906.pdf
537,9332765,29/06/2020 12:05,8609,EGGRICULTURE,ANNUAL REPORT 2020,Financial Statements/ESG Information - [Annual Report],978KB,"[<Auditor(515, 9332765, Public Accountants and)>]","[<KeyAuditMatter(1269, 9332765 Key Audit MatterHow our audit addressed the Key Audit MatterValuation of biological assets)>]","[<KeyAuditMatterTag(3014, 1269, asset)>, <KeyAuditMatterTag(3015, 1269, valuation)>]",https://www1.hkexnews.hk/listedco/listconews/gem/2020/0629/2020062900313.pdf
693,9280217,14/05/2020 17:43,1545,DESIGN CAPITAL,Annual Report 2019,Financial Statements/ESG Information - [Annual Report],2MB,"[<Auditor(666, 9280217, Public Accountants and)>]",[],[],https://www1.hkexnews.hk/listedco/listconews/sehk/2020/0514/2020051401186.pdf
769,9481439,22/10/2020 17:35,1726,HKE HOLDINGS,ANNUAL REPORT 2020,"Financial Statements/ESG Information - [Annual Report / Environmental, Social and Governance Information/Report]",3MB,"[<Auditor(739, 9481439, Public Accountants and)>]","[<KeyAuditMatter(1795, 9481439 Contract Revenue Recognition and Accounting for Construction Contracts)>, <KeyAuditMatter(1796, 9481439 Revenue from Contracts with Customers)>]","[<KeyAuditMatterTag(4262, 1795, contracts)>, <KeyAuditMatterTag(4263, 1795, recognition)>, <KeyAuditMatterTag(4264, 1795, revenue)>, <KeyAuditMatterTag(4265, 1796, contracts)>, <KeyAuditMatterTag(4266, 1796, revenue)>]",https://www1.hkexnews.hk/listedco/listconews/sehk/2020/1022/2020102200581.pdf
870,9258913,29/04/2020 16:31,1866,CHINA XLX FERT,Annual Report 2019,Financial Statements/ESG Information - [Annual Report],7MB,"[<Auditor(825, 9258913, Public Accountants and)>]","[<KeyAuditMatter(1991, 9258913 IMPAIRMENT ASSESSMENT OF COAL MINING OPERATION)>]","[<KeyAuditMatterTag(4727, 1991, assessment)>, <KeyAuditMatterTag(4728, 1991, impairment)>, <KeyAuditMatterTag(4729, 1991, mining)>]",https://www1.hkexnews.hk/listedco/listconews/sehk/2020/0429/2020042900826.pdf
898,9258167,29/04/2020 07:57,2225,JINHAI INTL,Annual Report 2019,"Financial Statements/ESG Information - [Annual Report / Environmental, Social and Governance Information/Report]",2MB,"[<Auditor(853, 9258167, Public Accountants and)>]","[<KeyAuditMatter(2019, 9258167 Impairment assessment of trade receivables (Note 17 to the financial statements))>, <KeyAuditMatter(2020, 9258167 ECL)>, <KeyAuditMatter(2021, 9258167 Assessment of impairment of property, plant and equipment (Note 13 to the financial statements))>, <KeyAuditMatter(2022, 9258167 Assessment of impairment of right-of-use assets (Note 14 to the financial statements))>]","[<KeyAuditMatterTag(4789, 2019, assessment)>, <KeyAuditMatterTag(4790, 2019, impairment)>, <KeyAuditMatterTag(4791, 2020, ecl)>, <KeyAuditMatterTag(4792, 2021, assessment)>, <KeyAuditMatterTag(4793, 2021, impairment)>, <KeyAuditMatterTag(4794, 2021, plant and equipment)>, <KeyAuditMatterTag(4795, 2021, property)>, <KeyAuditMatterTag(4796, 2022, assessment)>, <KeyAuditMatterTag(4797, 2022, asset)>, <KeyAuditMatterTag(4798, 2022, impairment)>, <KeyAuditMatterTag(4799, 2022, right)>]",https://www1.hkexnews.hk/listedco/listconews/sehk/2020/0429/2020042900229.pdf
907,9258029,29/04/2020 06:26,2227,SOLIS HOLDINGS,ANNUAL REPORT 2019,Financial Statements/ESG Information - [Annual Report],4MB,"[<Auditor(862, 9258029, Public Accountants and)>]",[],[],https://www1.hkexnews.hk/listedco/listconews/sehk/2020/0429/2020042900091.pdf
975,9256444,28/04/2020 17:40,1552,BHCC HOLDING,2019 ANNUAL REPORT,"Financial Statements/ESG Information - [Annual Report / Environmental, Social and Governance Information/Report]",2MB,"[<Auditor(929, 9256444, Public Accountants and)>]","[<KeyAuditMatter(2188, 9256444 Key audit matterHow our audit addressed the key audit matterContract Revenue Recognition (Note 5) and Accounting for Construction Contract (Note 18))>, <KeyAuditMatter(2189, 9256444 Revenue from contracts with customersRevenue from contracts with customers)>]","[<KeyAuditMatterTag(5159, 2188, recognition)>, <KeyAuditMatterTag(5160, 2188, revenue)>, <KeyAuditMatterTag(5161, 2189, contracts)>, <KeyAuditMatterTag(5162, 2189, revenue)>]",https://www1.hkexnews.hk/listedco/listconews/sehk/2020/0428/2020042802090.pdf
1400,9249416,24/04/2020 16:42,1767,TS WONDERS,Annual Report 2019,Financial Statements/ESG Information - [Annual Report],1MB,"[<Auditor(1344, 9249416, Public Accountants and)>]","[<KeyAuditMatter(3176, 9249416 Valuation of properties (Notes 14 and 16)1416)>, <KeyAuditMatter(3177, 9249416 Valuation of properties (Notes 14 and 16)1416)>]","[<KeyAuditMatterTag(7516, 3176, properties)>, <KeyAuditMatterTag(7517, 3176, valuation)>, <KeyAuditMatterTag(7518, 3177, properties)>, <KeyAuditMatterTag(7519, 3177, valuation)>]",https://www1.hkexnews.hk/listedco/listconews/sehk/2020/0424/2020042400852.pdf
1489,9247534,23/04/2020 17:33,3302,KINERGY,Annual Report 2019,"Financial Statements/ESG Information - [Annual Report / Environmental, Social and Governance Information/Report]",1MB,"[<Auditor(1428, 9247534, Public Accountants and)>]",[],[],https://www1.hkexnews.hk/listedco/listconews/sehk/2020/0423/2020042301341.pdf
1643,9244921,22/04/2020 16:45,1706,SHUANG YUN HLDG,ANNUAL REPORT 2019,"Financial Statements/ESG Information - [Annual Report / Environmental, Social and Governance Information/Report]",3MB,"[<Auditor(1576, 9244921, Public Accountants and)>]","[<KeyAuditMatter(3682, 9244921 Revenue recognition of construction contracts)>]","[<KeyAuditMatterTag(8672, 3682, contracts)>, <KeyAuditMatterTag(8673, 3682, recognition)>, <KeyAuditMatterTag(8674, 3682, revenue)>]",https://www1.hkexnews.hk/listedco/listconews/sehk/2020/0422/2020042200654.pdf
1924,9236675,16/04/2020 08:00,2588,BOC AVIATION,2019 ANNUAL REPORT,"Financial Statements/ESG Information - [Annual Report / Environmental, Social and Governance Information/Report]",5MB,"[<Auditor(1850, 9236675, Public Accountants and)>]","[<KeyAuditMatter(4328, 9236675 Carrying value of property, plant and equipment - aircraft)>, <KeyAuditMatter(4329, 9236675 Impairment of Assets)>]","[<KeyAuditMatterTag(10166, 4328, plant and equipment)>, <KeyAuditMatterTag(10167, 4328, property)>, <KeyAuditMatterTag(10168, 4328, value)>, <KeyAuditMatterTag(10169, 4329, asset)>, <KeyAuditMatterTag(10170, 4329, impairment)>]",https://www1.hkexnews.hk/listedco/listconews/sehk/2020/0416/2020041600033.pdf
1925,9236605,15/04/2020 22:49,807,SIICENVIRONMENT,2019 ANNUAL REPORT,Financial Statements/ESG Information - [Annual Report],3MB,"[<Auditor(1851, 9236605, Public Accountants and)>]","[<KeyAuditMatter(4330, 9236605 Service concession arrangements and revenue recognition)>, <KeyAuditMatter(4331, 9236605 Impairment review of goodwill)>, <KeyAuditMatter(4332, 9236605 Impairment of Assets)>, <KeyAuditMatter(4333, 9236605 	evaluating	managements	assessment	of	the	sensitivity	of	the	Groups	)>]","[<KeyAuditMatterTag(10171, 4330, recognition)>, <KeyAuditMatterTag(10172, 4330, revenue)>, <KeyAuditMatterTag(10173, 4331, goodwill)>, <KeyAuditMatterTag(10174, 4331, impairment)>, <KeyAuditMatterTag(10175, 4332, asset)>, <KeyAuditMatterTag(10176, 4332, impairment)>, <KeyAuditMatterTag(10177, 4333, assessment)>]",https://www1.hkexnews.hk/listedco/listconews/sehk/2020/0415/2020041501479.pdf
1973,9234355,14/04/2020 18:00,1990,XINGHUA PORT,Annual Report 2019,Financial Statements/ESG Information - [Annual Report],1MB,"[<Auditor(1897, 9234355, Public Accountants and)>]","[<KeyAuditMatter(4424, 9234355 Impairment of goodwill)>, <KeyAuditMatter(4425, 9234355 Impairment assessment of trade receivables)>, <KeyAuditMatter(4426, 9234355 Impairment assessment of trade receivables )>]","[<KeyAuditMatterTag(10411, 4424, goodwill)>, <KeyAuditMatterTag(10412, 4424, impairment)>, <KeyAuditMatterTag(10413, 4425, assessment)>, <KeyAuditMatterTag(10414, 4425, impairment)>, <KeyAuditMatterTag(10415, 4426, assessment)>, <KeyAuditMatterTag(10416, 4426, impairment)>]",https://www1.hkexnews.hk/listedco/listconews/sehk/2020/0414/2020041401140.pdf
2135,9214333,31/03/2020 20:20,8513,IAG HOLDINGS,2019 annual report,Financial Statements/ESG Information - [Annual Report],1MB,"[<Auditor(2050, 9214333, Public Accountants and)>]","[<KeyAuditMatter(4771, 9214333 How our audit addressed the  Key Audit MatterKey Audit MatterImpairment assessment on property, plant and equipment (PPE) and right-of-use assets)>, <KeyAuditMatter(4772, 9214333 How our audit addressed the  Key Audit MatterKey Audit MatterImpairment assessment on property, plant and equipment (PPE) and right-of-use assets (Continued))>]","[<KeyAuditMatterTag(11195, 4771, assessment)>, <KeyAuditMatterTag(11196, 4771, asset)>, <KeyAuditMatterTag(11197, 4771, impairment)>, <KeyAuditMatterTag(11198, 4771, plant and equipment)>, <KeyAuditMatterTag(11199, 4771, property)>, <KeyAuditMatterTag(11200, 4771, right)>, <KeyAuditMatterTag(11201, 4772, assessment)>, <KeyAuditMatterTag(11202, 4772, asset)>, <KeyAuditMatterTag(11203, 4772, impairment)>, <KeyAuditMatterTag(11204, 4772, plant and equipment)>, <KeyAuditMatterTag(11205, 4772, property)>, <KeyAuditMatterTag(11206, 4772, right)>]",https://www1.hkexnews.hk/listedco/listconews/gem/2020/0331/2020033101920.pdf
2176,9211030,30/03/2020 20:37,8357,REPUBLIC HC,Annual Report 2019,"Financial Statements/ESG Information - [Annual Report / Environmental, Social and Governance Information/Report]",1MB,"[<Auditor(2090, 9211030, Public Accountants and)>]","[<KeyAuditMatter(4867, 9211030 Revenue recognition from medical services)>, <KeyAuditMatter(4868, 9211030 Revenue from Contracts with Customers)>]","[<KeyAuditMatterTag(11416, 4867, recognition)>, <KeyAuditMatterTag(11417, 4867, revenue)>, <KeyAuditMatterTag(11418, 4868, contracts)>, <KeyAuditMatterTag(11419, 4868, revenue)>]",https://www1.hkexnews.hk/listedco/listconews/gem/2020/0330/2020033001615.pdf
2189,9210394,30/03/2020 17:51,8437,RMH HOLDINGS,ANNUAL REPORT 2019,"Financial Statements/ESG Information - [Annual Report / Environmental, Social and Governance Information/Report]",1MB,"[<Auditor(2102, 9210394, Public Accountants and)>]","[<KeyAuditMatter(4886, 9210394 Valuation of trade receivables )>]","[<KeyAuditMatterTag(11452, 4886, valuation)>]",https://www1.hkexnews.hk/listedco/listconews/gem/2020/0330/2020033000979.pdf
2216,9209951,30/03/2020 16:46,8313,ZACD,ANNUAL REPORT 2019,"Financial Statements/ESG Information - [Annual Report / Environmental, Social and Governance Information/Report]",2MB,"[<Auditor(2129, 9209951, Public Accountants and)>]","[<KeyAuditMatter(4946, 9209951 Valuation of investment in equity securities)>]","[<KeyAuditMatterTag(11564, 4946, investment)>, <KeyAuditMatterTag(11565, 4946, valuation)>]",https://www1.hkexnews.hk/listedco/listconews/gem/2020/0330/2020033000538.pdf
2255,9206301,27/03/2020 16:55,8402,GT STEEL GROUP,ANNUAL REPORT 2019,"Financial Statements/ESG Information - [Annual Report / Environmental, Social and Governance Information/Report]",2MB,"[<Auditor(2167, 9206301, Public Accountants and)>]","[<KeyAuditMatter(5037, 9206301 Contract Revenue Recognition (Note 5) and Accounting for Construction Contract (Note 17))>]","[<KeyAuditMatterTag(11756, 5037, recognition)>, <KeyAuditMatterTag(11757, 5037, revenue)>]",https://www1.hkexnews.hk/listedco/listconews/gem/2020/0327/2020032700758.pdf
2279,9204112,26/03/2020 16:36,8527,JLOGO HLDGS,ANNUAL REPORT 2019,Financial Statements/ESG Information - [Annual Report],1MB,"[<Auditor(2191, 9204112, Public Accountants and)>]","[<KeyAuditMatter(5083, 9204112 Carrying value of property, plant and equipment and right-of-use assets)>, <KeyAuditMatter(5084, 9204112 Net realizable value for inventories)>]","[<KeyAuditMatterTag(11847, 5083, asset)>, <KeyAuditMatterTag(11848, 5083, plant and equipment)>, <KeyAuditMatterTag(11849, 5083, property)>, <KeyAuditMatterTag(11850, 5083, right)>, <KeyAuditMatterTag(11851, 5083, value)>, <KeyAuditMatterTag(11852, 5084, inventories)>, <KeyAuditMatterTag(11853, 5084, value)>]",https://www1.hkexnews.hk/listedco/listconews/gem/2020/0326/2020032600617.pdf
2293,9201122,24/03/2020 20:08,6090,CENTURION CORP,ANNUAL REPORT 2019,Financial Statements/ESG Information - [Annual Report],10MB,"[<Auditor(2205, 9201122, Public Accountants and)>]",[],[],https://www1.hkexnews.hk/listedco/listconews/sehk/2020/0324/2020032401013.pdf
2303,9199692,23/03/2020 19:41,1656,ISDN HOLDINGS,2019 ANNUAL REPORT,Financial Statements/ESG Information - [Annual Report],3MB,"[<Auditor(2215, 9199692, Public Accountants and)>]","[<KeyAuditMatter(5140, 9199692 Key Audit MatterHow our audit addressed the key audit matterImpairment of trade and other receivables)>, <KeyAuditMatter(5141, 9199692 ECL)>, <KeyAuditMatter(5142, 9199692 Key Audit MatterHow our audit addressed the key audit matterImpairment of goodwill)>]","[<KeyAuditMatterTag(11957, 5140, impairment)>, <KeyAuditMatterTag(11958, 5141, ecl)>, <KeyAuditMatterTag(11959, 5142, goodwill)>, <KeyAuditMatterTag(11960, 5142, impairment)>]",https://www1.hkexnews.hk/listedco/listconews/sehk/2020/0323/2020032301009.pdf
2313,9197970,22/03/2020 18:01,1857,CEB WATER,Annual Report 2019,Financial Statements/ESG Information - [Annual Report],6MB,"[<Auditor(2224, 9197970, Public Accountants and)>]","[<KeyAuditMatter(5154, 9197970 IFRIC 12  Service Concession Arrangements (IFRIC 12) and Revenue Recognition 12	-	)>, <KeyAuditMatter(5155, 9197970 IFRIC 12  Service Concession Arrangements (IFRIC 12) and Revenue Recognition 12	-	)>, <KeyAuditMatter(5156, 9197970 Recoverability of trade receivables)>, <KeyAuditMatter(5157, 9197970 ECL)>, <KeyAuditMatter(5158, 9197970 Impairment assessment of goodwill)>]","[<KeyAuditMatterTag(11987, 5154, recognition)>, <KeyAuditMatterTag(11988, 5154, revenue)>, <KeyAuditMatterTag(11989, 5155, recognition)>, <KeyAuditMatterTag(11990, 5155, revenue)>, <KeyAuditMatterTag(11991, 5156, recoverability)>, <KeyAuditMatterTag(11992, 5157, ecl)>, <KeyAuditMatterTag(11993, 5158, assessment)>, <KeyAuditMatterTag(11994, 5158, goodwill)>, <KeyAuditMatterTag(11995, 5158, impairment)>]",https://www1.hkexnews.hk/listedco/listconews/sehk/2020/0322/2020032200001.pdf
2349,9166199,26/02/2020 16:56,1742,HPC HOLDINGS,ANNUAL REPORT 2019,"Financial Statements/ESG Information - [Annual Report / Environmental, Social and Governance Information/Report]",2MB,"[<Auditor(2257, 9166199, Public Accountants and)>]","[<KeyAuditMatter(5225, 9166199 Accounting for construction contracts)>, <KeyAuditMatter(5226, 9166199 Impairment assessment of trade receivables and contract assets)>]","[<KeyAuditMatterTag(12137, 5225, contracts)>, <KeyAuditMatterTag(12138, 5226, assessment)>, <KeyAuditMatterTag(12139, 5226, asset)>, <KeyAuditMatterTag(12140, 5226, impairment)>]",https://www1.hkexnews.hk/listedco/listconews/sehk/2020/0226/2020022600360.pdf
2362,9134595,21/01/2020 17:05,3928,S&T HLDGS,ANNUAL REPORT 2019,"Financial Statements/ESG Information - [Annual Report / Environmental, Social and Governance Information/Report]",5MB,"[<Auditor(2266, 9134595, Public Accountants and)>]","[<KeyAuditMatter(5246, 9134595 TO THE SHAREHOLDERS OF S&T HOLDINGS LIMITED(Incorporated in the Cayman Islands with limited liability))>, <KeyAuditMatter(5247, 9134595 Recognition and accounting for revenue from civil engineering works and building construction works (Note 6))>, <KeyAuditMatter(5248, 9134595 Revenue from Contracts with CustomersRevenue from Contracts with Customers)>]","[<KeyAuditMatterTag(12178, 5246, land)>, <KeyAuditMatterTag(12179, 5247, recognition)>, <KeyAuditMatterTag(12180, 5247, revenue)>, <KeyAuditMatterTag(12181, 5248, contracts)>, <KeyAuditMatterTag(12182, 5248, revenue)>]",https://www1.hkexnews.hk/listedco/listconews/sehk/2020/0121/2020012100673.pdf
2376,9109052,27/12/2019 18:25,8451,SUNLIGHT HLDGS,ANNUAL REPORT 2019,Financial Statements/ESG Information - [Annual Report],4MB,"[<Auditor(2280, 9109052, Public Accountants and)>]","[<KeyAuditMatter(5273, 9109052 Revaluation of leasehold building)>, <KeyAuditMatter(5274, 9109052 Revaluation of leasehold building)>]","[<KeyAuditMatterTag(12246, 5273, valuation)>, <KeyAuditMatterTag(12247, 5274, valuation)>]",https://www1.hkexnews.hk/listedco/listconews/gem/2019/1227/2019122701144.pdf
2378,9107585,26/12/2019 18:02,1730,LHN,ANNUAL REPORT 2019,Financial Statements/ESG Information - [Annual Report],3MB,"[<Auditor(2282, 9107585, Public Accountants and)>]","[<KeyAuditMatter(5278, 9107585 Valuation of investment properties)>, <KeyAuditMatter(5279, 9107585 Provisions for onerous contracts)>]","[<KeyAuditMatterTag(12253, 5278, investment)>, <KeyAuditMatterTag(12254, 5278, properties)>, <KeyAuditMatterTag(12255, 5278, valuation)>, <KeyAuditMatterTag(12256, 5279, contracts)>, <KeyAuditMatterTag(12257, 5279, provision)>]",https://www1.hkexnews.hk/listedco/listconews/sehk/2019/1226/2019122600001.pdf
2442,9482440,23/10/2020 16:34,9998,KWAN YONG,ANNUAL REPORT 2020,Financial Statements/ESG Information - [Annual Report],627KB,"[<Auditor(2344, 9482440, Public Accountants and)>]",[],[],https://www1.hkexnews.hk/listedco/listconews/sehk/2020/1023/2020102300356.pdf
2318,9195052,19/03/2020 16:46,1631,REF HOLDINGS,Annual Report 2019,Financial Statements/ESG Information - [Annual Report],1MB,"[<Auditor(2228, 9195052, The engagement director on the audit res)>]",[],[],https://www1.hkexnews.hk/listedco/listconews/sehk/2020/0319/2020031900829.pdf
1734,9242393,20/04/2020 22:30,2066,SHENGJINGBANK,2019 ANNUAL REPORT,Financial Statements/ESG Information - [Annual Report],873KB,"[<Auditor(1666, 9242393, The engagement partner on the audit resulting in this independent audit)>]","[<KeyAuditMatter(3861, 9242393 LOSS ALLOWANCES OF LOANS AND FINANCIAL INVESTMENTS MEASURED AT AMORTISED COST)>, <KeyAuditMatter(3862, 9242393 LOSS ALLOWANCES OF LOANS AND FINANCIAL INVESTMENTS MEASURED AT AMORTISED COST (CONTINUED))>, <KeyAuditMatter(3863, 9242393 LOSS ALLOWANCES OF LOANS AND FINANCIAL INVESTMENTS MEASURED AT AMORTISED COST (CONTINUED))>, <KeyAuditMatter(3864, 9242393 LOSS ALLOWANCES OF LOANS AND FINANCIAL INVESTMENTS MEASURED AT AMORTISED COST (CONTINUED))>, <KeyAuditMatter(3865, 9242393 FAIR VALUE OF FINANCIAL INSTRUMENTS)>]","[<KeyAuditMatterTag(9140, 3861, investment)>, <KeyAuditMatterTag(9141, 3862, investment)>, <KeyAuditMatterTag(9142, 3863, investment)>, <KeyAuditMatterTag(9143, 3864, investment)>, <KeyAuditMatterTag(9144, 3865, fair)>, <KeyAuditMatterTag(9145, 3865, value)>]",https://www1.hkexnews.hk/listedco/listconews/sehk/2020/0420/2020042001578.pdf
1622,9245175,22/04/2020 17:12,03197<br/>83197,CAM MSCI AINC<br/>CAM MSCI AINC-R,2019 Annual Report,Financial Statements/ESG Information - [Annual Report],1MB,"[<Auditor(1555, 9245175, The engagement partner on the audit resulting in this independent auditor's report is Wong Man Kin.)>]","[<KeyAuditMatter(3646, 9245175 Existence and valuation of financial assets at fair value through profit or loss)>]","[<KeyAuditMatterTag(8575, 3646, asset)>, <KeyAuditMatterTag(8576, 3646, fair)>, <KeyAuditMatterTag(8577, 3646, financial asset)>, <KeyAuditMatterTag(8578, 3646, valuation)>, <KeyAuditMatterTag(8579, 3646, value)>]",https://www1.hkexnews.hk/listedco/listconews/sehk/2020/0422/2020042200899.pdf
1623,9245155,22/04/2020 17:10,03188<br/>83188,CAM CSI300<br/>CAM CSI300-R,2019 Annual Report,Financial Statements/ESG Information - [Annual Report],1MB,"[<Auditor(1556, 9245155, The engagement partner on the audit resulting in this independent auditor's report is Wong Man Kin.)>]","[<KeyAuditMatter(3647, 9245155 Existence and valuation of financial assets at fair value through profit or loss)>]","[<KeyAuditMatterTag(8580, 3647, asset)>, <KeyAuditMatterTag(8581, 3647, fair)>, <KeyAuditMatterTag(8582, 3647, financial asset)>, <KeyAuditMatterTag(8583, 3647, valuation)>, <KeyAuditMatterTag(8584, 3647, value)>]",https://www1.hkexnews.hk/listedco/listconews/sehk/2020/0422/2020042200879.pdf
1692,9243498,21/04/2020 17:33,7261,FL2CAMDXNNDQ100,2019 Annual Report,Financial Statements/ESG Information - [Annual Report],2MB,"[<Auditor(1624, 9243498, The engagement partner on the audit resulting in this independent auditor's report is Wong Man Kin.)>]","[<KeyAuditMatter(3783, 9243498 Existence and valuation of financial assets and financial liabilities at fair value through profit or loss )>, <KeyAuditMatter(3784, 9243498 Existence and valuation of financial assets and financial liabilities at fair value through profit or loss )>]","[<KeyAuditMatterTag(8929, 3783, asset)>, <KeyAuditMatterTag(8930, 3783, fair)>, <KeyAuditMatterTag(8931, 3783, financial asset)>, <KeyAuditMatterTag(8932, 3783, valuation)>, <KeyAuditMatterTag(8933, 3783, value)>, <KeyAuditMatterTag(8934, 3784, asset)>, <KeyAuditMatterTag(8935, 3784, fair)>, <KeyAuditMatterTag(8936, 3784, financial asset)>, <KeyAuditMatterTag(8937, 3784, valuation)>, <KeyAuditMatterTag(8938, 3784, value)>]",https://www1.hkexnews.hk/listedco/listconews/sehk/2020/0421/2020042100853.pdf
1693,9243479,21/04/2020 17:30,7331,FICAMDXNNDQ100,2019 Annual Report,Financial Statements/ESG Information - [Annual Report],2MB,"[<Auditor(1625, 9243479, The engagement partner on the audit resulting in this independent auditor's report is Wong Man Kin.)>]","[<KeyAuditMatter(3785, 9243479 Existence and valuation of financial assets and financial liabilities at fair value through profit or loss )>, <KeyAuditMatter(3786, 9243479 Existence and valuation of financial assets and financial liabilities at fair value through profit or loss )>]","[<KeyAuditMatterTag(8939, 3785, asset)>, <KeyAuditMatterTag(8940, 3785, fair)>, <KeyAuditMatterTag(8941, 3785, financial asset)>, <KeyAuditMatterTag(8942, 3785, valuation)>, <KeyAuditMatterTag(8943, 3785, value)>, <KeyAuditMatterTag(8944, 3786, asset)>, <KeyAuditMatterTag(8945, 3786, fair)>, <KeyAuditMatterTag(8946, 3786, financial asset)>, <KeyAuditMatterTag(8947, 3786, valuation)>, <KeyAuditMatterTag(8948, 3786, value)>]",https://www1.hkexnews.hk/listedco/listconews/sehk/2020/0421/2020042100834.pdf
1694,9243470,21/04/2020 17:28,7221,FL2CAMDXNHSI,2019 Annual Report,Financial Statements/ESG Information - [Annual Report],2MB,"[<Auditor(1626, 9243470, The engagement partner on the audit resulting in this independent auditor's report is Wong Man Kin.)>]","[<KeyAuditMatter(3787, 9243470 Existence and valuation of financial assets and financial liabilities at fair value through profit or loss )>, <KeyAuditMatter(3788, 9243470 Existence and valuation of financial assets and financial liabilities at fair value through profit or loss )>]","[<KeyAuditMatterTag(8949, 3787, asset)>, <KeyAuditMatterTag(8950, 3787, fair)>, <KeyAuditMatterTag(8951, 3787, financial asset)>, <KeyAuditMatterTag(8952, 3787, valuation)>, <KeyAuditMatterTag(8953, 3787, value)>, <KeyAuditMatterTag(8954, 3788, asset)>, <KeyAuditMatterTag(8955, 3788, fair)>, <KeyAuditMatterTag(8956, 3788, financial asset)>, <KeyAuditMatterTag(8957, 3788, valuation)>, <KeyAuditMatterTag(8958, 3788, value)>]",https://www1.hkexnews.hk/listedco/listconews/sehk/2020/0421/2020042100825.pdf
1695,9243457,21/04/2020 17:26,7321,FICAMDXNHSI,2019 Annual Report,Financial Statements/ESG Information - [Annual Report],2MB,"[<Auditor(1627, 9243457, The engagement partner on the audit resulting in this independent auditor's report is Wong Man Kin.)>]","[<KeyAuditMatter(3789, 9243457 Existence and valuation of financial assets and financial liabilities at fair value through profit or loss )>, <KeyAuditMatter(3790, 9243457 Existence and valuation of financial assets and financial liabilities at fair value through profit or loss )>]","[<KeyAuditMatterTag(8959, 3789, asset)>, <KeyAuditMatterTag(8960, 3789, fair)>, <KeyAuditMatterTag(8961, 3789, financial asset)>, <KeyAuditMatterTag(8962, 3789, valuation)>, <KeyAuditMatterTag(8963, 3789, value)>, <KeyAuditMatterTag(8964, 3790, asset)>, <KeyAuditMatterTag(8965, 3790, fair)>, <KeyAuditMatterTag(8966, 3790, financial asset)>, <KeyAuditMatterTag(8967, 3790, valuation)>, <KeyAuditMatterTag(8968, 3790, value)>]",https://www1.hkexnews.hk/listedco/listconews/sehk/2020/0421/2020042100812.pdf
1696,9243443,21/04/2020 17:23,7267,FL2CAMDXNHSCEI,2019 Annual Report,Financial Statements/ESG Information - [Annual Report],2MB,"[<Auditor(1628, 9243443, The engagement partner on the audit resulting in this independent auditor's report is Wong Man Kin.)>]","[<KeyAuditMatter(3791, 9243443 Existence and valuation of financial assets and financial liabilities at fair value through profit or loss )>, <KeyAuditMatter(3792, 9243443 Existence and valuation of financial assets and financial liabilities at fair value through profit or loss )>]","[<KeyAuditMatterTag(8969, 3791, asset)>, <KeyAuditMatterTag(8970, 3791, fair)>, <KeyAuditMatterTag(8971, 3791, financial asset)>, <KeyAuditMatterTag(8972, 3791, valuation)>, <KeyAuditMatterTag(8973, 3791, value)>, <KeyAuditMatterTag(8974, 3792, asset)>, <KeyAuditMatterTag(8975, 3792, fair)>, <KeyAuditMatterTag(8976, 3792, financial asset)>, <KeyAuditMatterTag(8977, 3792, valuation)>, <KeyAuditMatterTag(8978, 3792, value)>]",https://www1.hkexnews.hk/listedco/listconews/sehk/2020/0421/2020042100798.pdf
1697,9243417,21/04/2020 17:21,7341,FICAMDXNHSCEI,2019 Annual Report,Financial Statements/ESG Information - [Annual Report],2MB,"[<Auditor(1629, 9243417, The engagement partner on the audit resulting in this independent auditor's report is Wong Man Kin.)>]","[<KeyAuditMatter(3793, 9243417 Existence and valuation of financial assets and financial liabilities at fair value through profit or loss )>, <KeyAuditMatter(3794, 9243417 Existence and valuation of financial assets and financial liabilities at fair value through profit or loss )>]","[<KeyAuditMatterTag(8979, 3793, asset)>, <KeyAuditMatterTag(8980, 3793, fair)>, <KeyAuditMatterTag(8981, 3793, financial asset)>, <KeyAuditMatterTag(8982, 3793, valuation)>, <KeyAuditMatterTag(8983, 3793, value)>, <KeyAuditMatterTag(8984, 3794, asset)>, <KeyAuditMatterTag(8985, 3794, fair)>, <KeyAuditMatterTag(8986, 3794, financial asset)>, <KeyAuditMatterTag(8987, 3794, valuation)>, <KeyAuditMatterTag(8988, 3794, value)>]",https://www1.hkexnews.hk/listedco/listconews/sehk/2020/0421/2020042100772.pdf
1702,9243351,21/04/2020 17:12,02813<br/>82813,CAM CTPB BOND<br/>CAM CTPB BOND-R,2019 Annual Report,Financial Statements/ESG Information - [Annual Report],1003KB,"[<Auditor(1634, 9243351, The engagement partner on the audit resulting in this independent auditor's report is Wong Man Kin.)>]","[<KeyAuditMatter(3801, 9243351 Existence and valuation of financial assets at fair value through profit or loss)>]","[<KeyAuditMatterTag(9005, 3801, asset)>, <KeyAuditMatterTag(9006, 3801, fair)>, <KeyAuditMatterTag(9007, 3801, financial asset)>, <KeyAuditMatterTag(9008, 3801, valuation)>, <KeyAuditMatterTag(9009, 3801, value)>]",https://www1.hkexnews.hk/listedco/listconews/sehk/2020/0421/2020042100706.pdf
749,9277937,13/05/2020 16:37,3330,LINGBAO GOLD,ANNUAL REPORT 2019,"Financial Statements/ESG Information - [Annual Report / Environmental, Social and Governance Information/Report]",4MB,"[<Auditor(721, 9277937, The engagement partner on the audit resulting in this independent auditors report is Au Yat Fo.)>]","[<KeyAuditMatter(1742, 9277937 Assessment of the Groups ability to continue as a going concern)>, <KeyAuditMatter(1743, 9277937 Assessment of the Groups ability to continue as a going concern (continued))>, <KeyAuditMatter(1744, 9277937 Potential impairment of exploration and evaluation (E&E) assets)>, <KeyAuditMatter(1745, 9277937 Potential impairment of exploration and evaluation (E&E) assets (continued))>, <KeyAuditMatter(1746, 9277937 Impairment assessment of intangible assets, construction in progress (CIP) and property, plant and equipment (PP&E) of Full Gold)>, <KeyAuditMatter(1747, 9277937 Impairment assessment of intangible assets, construction in progress (CIP) and property, plant and equipment (PP&E) of Full Gold (continued))>]","[<KeyAuditMatterTag(4127, 1742, assessment)>, <KeyAuditMatterTag(4128, 1743, assessment)>, <KeyAuditMatterTag(4129, 1744, asset)>, <KeyAuditMatterTag(4130, 1744, impairment)>, <KeyAuditMatterTag(4131, 1744, valuation)>, <KeyAuditMatterTag(4132, 1745, asset)>, <KeyAuditMatterTag(4133, 1745, impairment)>, <KeyAuditMatterTag(4134, 1745, valuation)>, <KeyAuditMatterTag(4135, 1746, assessment)>, <KeyAuditMatterTag(4136, 1746, asset)>, <KeyAuditMatterTag(4137, 1746, impairment)>, <KeyAuditMatterTag(4138, 1746, plant and equipment)>, <KeyAuditMatterTag(4139, 1746, property)>, <KeyAuditMatterTag(4140, 1747, assessment)>, <KeyAuditMatterTag(4141, 1747, asset)>, <KeyAuditMatterTag(4142, 1747, impairment)>, <KeyAuditMatterTag(4143, 1747, plant and equipment)>, <KeyAuditMatterTag(4144, 1747, property)>]",https://www1.hkexnews.hk/listedco/listconews/sehk/2020/0513/2020051300377.pdf
1359,9249994,24/04/2020 17:22,3989,CAPITAL ENV,Annual Report 2019,Financial Statements/ESG Information - [Annual Report],5MB,"[<Auditor(1304, 9249994, The engagement partner on the audit resulting in this independent auditors report is Cheong Ming Yik.)>]","[<KeyAuditMatter(3095, 9249994 Impairment of concession financial assets)>, <KeyAuditMatter(3096, 9249994 Impairment of goodwill and intangible assets with indefinite useful lives)>]","[<KeyAuditMatterTag(7298, 3095, asset)>, <KeyAuditMatterTag(7299, 3095, financial asset)>, <KeyAuditMatterTag(7300, 3095, impairment)>, <KeyAuditMatterTag(7301, 3096, asset)>, <KeyAuditMatterTag(7302, 3096, goodwill)>, <KeyAuditMatterTag(7303, 3096, impairment)>]",https://www1.hkexnews.hk/listedco/listconews/sehk/2020/0424/2020042401420.pdf
2002,9231757,09/04/2020 17:14,2202,CHINA VANKE,2019 ANNUAL REPORT,Financial Statements/ESG Information - [Annual Report],5MB,"[<Auditor(1926, 9231757, The engagement partner on the audit resulting in this independent auditors report is Chung Kai Ming.)>]","[<KeyAuditMatter(4487, 9231757 Net realisable value of inventories)>, <KeyAuditMatter(4488, 9231757 Provision for land appreciation tax (LAT) in Mainland China)>, <KeyAuditMatter(4489, 9231757 Revenue recognition for property development projects (PDP))>]","[<KeyAuditMatterTag(10536, 4487, inventories)>, <KeyAuditMatterTag(10537, 4487, net realisable value)>, <KeyAuditMatterTag(10538, 4487, value)>, <KeyAuditMatterTag(10539, 4488, appreciation)>, <KeyAuditMatterTag(10540, 4488, land)>, <KeyAuditMatterTag(10541, 4488, provision)>, <KeyAuditMatterTag(10542, 4488, tax)>, <KeyAuditMatterTag(10543, 4489, property)>, <KeyAuditMatterTag(10544, 4489, recognition)>, <KeyAuditMatterTag(10545, 4489, revenue)>]",https://www1.hkexnews.hk/listedco/listconews/sehk/2020/0409/2020040900635.pdf
2206,9210063,30/03/2020 17:00,8350,EXCALIBURGLOBAL,ANNUAL REPORT 2019,"Financial Statements/ESG Information - [Annual Report / Environmental, Social and Governance Information/Report]",934KB,"[<Auditor(2119, 9210063, The engagement partner on the audit resulting in this independent auditors report is Fong Hoi Wan.)>]","[<KeyAuditMatter(4924, 9210063 Independent auditors report to the shareholders ofExcalibur Global Financial Holdings Limited(Incorporated in Cayman Islands with limited liability))>, <KeyAuditMatter(4925, 9210063 Revenue recognition  Brokerage commission income)>]","[<KeyAuditMatterTag(11525, 4924, land)>, <KeyAuditMatterTag(11526, 4925, income)>, <KeyAuditMatterTag(11527, 4925, recognition)>, <KeyAuditMatterTag(11528, 4925, revenue)>]",https://www1.hkexnews.hk/listedco/listconews/gem/2020/0330/2020033000648.pdf
1533,9246957,23/04/2020 16:49,3336,JU TENG INTL,Annual Report 2019,Financial Statements/ESG Information - [Annual Report],2MB,"[<Auditor(1471, 9246957, The engagement partner on the audit resulting in this independent auditors report is Kwong Ka Yan.)>]","[<KeyAuditMatter(3472, 9246957 To the shareholders of Ju Teng International Holdings Limited(Incorporated in the Cayman Islands with limited liability))>, <KeyAuditMatter(3473, 9246957 To the shareholders of Ju Teng International Holdings Limited(Incorporated in the Cayman Islands with limited liability))>, <KeyAuditMatter(3474, 9246957 Assessment of inventory provision)>]","[<KeyAuditMatterTag(8168, 3472, land)>, <KeyAuditMatterTag(8169, 3473, land)>, <KeyAuditMatterTag(8170, 3474, assessment)>, <KeyAuditMatterTag(8171, 3474, inventory)>, <KeyAuditMatterTag(8172, 3474, provision)>]",https://www1.hkexnews.hk/listedco/listconews/sehk/2020/0423/2020042300764.pdf
431,9342060,02/07/2020 21:29,1416,CTR HOLDINGS,(REVISED) ANNUAL REPORT 2020,"Financial Statements/ESG Information - [Annual Report / Environmental, Social and Governance Information/Report]",3MB,"[<Auditor(410, 9342060, The engagement partner on the audit resulting in this independent auditors report is LAW Kwok Kee.)>]","[<KeyAuditMatter(1032, 9342060 Accounting for construction contracts)>, <KeyAuditMatter(1033, 9342060 Impairment of trade receivables and contract assets)>, <KeyAuditMatter(1034, 9342060 Impairment of trade receivables and contract assets )>]","[<KeyAuditMatterTag(2481, 1032, contracts)>, <KeyAuditMatterTag(2482, 1033, asset)>, <KeyAuditMatterTag(2483, 1033, impairment)>, <KeyAuditMatterTag(2484, 1034, asset)>, <KeyAuditMatterTag(2485, 1034, impairment)>]",https://www1.hkexnews.hk/listedco/listconews/sehk/2020/0702/2020070203743.pdf
445,9337360,30/06/2020 22:57,1416,CTR HOLDINGS,ANNUAL REPORT 2020,"(Cancelled [Incorrect Submission]) Financial Statements/ESG Information - [Annual Report / Environmental, Social and Governance Information/Report]",4MB,"[<Auditor(424, 9337360, The engagement partner on the audit resulting in this independent auditors report is LAW Kwok Kee.)>]","[<KeyAuditMatter(1058, 9337360 Accounting for construction contracts)>, <KeyAuditMatter(1059, 9337360 Impairment of trade receivables and contract assets)>, <KeyAuditMatter(1060, 9337360 Impairment of trade receivables and contract assets )>]","[<KeyAuditMatterTag(2548, 1058, contracts)>, <KeyAuditMatterTag(2549, 1059, asset)>, <KeyAuditMatterTag(2550, 1059, impairment)>, <KeyAuditMatterTag(2551, 1060, asset)>, <KeyAuditMatterTag(2552, 1060, impairment)>]",https://www1.hkexnews.hk/listedco/listconews/sehk/2020/0630/2020063002720.pdf
1157,9253657,27/04/2020 18:50,3666,TANSH,2019 Annual Report,Financial Statements/ESG Information - [Annual Report],1MB,"[<Auditor(1106, 9253657, The engagement partner on the audit resulting in this independent auditors report is Lai Chee Kong.)>]","[<KeyAuditMatter(2606, 9253657 To the shareholders of TANSH GLOBAL FOOD GROUP CO., LTD(Incorporated in the Cayman Islands with limited liability))>, <KeyAuditMatter(2607, 9253657 Estimates relating to impairment testing of assets related to underperforming stores)>, <KeyAuditMatter(2608, 9253657 Estimation and disclosure with respect to deferred tax assets)>]","[<KeyAuditMatterTag(6175, 2606, land)>, <KeyAuditMatterTag(6176, 2607, asset)>, <KeyAuditMatterTag(6177, 2607, impairment)>, <KeyAuditMatterTag(6178, 2608, asset)>, <KeyAuditMatterTag(6179, 2608, deferred)>, <KeyAuditMatterTag(6180, 2608, estimation)>, <KeyAuditMatterTag(6181, 2608, tax)>]",https://www1.hkexnews.hk/listedco/listconews/sehk/2020/0427/2020042702085.pdf
664,9281286,15/05/2020 06:13,6805,KIMOU ENVIRON,Annual Report 2019,Financial Statements/ESG Information - [Annual Report],5MB,"[<Auditor(638, 9281286, The engagement partner on the audit resulting in this independent auditors report is Lam Kai Wa.)>]","[<KeyAuditMatter(1526, 9281286 (Continued)Revenue recognition)>, <KeyAuditMatter(1527, 9281286 	evaluating	the	Groups	revenue	recognition	accounting	)>, <KeyAuditMatter(1528, 9281286 	obtaining	the	calculation	sheets	of	the	rental	revenue,	)>, <KeyAuditMatter(1529, 9281286 	reconciling	revenue	records	as	set	out	in	the	management	)>]","[<KeyAuditMatterTag(3646, 1526, recognition)>, <KeyAuditMatterTag(3647, 1526, revenue)>, <KeyAuditMatterTag(3648, 1527, recognition)>, <KeyAuditMatterTag(3649, 1527, revenue)>, <KeyAuditMatterTag(3650, 1528, revenue)>, <KeyAuditMatterTag(3651, 1529, revenue)>]",https://www1.hkexnews.hk/listedco/listconews/sehk/2020/0515/2020051500055.pdf
887,9258614,29/04/2020 12:12,1565,VIRSCEND EDU,ANNUAL REPORT 2019,Financial Statements/ESG Information - [Annual Report],2MB,"[<Auditor(842, 9258614, The engagement partner on the audit resulting in this independent auditors report is Law Kwok Kee.)>]","[<KeyAuditMatter(2005, 9258614 Preferential tax treatment)>, <KeyAuditMatter(2006, 9258614 Investment in an associate)>, <KeyAuditMatter(2007, 9258614 Revenue recognition)>]","[<KeyAuditMatterTag(4756, 2005, tax)>, <KeyAuditMatterTag(4757, 2006, associate)>, <KeyAuditMatterTag(4758, 2006, investment)>, <KeyAuditMatterTag(4759, 2007, recognition)>, <KeyAuditMatterTag(4760, 2007, revenue)>]",https://www1.hkexnews.hk/listedco/listconews/sehk/2020/0429/2020042900599.pdf
1703,9243330,21/04/2020 17:08,1292,CMA LOGISTICS,2019 Annual Report,Financial Statements/ESG Information - [Annual Report],2MB,"[<Auditor(1635, 9243330, The engagement partner on the audit resulting in this independent auditors report is Lawrence Kwok Wa, Lau.)>]",[],[],https://www1.hkexnews.hk/listedco/listconews/sehk/2020/0421/2020042100685.pdf
1629,9245083,22/04/2020 17:02,631,SANY INT'L,Annual Report 2019,Financial Statements/ESG Information - [Annual Report],3MB,"[<Auditor(1562, 9245083, The engagement partner on the audit resulting in this independent auditors report is Lee Mee Kwan, Helena.)>]",[],[],https://www1.hkexnews.hk/listedco/listconews/sehk/2020/0422/2020042200809.pdf
2040,9229763,08/04/2020 16:47,1861,PRECIOUS DRAGON,2019 Annual Report,"Financial Statements/ESG Information - [Annual Report / Environmental, Social and Governance Information/Report]",6MB,"[<Auditor(1960, 9229763, The engagement partner on the audit resulting in this independent auditors report is M.L. Chau.)>]","[<KeyAuditMatter(4560, 9229763 Impairment assessment of trade receivables)>, <KeyAuditMatter(4561, 9229763 Inventory provisions)>]","[<KeyAuditMatterTag(10718, 4560, assessment)>, <KeyAuditMatterTag(10719, 4560, impairment)>, <KeyAuditMatterTag(10720, 4561, inventory)>, <KeyAuditMatterTag(10721, 4561, provision)>]",https://www1.hkexnews.hk/listedco/listconews/sehk/2020/0408/2020040800399.pdf
2044,9229699,08/04/2020 16:40,6898,CHINA ALUMCAN,2019 Annual Report,"Financial Statements/ESG Information - [Annual Report / Environmental, Social and Governance Information/Report]",6MB,"[<Auditor(1964, 9229699, The engagement partner on the audit resulting in this independent auditors report is M.L. Chau.)>]","[<KeyAuditMatter(4567, 9229699 Impairment assessment of trade receivables)>, <KeyAuditMatter(4568, 9229699 Inventory provisions)>]","[<KeyAuditMatterTag(10731, 4567, assessment)>, <KeyAuditMatterTag(10732, 4567, impairment)>, <KeyAuditMatterTag(10733, 4568, inventory)>, <KeyAuditMatterTag(10734, 4568, provision)>]",https://www1.hkexnews.hk/listedco/listconews/sehk/2020/0408/2020040800335.pdf
1659,9244750,22/04/2020 16:31,339,CORE ECON INV,ANNUAL REPORT 2019,"Financial Statements/ESG Information - [Annual Report / Environmental, Social and Governance Information/Report]",1MB,"[<Auditor(1591, 9244750, The engagement partner on the audit resulting in this independent auditors report is Ms. Ng Wai Kwun.)>]",[],[],https://www1.hkexnews.hk/listedco/listconews/sehk/2020/0422/2020042200483.pdf
1823,9239818,17/04/2020 18:21,763,ZTE,2019 Annual Report,Financial Statements/ESG Information - [Annual Report],6MB,"[<Auditor(1754, 9239818, uch communication.)>, <Auditor(1755, 9239818, The engagement partner on the audit resulting in this independent auditors report is TJEN, Michael.)>, <Auditor(1756, 9239818, Ernst & Young Hua Ming LLP)>]",[],[],https://www1.hkexnews.hk/listedco/listconews/sehk/2020/0417/2020041701176.pdf
1499,9247405,23/04/2020 17:20,812,SWSI,ANNUAL REPORT 2019,"Financial Statements/ESG Information - [Annual Report / Environmental, Social and Governance Information/Report]",5MB,"[<Auditor(1438, 9247405, The engagement partner on the audit resulting in this independent auditors report is Tso Miu Yue, Agnes.)>]","[<KeyAuditMatter(3393, 9247405 Impairment assessment on accounts receivable arising from securities margin clients)>, <KeyAuditMatter(3394, 9247405 Revenue recognition of corporate finance services relating to IPO sponsor fee income)>]","[<KeyAuditMatterTag(7994, 3393, assessment)>, <KeyAuditMatterTag(7995, 3393, impairment)>, <KeyAuditMatterTag(7996, 3394, income)>, <KeyAuditMatterTag(7997, 3394, recognition)>, <KeyAuditMatterTag(7998, 3394, revenue)>]",https://www1.hkexnews.hk/listedco/listconews/sehk/2020/0423/2020042301212.pdf
1700,9243369,21/04/2020 17:14,3157,CAM SCSMALLCAP,2019 Annual Report,Financial Statements/ESG Information - [Annual Report],1MB,"[<Auditor(1632, 9243369, The engagement partner on the audit resulting in this independent auditors report is Wong Man Kin.)>]","[<KeyAuditMatter(3800, 9243369 Existence and valuation of financial assets at fair value through profit or loss)>]","[<KeyAuditMatterTag(9000, 3800, asset)>, <KeyAuditMatterTag(9001, 3800, fair)>, <KeyAuditMatterTag(9002, 3800, financial asset)>, <KeyAuditMatterTag(9003, 3800, valuation)>, <KeyAuditMatterTag(9004, 3800, value)>]",https://www1.hkexnews.hk/listedco/listconews/sehk/2020/0421/2020042100724.pdf
668,9281248,15/05/2020 06:05,2118,TIAN SHAN DEV,ANNUAL REPORT 2019,Financial Statements/ESG Information - [Annual Report],2MB,"[<Auditor(642, 9281248, The engagement partner on the audit resulting in this independent auditors report is Ying Man Ho.)>]","[<KeyAuditMatter(1545, 9281248 Assessing the net realisable value of the properties held for future development, properties under development and completed properties held for sale)>]","[<KeyAuditMatterTag(3677, 1545, net realisable value)>, <KeyAuditMatterTag(3678, 1545, properties)>, <KeyAuditMatterTag(3679, 1545, value)>]",https://www1.hkexnews.hk/listedco/listconews/sehk/2020/0515/2020051500017.pdf
1086,9255132,28/04/2020 16:34,1072,DONGFANG ELEC,2019 ANNUAL REPORT,Financial Statements/ESG Information - [Annual Report],5MB,"[<Auditor(1038, 9255132, We conducted our audit in accordance with the Auditing Standards for)>]",[],[],https://www1.hkexnews.hk/listedco/listconews/sehk/2020/0428/2020042800780.pdf
2108,9222299,02/04/2020 16:50,1816,CGN POWER,2019 Annual Report,Financial Statements/ESG Information - [Annual Report],14MB,"[<Auditor(2024, 9222299, Yang Yumin)>]",[],[],https://www1.hkexnews.hk/listedco/listconews/sehk/2020/0402/2020040201283.pdf
129,9377054,30/07/2020 22:35,2112,CAA RESOURCES,2019 ANNUAL REPORT,"Financial Statements/ESG Information - [Annual Report / Environmental, Social and Governance Information/Report]",4MB,"[<Auditor(119, 9377054, accordance with Hong Kong Standards on Auditing (HKSAs) issue)>]",[],[],https://www1.hkexnews.hk/listedco/listconews/sehk/2020/0730/2020073001783.pdf
1588,9246116,23/04/2020 06:07,1761,BABYTREE GROUP,ANNUAL REPORT 2019,"Financial Statements/ESG Information - [Annual Report / Environmental, Social and Governance Information/Report]",6MB,"[<Auditor(1524, 9246116, auditors report is Ho Ying Man Simon.)>]","[<KeyAuditMatter(3576, 9246116 Recognition of revenue from advertising)>, <KeyAuditMatter(3577, 9246116 Recognition of revenue from advertising (Continued))>, <KeyAuditMatter(3578, 9246116 Recognition of revenue from advertising (Continued))>]","[<KeyAuditMatterTag(8415, 3576, recognition)>, <KeyAuditMatterTag(8416, 3576, revenue)>, <KeyAuditMatterTag(8417, 3577, recognition)>, <KeyAuditMatterTag(8418, 3577, revenue)>, <KeyAuditMatterTag(8419, 3578, recognition)>, <KeyAuditMatterTag(8420, 3578, revenue)>]",https://www1.hkexnews.hk/listedco/listconews/sehk/2020/0423/2020042300011.pdf
1177,9253359,27/04/2020 18:00,1922,YINCHENG LS,ANNUAL REPORT 2019,Financial Statements/ESG Information - [Annual Report],9MB,"[<Auditor(1126, 9253359, auditors report is Lawrence K. W. Lau.)>]","[<KeyAuditMatter(2652, 9253359 To the shareholders of Yincheng Life Service CO., Ltd.(Incorporated in the Cayman Islands with limited liability))>, <KeyAuditMatter(2653, 9253359 Recoverability of trade receivables)>]","[<KeyAuditMatterTag(6288, 2652, land)>, <KeyAuditMatterTag(6289, 2653, recoverability)>]",https://www1.hkexnews.hk/listedco/listconews/sehk/2020/0427/2020042701787.pdf
1816,9240268,17/04/2020 20:47,3903,HANHUA FIN,Annual Report 2019,Financial Statements/ESG Information - [Annual Report],4MB,"[<Auditor(1747, 9240268, auditors report is Leung Tat Ming.)>]","[<KeyAuditMatter(4049, 9240268 Assessing impairment of loans and receivables measured at amortized cost and provisions for guarantee losses)>, <KeyAuditMatter(4050, 9240268 ECL)>, <KeyAuditMatter(4051, 9240268 ECL)>, <KeyAuditMatter(4052, 9240268 Assessing impairment of loans and receivables measured at amortized cost and provisions for (Continued)guarantee losses )>, <KeyAuditMatter(4053, 9240268 Assessing impairment of loans and receivables measured at amortized cost and provisions for (Continued)guarantee losses )>, <KeyAuditMatter(4054, 9240268 Assessing impairment of loans and receivables measured at amortized cost and provisions for guarantee losses (Continued))>, <KeyAuditMatter(4055, 9240268 sured at amortized cost and provisions for )>, <KeyAuditMatter(4056, 9240268 Assessing impairment of loans and receivables measured at amortized cost and provisions for guarantee losses (Continued))>, <KeyAuditMatter(4057, 9240268 sured at amortized cost and provisions for )>, <KeyAuditMatter(4058, 9240268 Assessing the fair value of financial instruments)>, <KeyAuditMatter(4059, 9240268 Assessing the fair value of financial instruments (Continued))>, <KeyAuditMatter(4060, 9240268 Assessing the fair value of financial instruments (Continued))>]","[<KeyAuditMatterTag(9558, 4049, impairment)>, <KeyAuditMatterTag(9559, 4049, provision)>, <KeyAuditMatterTag(9560, 4050, ecl)>, <KeyAuditMatterTag(9561, 4051, ecl)>, <KeyAuditMatterTag(9562, 4052, impairment)>, <KeyAuditMatterTag(9563, 4052, provision)>, <KeyAuditMatterTag(9564, 4053, impairment)>, <KeyAuditMatterTag(9565, 4053, provision)>, <KeyAuditMatterTag(9566, 4054, impairment)>, <KeyAuditMatterTag(9567, 4054, provision)>, <KeyAuditMatterTag(9568, 4055, provision)>, <KeyAuditMatterTag(9569, 4056, impairment)>, <KeyAuditMatterTag(9570, 4056, provision)>, <KeyAuditMatterTag(9571, 4057, provision)>, <KeyAuditMatterTag(9572, 4058, fair)>, <KeyAuditMatterTag(9573, 4058, value)>, <KeyAuditMatterTag(9574, 4059, fair)>, <KeyAuditMatterTag(9575, 4059, value)>, <KeyAuditMatterTag(9576, 4060, fair)>, <KeyAuditMatterTag(9577, 4060, value)>]",https://www1.hkexnews.hk/listedco/listconews/sehk/2020/0417/2020041701580.pdf
823,9259746,29/04/2020 17:54,1458,ZHOU HEI YA,Annual Report 2019,Financial Statements/ESG Information - [Annual Report],5MB,"[<Auditor(784, 9259746, auditors report is Siu Fung Terence Ho.)>]","[<KeyAuditMatter(1908, 9259746 Revenue recognition)>]","[<KeyAuditMatterTag(4533, 1908, recognition)>, <KeyAuditMatterTag(4534, 1908, revenue)>]",https://www1.hkexnews.hk/listedco/listconews/sehk/2020/0429/2020042901645.pdf
1293,9252092,27/04/2020 15:57,710,BOE VARITRONIX,2019 ANNUAL REPORT,"Financial Statements/ESG Information - [Annual Report / Environmental, Social and Governance Information/Report]",6MB,"[<Auditor(1241, 9252092, consolidated financial)>]","[<KeyAuditMatter(2929, 9252092 tIMInG oF ReVenue ReCoGnItIon)>, <KeyAuditMatter(2930, 9252092 VALuAtIon oF InVentoRIeS)>]","[<KeyAuditMatterTag(6933, 2929, recognition)>, <KeyAuditMatterTag(6934, 2929, revenue)>, <KeyAuditMatterTag(6935, 2930, inventories)>, <KeyAuditMatterTag(6936, 2930, valuation)>]",https://www1.hkexnews.hk/listedco/listconews/sehk/2020/0427/2020042700527.pdf
597,9309790,05/06/2020 17:11,303,VTECH HOLDINGS,Annual Report 2020,Financial Statements/ESG Information - [Annual Report],7MB,"[<Auditor(572, 9309790, draw attention in our auditors report to the related disclosures)>]","[<KeyAuditMatter(1359, 9309790 Assessing the valuation of stocksRefer to note 15 to the consolidated financial statements and the accounting policies on page 70.)>, <KeyAuditMatter(1360, 9309790 Assessing potential impairment of goodwillRefer to note 11 to the consolidated financial statements and the accounting policies on page 67.)>]","[<KeyAuditMatterTag(3239, 1359, valuation)>, <KeyAuditMatterTag(3240, 1360, goodwill)>, <KeyAuditMatterTag(3241, 1360, impairment)>]",https://www1.hkexnews.hk/listedco/listconews/sehk/2020/0605/2020060500706.pdf
1737,9242155,20/04/2020 20:04,3969,CHINA CRSC,Annual Report 2019,Financial Statements/ESG Information - [Annual Report],3MB,"[<Auditor(1669, 9242155, erest benefits of such communication.)>]",[],[],https://www1.hkexnews.hk/listedco/listconews/sehk/2020/0420/2020042001356.pdf
1744,9241880,20/04/2020 18:09,86,SUN HUNG KAI CO,Annual Report 2019,"Financial Statements/ESG Information - [Annual Report / Environmental, Social and Governance Information/Report]",3MB,"[<Auditor(1676, 9241880, exists related to events or conditions that may cast)>]","[<KeyAuditMatter(3879, 9241880 Key audit matterHow our audit addressed the key audit matterValuation of financial instruments classified as level 3 under fair value hierarchy)>, <KeyAuditMatter(3880, 9241880 Key audit matterHow our audit addressed the key audit matterEstimated impairment of goodwill and intangible assets with indefinite useful lives)>, <KeyAuditMatter(3881, 9241880 Estimated impairment of interest in an associate)>, <KeyAuditMatter(3882, 9241880 Key audit matterHow our audit addressed the key audit matterImpairment of loans and advances to consumer finance customers, mortgage loans and term loans (loss allowance for expected credit losses (ECL)))>]","[<KeyAuditMatterTag(9177, 3879, fair)>, <KeyAuditMatterTag(9178, 3879, valuation)>, <KeyAuditMatterTag(9179, 3879, value)>, <KeyAuditMatterTag(9180, 3880, asset)>, <KeyAuditMatterTag(9181, 3880, goodwill)>, <KeyAuditMatterTag(9182, 3880, impairment)>, <KeyAuditMatterTag(9183, 3881, associate)>, <KeyAuditMatterTag(9184, 3881, impairment)>, <KeyAuditMatterTag(9185, 3882, ecl)>, <KeyAuditMatterTag(9186, 3882, expected credit loss)>, <KeyAuditMatterTag(9187, 3882, impairment)>]",https://www1.hkexnews.hk/listedco/listconews/sehk/2020/0420/2020042001081.pdf
2114,9220831,01/04/2020 22:27,2378,PRU,Annual Report 2019,Financial Statements/ESG Information - [Annual Report],11MB,"[<Auditor(2030, 9220831, financial statements is provided on our)>]","[<KeyAuditMatter(4714, 9220831 2 Key audit matters: our assessment of risks of material misstatement)>]","[<KeyAuditMatterTag(11078, 4714, assessment)>]",https://www1.hkexnews.hk/listedco/listconews/sehk/2020/0401/2020040103513.pdf
1327,9250788,24/04/2020 19:15,2333,GREATWALL MOTOR,2019 Annual Report,Financial Statements/ESG Information - [Annual Report],3MB,"[<Auditor(1273, 9250788, Deloitte Touche Tohmatsu CPA LLP  Chinese)>, <Auditor(1274, 9250788, in accordance with the Code of Ethics for Chinese)>]",[],[],https://www1.hkexnews.hk/listedco/listconews/sehk/2020/0424/2020042402212.pdf
387,9356442,14/07/2020 17:16,1841,A.PLUS GROUP,ANNUAL REPORT 2019/20,Financial Statements/ESG Information - [Annual Report],1MB,"[<Auditor(369, 9356442, independence, and to communicate with them all relationships)>]","[<KeyAuditMatter(944, 9356442 KEY AUDIT MATTERS (Continued)Revenue recognition)>, <KeyAuditMatter(945, 9356442 KEY AUDIT MATTERS (Continued)Impairment assessment on goodwill  A.Plus International Financial Press Limited (API))>, <KeyAuditMatter(946, 9356442 KEY AUDIT MATTERS (Continued)Impairment of contract assets and trade receivables)>]","[<KeyAuditMatterTag(2286, 944, recognition)>, <KeyAuditMatterTag(2287, 944, revenue)>, <KeyAuditMatterTag(2288, 945, assessment)>, <KeyAuditMatterTag(2289, 945, goodwill)>, <KeyAuditMatterTag(2290, 945, impairment)>, <KeyAuditMatterTag(2291, 946, asset)>, <KeyAuditMatterTag(2292, 946, impairment)>]",https://www1.hkexnews.hk/listedco/listconews/sehk/2020/0714/2020071400735.pdf
1093,9255100,28/04/2020 16:32,1543,JOIN-SHARE,ANNUAL REPORT 2019,"Financial Statements/ESG Information - [Annual Report / Environmental, Social and Governance Information/Report]",8MB,"[<Auditor(1045, 9255100, independent auditors report is Li Ka Lam.)>]","[<KeyAuditMatter(2450, 9255100  IMPAIRMENT OF RECEIVABLES AND PROVISIONS FOR GUARANTEE LOSSES)>, <KeyAuditMatter(2451, 9255100  IMPAIRMENT OF RECEIVABLES AND PROVISIONS FOR GUARANTEE LOSSES )>, <KeyAuditMatter(2452, 9255100  IMPAIRMENT OF RECEIVABLES AND PROVISIONS FOR GUARANTEE LOSSES )>, <KeyAuditMatter(2453, 9255100  IMPAIRMENT OF RECEIVABLES AND PROVISIONS FOR GUARANTEE LOSSES )>, <KeyAuditMatter(2454, 9255100  IMPAIRMENT OF RECEIVABLES AND PROVISIONS FOR GUARANTEE LOSSES )>, <KeyAuditMatter(2455, 9255100  IMPAIRMENT OF RECEIVABLES AND PROVISIONS FOR GUARANTEE LOSSES )>, <KeyAuditMatter(2456, 9255100  IMPAIRMENT OF RECEIVABLES AND PROVISIONS FOR GUARANTEE LOSSES )>]","[<KeyAuditMatterTag(5793, 2450, impairment)>, <KeyAuditMatterTag(5794, 2450, provision)>, <KeyAuditMatterTag(5795, 2451, impairment)>, <KeyAuditMatterTag(5796, 2451, provision)>, <KeyAuditMatterTag(5797, 2452, impairment)>, <KeyAuditMatterTag(5798, 2452, provision)>, <KeyAuditMatterTag(5799, 2453, impairment)>, <KeyAuditMatterTag(5800, 2453, provision)>, <KeyAuditMatterTag(5801, 2454, impairment)>, <KeyAuditMatterTag(5802, 2454, provision)>, <KeyAuditMatterTag(5803, 2455, impairment)>, <KeyAuditMatterTag(5804, 2455, provision)>, <KeyAuditMatterTag(5805, 2456, impairment)>, <KeyAuditMatterTag(5806, 2456, provision)>]",https://www1.hkexnews.hk/listedco/listconews/sehk/2020/0428/2020042800748.pdf
897,9258173,29/04/2020 08:00,832,CENTRAL CHINA,2019 Annual Report,"Financial Statements/ESG Information - [Annual Report / Environmental, Social and Governance Information/Report]",14MB,"[<Auditor(852, 9258173, independent auditors report is Tse Wong Pui.)>]","[<KeyAuditMatter(2016, 9258173  Revenue from the sale of properties recognised at a point in time)>, <KeyAuditMatter(2017, 9258173 Revenue from the sale of properties recognised over time)>, <KeyAuditMatter(2018, 9258173 Assessing the net realisable value of properties for sale)>]","[<KeyAuditMatterTag(4782, 2016, properties)>, <KeyAuditMatterTag(4783, 2016, revenue)>, <KeyAuditMatterTag(4784, 2017, properties)>, <KeyAuditMatterTag(4785, 2017, revenue)>, <KeyAuditMatterTag(4786, 2018, net realisable value)>, <KeyAuditMatterTag(4787, 2018, properties)>, <KeyAuditMatterTag(4788, 2018, value)>]",https://www1.hkexnews.hk/listedco/listconews/sehk/2020/0429/2020042900235.pdf
1851,9239184,17/04/2020 16:32,1232,GW TIANDI,ANNUAL REPORT 2019,"Financial Statements/ESG Information - [Annual Report / Environmental, Social and Governance Information/Report]",7MB,"[<Auditor(1781, 9239184, is Chan Ting Yuen.)>]","[<KeyAuditMatter(4153, 9239184 Valuation of investment properties)>, <KeyAuditMatter(4154, 9239184 Valuation of investment properties)>, <KeyAuditMatter(4155, 9239184 Assessing the net realisable value of properties under development for sale and completed properties for sale)>, <KeyAuditMatter(4156, 9239184 Assessing the net realisable value of properties under development for sale and completed properties for sale)>]","[<KeyAuditMatterTag(9771, 4153, investment)>, <KeyAuditMatterTag(9772, 4153, properties)>, <KeyAuditMatterTag(9773, 4153, valuation)>, <KeyAuditMatterTag(9774, 4154, investment)>, <KeyAuditMatterTag(9775, 4154, properties)>, <KeyAuditMatterTag(9776, 4154, valuation)>, <KeyAuditMatterTag(9777, 4155, net realisable value)>, <KeyAuditMatterTag(9778, 4155, properties)>, <KeyAuditMatterTag(9779, 4155, value)>, <KeyAuditMatterTag(9780, 4156, net realisable value)>, <KeyAuditMatterTag(9781, 4156, properties)>, <KeyAuditMatterTag(9782, 4156, value)>]",https://www1.hkexnews.hk/listedco/listconews/sehk/2020/0417/2020041700542.pdf
2080,9227365,06/04/2020 19:15,1330,DYNAGREEN ENV,2019 Annual Report,Financial Statements/ESG Information - [Annual Report],16MB,"[<Auditor(1999, 9227365, mmunication.)>]",[],[],https://www1.hkexnews.hk/listedco/listconews/sehk/2020/0406/2020040601352.pdf
872,9258891,29/04/2020 16:30,3399,YUEYUN TRANS,Annual Report 2019,Financial Statements/ESG Information - [Annual Report],18MB,"[<Auditor(827, 9258891, outweigh the public interest benefits of such communication.)>]","[<KeyAuditMatter(1992, 9258891 Recoverability of accounts receivable)>, <KeyAuditMatter(1993, 9258891 Recognition of government subsidies)>, <KeyAuditMatter(1994, 9258891 Recognition of government subsidies )>]","[<KeyAuditMatterTag(4730, 1992, recoverability)>, <KeyAuditMatterTag(4731, 1993, recognition)>, <KeyAuditMatterTag(4732, 1994, recognition)>]",https://www1.hkexnews.hk/listedco/listconews/sehk/2020/0429/2020042900804.pdf
1368,9249831,24/04/2020 17:08,1265,TIANJINJINRAN,Annual Report 2019,Financial Statements/ESG Information - [Annual Report],2MB,"[<Auditor(1313, 9249831, public interest benefits of such communication.)>]","[<KeyAuditMatter(3110, 9249831 Impairment of trade receivables)>, <KeyAuditMatter(3111, 9249831 Revenue recognition of gas connection contracts)>]","[<KeyAuditMatterTag(7338, 3110, impairment)>, <KeyAuditMatterTag(7339, 3111, contracts)>, <KeyAuditMatterTag(7340, 3111, recognition)>, <KeyAuditMatterTag(7341, 3111, revenue)>]",https://www1.hkexnews.hk/listedco/listconews/sehk/2020/0424/2020042401259.pdf
2138,9213911,31/03/2020 18:30,2888,STANCHART,Annual Report 2019,Financial Statements/ESG Information - [Annual Report],11MB,"[<Auditor(2053, 9213911, related financial statement items.)>]","[<KeyAuditMatter(4775, 9213911 2 Key audit matters: our assessment of risks of material misstatement )>, <KeyAuditMatter(4776, 9213911 Key audit mattersThe riskHow our audit addressed the key audit matterCredit impairment Subjective estimate)>, <KeyAuditMatter(4777, 9213911 Key audit mattersThe riskHow our audit addressed the key audit matterControl design, observation and operation:Credit impairment  )>, <KeyAuditMatter(4778, 9213911 Assessing qualitative adjustments to model-driven ECL: )>, <KeyAuditMatter(4779, 9213911 Key audit mattersThe riskHow our audit addressed the key audit matterStraAssessing transparency: Credit impairment  )>, <KeyAuditMatter(4780, 9213911 Key audit mattersThe riskHow our audit addressed the key audit matterValuation of nancial Subjective estimate instruments held at  Control design, observation and operation: fair value )>, <KeyAuditMatter(4781, 9213911 Methodology assessment: )>, <KeyAuditMatter(4782, 9213911 Key audit mattersThe riskHow our audit addressed the key audit matterStraGoodwill impairmentSubjective estimate )>, <KeyAuditMatter(4783, 9213911 tegicMethodology assessment: )>, <KeyAuditMatter(4784, 9213911 pitalreviewCompany: recoverability  Recoverability of investments: of Parent Companys Tests of detail: investment in subsidiaries )>]","[<KeyAuditMatterTag(11216, 4775, assessment)>, <KeyAuditMatterTag(11217, 4776, impairment)>, <KeyAuditMatterTag(11218, 4777, impairment)>, <KeyAuditMatterTag(11219, 4778, ecl)>, <KeyAuditMatterTag(11220, 4779, impairment)>, <KeyAuditMatterTag(11221, 4780, fair)>, <KeyAuditMatterTag(11222, 4780, valuation)>, <KeyAuditMatterTag(11223, 4780, value)>, <KeyAuditMatterTag(11224, 4781, assessment)>, <KeyAuditMatterTag(11225, 4782, goodwill)>, <KeyAuditMatterTag(11226, 4782, impairment)>, <KeyAuditMatterTag(11227, 4783, assessment)>, <KeyAuditMatterTag(11228, 4784, investment)>, <KeyAuditMatterTag(11229, 4784, recoverability)>]",https://www1.hkexnews.hk/listedco/listconews/sehk/2020/0331/2020033101498.pdf
1839,9239362,17/04/2020 16:52,1788,GUOTAI JUNAN I,2019 Annual Report,Financial Statements/ESG Information - [Annual Report],8MB,"[<Auditor(1770, 9239362, report is Kwong Chun Kit.)>]",[],[],https://www1.hkexnews.hk/listedco/listconews/sehk/2020/0417/2020041700720.pdf
1190,9253135,27/04/2020 17:35,1902,YINCHENG INTL,Annual Report 2019,"Financial Statements/ESG Information - [Annual Report / Environmental, Social and Governance Information/Report]",8MB,"[<Auditor(1139, 9253135, report is Lawrence K. W. Lau.)>]","[<KeyAuditMatter(2683, 9253135 To the shareholders of Yincheng International Holding Co., Ltd.(Incorporated in the Cayman Islands with limited liability))>, <KeyAuditMatter(2684, 9253135 Revenue recognition from property development projects (PDP))>, <KeyAuditMatter(2685, 9253135 Provision for land appreciation tax)>]","[<KeyAuditMatterTag(6357, 2683, land)>, <KeyAuditMatterTag(6358, 2684, property)>, <KeyAuditMatterTag(6359, 2684, recognition)>, <KeyAuditMatterTag(6360, 2684, revenue)>, <KeyAuditMatterTag(6361, 2685, appreciation)>, <KeyAuditMatterTag(6362, 2685, land)>, <KeyAuditMatterTag(6363, 2685, provision)>, <KeyAuditMatterTag(6364, 2685, tax)>]",https://www1.hkexnews.hk/listedco/listconews/sehk/2020/0427/2020042701563.pdf
1823,9239818,17/04/2020 18:21,763,ZTE,2019 Annual Report,Financial Statements/ESG Information - [Annual Report],6MB,"[<Auditor(1754, 9239818, uch communication.)>, <Auditor(1755, 9239818, The engagement partner on the audit resulting in this independent auditors report is TJEN, Michael.)>, <Auditor(1756, 9239818, Ernst & Young Hua Ming LLP)>]",[],[],https://www1.hkexnews.hk/listedco/listconews/sehk/2020/0417/2020041701176.pdf
1885,9237691,16/04/2020 17:20,598,SINOTRANS,Annual Report 2019,Financial Statements/ESG Information - [Annual Report],3MB,"[<Auditor(1812, 9237691, wing)>]","[<KeyAuditMatter(4245, 9237691 Estimated liabilities for litigation claims)>]","[<KeyAuditMatterTag(9963, 4245, litigation)>]",https://www1.hkexnews.hk/listedco/listconews/sehk/2020/0416/2020041600822.pdf
