id,news_id,date_time,stock_code,stock_name,title,long_text,file_info,audit_firms,kams,kam_tags,file_link
18,9473309,14/10/2020 17:26,591,C HIGHPRECISION,ANNUAL REPORT 2020,"Financial Statements/ESG Information - [Annual Report / Environmental, Social and Governance Information/Report]",1MB,"[<Auditor(18, 9473309, PAN-CHINA (H.K.) CPA LIMITED)>]","[<KeyAuditMatter(32, 9473309 Valuation of inventories)>, <KeyAuditMatter(33, 9473309 Impairment of property, plant and equipment and right-of-use assets)>]","[<KeyAuditMatterTag(96, 32, inventories)>, <KeyAuditMatterTag(97, 32, valuation)>, <KeyAuditMatterTag(98, 33, asset)>, <KeyAuditMatterTag(99, 33, impairment)>, <KeyAuditMatterTag(100, 33, plant and equipment)>, <KeyAuditMatterTag(101, 33, property)>, <KeyAuditMatterTag(102, 33, right)>]",https://www1.hkexnews.hk/listedco/listconews/sehk/2020/1014/2020101400629.pdf
701,9279983,14/05/2020 17:14,263,GT GROUP HLDG,ANNUAL REPORT 2019,Financial Statements/ESG Information - [Annual Report],5MB,"[<Auditor(674, 9279983, PAN-CHINA (H.K.) CPA LIMITED)>]",[],[],https://www1.hkexnews.hk/listedco/listconews/sehk/2020/0514/2020051400952.pdf
672,9281102,14/05/2020 22:15,840,TIANYE WATER,Annual Report 2019,"Financial Statements/ESG Information - [Annual Report / Environmental, Social and Governance Information/Report]",2MB,"[<Auditor(645, 9281102, Pan-China Certified Public)>]",[],[],https://www1.hkexnews.hk/listedco/listconews/sehk/2020/0514/2020051402189.pdf
705,9279845,14/05/2020 17:00,1596,YICHEN IND,2019 ANNUAL REPORT,"Financial Statements/ESG Information - [Annual Report / Environmental, Social and Governance Information/Report]",4MB,"[<Auditor(678, 9279845, Pan-China Certified Public Accountants LLP Chinese)>]","[<KeyAuditMatter(1621, 9279845 (1) Revenue recognition1. Description of the matter)>]","[<KeyAuditMatterTag(3849, 1621, recognition)>, <KeyAuditMatterTag(3850, 1621, revenue)>]",https://www1.hkexnews.hk/listedco/listconews/sehk/2020/0514/2020051400814.pdf
1537,9246909,23/04/2020 16:47,1202,CHENGDU PUTIAN,2019 Annual Report,Financial Statements/ESG Information - [Annual Report],5MB,"[<Auditor(1475, 9246909, Pan-China Certified Public Accountants LLP Chinese)>]","[<KeyAuditMatter(3487, 9246909 t realizable value of inventories)>]","[<KeyAuditMatterTag(8193, 3487, inventories)>, <KeyAuditMatterTag(8194, 3487, value)>]",https://www1.hkexnews.hk/listedco/listconews/sehk/2020/0423/2020042300716.pdf
788,9261418,29/04/2020 22:42,1057,ZHEJIANG SHIBAO,ANNUAL REPORT 2019,Financial Statements/ESG Information - [Annual Report],2MB,"[<Auditor(756, 9261418, Pan-China Certified Public Accountants LLP Chinese Certified Public Accountant: Yu Jianan (Partner-in-charge of project))>]",[],[],https://www1.hkexnews.hk/listedco/listconews/sehk/2020/0429/2020042903533.pdf
