id,news_id,date_time,stock_code,stock_name,title,long_text,file_info,audit_firms,kams,kam_tags,file_link
142,9376345,30/07/2020 17:24,1559,KWAN ON HLDGS,ANNUAL REPORT 2020,Financial Statements/ESG Information - [Annual Report],7MB,"[<Auditor(132, 9376345, PKF Hong Kong Limited)>]","[<KeyAuditMatter(263, 9376345 (incorporated in the Cayman Islands with limited liability))>, <KeyAuditMatter(264, 9376345 Accounting measurement for construction contracts)>, <KeyAuditMatter(265, 9376345 Recoverability of trade and other receivables and contract assets)>, <KeyAuditMatter(266, 9376345 ECL)>, <KeyAuditMatter(267, 9376345 Assessment of the net realisable value of the inventories)>]","[<KeyAuditMatterTag(616, 263, land)>, <KeyAuditMatterTag(617, 264, contracts)>, <KeyAuditMatterTag(618, 264, measurement)>, <KeyAuditMatterTag(619, 265, asset)>, <KeyAuditMatterTag(620, 265, recoverability)>, <KeyAuditMatterTag(621, 266, ecl)>, <KeyAuditMatterTag(622, 267, assessment)>, <KeyAuditMatterTag(623, 267, inventories)>, <KeyAuditMatterTag(624, 267, net realisable value)>, <KeyAuditMatterTag(625, 267, value)>]",https://www1.hkexnews.hk/listedco/listconews/sehk/2020/0730/2020073001006.pdf
246,9370463,24/07/2020 22:02,931,CHINA LNG,Annual Report 2020,"Financial Statements/ESG Information - [Annual Report / Environmental, Social and Governance Information/Report]",3MB,"[<Auditor(235, 9370463, PKF Hong Kong Limited)>]",[],[],https://www1.hkexnews.hk/listedco/listconews/sehk/2020/0724/2020072401446.pdf
496,9333942,29/06/2020 19:51,8213,STARGLORY HLDGS,ANNUAL REPORT 2019-2020,"Financial Statements/ESG Information - [Annual Report / Environmental, Social and Governance Information/Report]",2MB,"[<Auditor(474, 9333942, PKF Hong Kong Limited)>]","[<KeyAuditMatter(1173, 9333942 Impairment assessment of plant and equipment, other intangible assets and right-of-use assets)>, <KeyAuditMatter(1174, 9333942 Impairment assessment of plant and equipment, other intangible assets and right-of-use assets )>]","[<KeyAuditMatterTag(2789, 1173, assessment)>, <KeyAuditMatterTag(2790, 1173, asset)>, <KeyAuditMatterTag(2791, 1173, impairment)>, <KeyAuditMatterTag(2792, 1173, plant and equipment)>, <KeyAuditMatterTag(2793, 1173, right)>, <KeyAuditMatterTag(2794, 1174, assessment)>, <KeyAuditMatterTag(2795, 1174, asset)>, <KeyAuditMatterTag(2796, 1174, impairment)>, <KeyAuditMatterTag(2797, 1174, plant and equipment)>, <KeyAuditMatterTag(2798, 1174, right)>]",https://www1.hkexnews.hk/listedco/listconews/gem/2020/0629/2020062901536.pdf
1146,9253986,27/04/2020 20:26,1026,UNIVERSAL TECH,Annual Report 2019,"Financial Statements/ESG Information - [Annual Report / Environmental, Social and Governance Information/Report]",7MB,"[<Auditor(1095, 9253986, PKF Hong Kong Limited)>]","[<KeyAuditMatter(2590, 9253986 Impairment assessment of goodwill and intangible assets)>]","[<KeyAuditMatterTag(6133, 2590, assessment)>, <KeyAuditMatterTag(6134, 2590, asset)>, <KeyAuditMatterTag(6135, 2590, goodwill)>, <KeyAuditMatterTag(6136, 2590, impairment)>]",https://www1.hkexnews.hk/listedco/listconews/sehk/2020/0427/2020042702484.pdf
1726,9242970,21/04/2020 16:30,641,CHTC FONG'S INT,ANNUAL REPORT 2019,Financial Statements/ESG Information - [Annual Report],9MB,"[<Auditor(1658, 9242970, PKF Hong Kong Limited)>]","[<KeyAuditMatter(3846, 9242970 IMPAIRMENT ASSESSMENT OF GOODWILL AND INTANGIBLE ASSETS  MANUFACTURE AND SALE OF DYEING AND FINISHING MACHINES SEGMENT)>, <KeyAuditMatter(3847, 9242970 IMPAIRMENT ASSESSMENT OF INTANGIBLE ASSETS  PROVISION OF ENVIRONMENTAL PROTECTION SERVICES SEGMENT)>, <KeyAuditMatter(3848, 9242970 FINANCIAL ASSETS AT FAIR VALUE THROUGH OTHER COMPREHENSIVE INCOME MEASURED AT LEVEL 3 FAIR VALUE)>]","[<KeyAuditMatterTag(9096, 3846, assessment)>, <KeyAuditMatterTag(9097, 3846, asset)>, <KeyAuditMatterTag(9098, 3846, goodwill)>, <KeyAuditMatterTag(9099, 3846, impairment)>, <KeyAuditMatterTag(9100, 3847, assessment)>, <KeyAuditMatterTag(9101, 3847, asset)>, <KeyAuditMatterTag(9102, 3847, impairment)>, <KeyAuditMatterTag(9103, 3847, provision)>, <KeyAuditMatterTag(9104, 3848, asset)>, <KeyAuditMatterTag(9105, 3848, fair)>, <KeyAuditMatterTag(9106, 3848, financial asset)>, <KeyAuditMatterTag(9107, 3848, income)>, <KeyAuditMatterTag(9108, 3848, value)>]",https://www1.hkexnews.hk/listedco/listconews/sehk/2020/0421/2020042100325.pdf
1892,9237480,16/04/2020 16:56,3919,GOLDENPOWER,ANNUAL REPORT 2019,"Financial Statements/ESG Information - [Annual Report / Environmental, Social and Governance Information/Report]",2MB,"[<Auditor(1818, 9237480, PKF Hong Kong Limited)>]",[],[],https://www1.hkexnews.hk/listedco/listconews/sehk/2020/0416/2020041600613.pdf
2200,9210161,30/03/2020 17:10,8018,FINSOFT FIN,Annual Report 2019,Financial Statements/ESG Information - [Annual Report],2MB,"[<Auditor(2113, 9210161, PKF Hong Kong Limited)>]","[<KeyAuditMatter(4914, 9210161 Goodwill impairment assessment)>]","[<KeyAuditMatterTag(11503, 4914, assessment)>, <KeyAuditMatterTag(11504, 4914, goodwill)>, <KeyAuditMatterTag(11505, 4914, impairment)>]",https://www1.hkexnews.hk/listedco/listconews/gem/2020/0330/2020033000746.pdf
