id,news_id,date_time,stock_code,stock_name,title,long_text,file_info,audit_firms,kams,kam_tags,file_link
63,9439015,11/09/2020 17:41,803,PROSPERITY INTL,Annual Report 2020,Financial Statements/ESG Information - [Annual Report],4MB,"[<Auditor(63, 9439015, RSM Hong Kong)>]",[],[],https://www1.hkexnews.hk/listedco/listconews/sehk/2020/0911/2020091100705.pdf
217,9372480,28/07/2020 16:32,1660,ZHAOBANGJI PPT,Annual Report 2020,Financial Statements/ESG Information - [Annual Report],2MB,"[<Auditor(207, 9372480, RSM Hong Kong)>]",[],[],https://www1.hkexnews.hk/listedco/listconews/sehk/2020/0728/2020072800292.pdf
294,9365870,22/07/2020 17:13,1955,JOHNSON HLDGS,Annual Report 2019/20,Financial Statements/ESG Information - [Annual Report],2MB,"[<Auditor(280, 9365870, RSM Hong Kong)>]","[<KeyAuditMatter(706, 9365870 1. Accuracy of staff costs and provision)>]","[<KeyAuditMatterTag(1697, 706, provision)>]",https://www1.hkexnews.hk/listedco/listconews/sehk/2020/0722/2020072200653.pdf
331,9362674,20/07/2020 16:33,84,STELUX HOLDINGS,Annual Report 2020,"Financial Statements/ESG Information - [Annual Report / Environmental, Social and Governance Information/Report]",2MB,"[<Auditor(316, 9362674, RSM Hong Kong)>]","[<KeyAuditMatter(821, 9362674 Net realisable value of inventories)>, <KeyAuditMatter(822, 9362674 Impairment assessment on property, plant and equipment and right-of-use assets)>, <KeyAuditMatter(823, 9362674 Impairment assessment on trademarks)>, <KeyAuditMatter(824, 9362674 Going concern assessment)>]","[<KeyAuditMatterTag(1983, 821, inventories)>, <KeyAuditMatterTag(1984, 821, net realisable value)>, <KeyAuditMatterTag(1985, 821, value)>, <KeyAuditMatterTag(1986, 822, assessment)>, <KeyAuditMatterTag(1987, 822, asset)>, <KeyAuditMatterTag(1988, 822, impairment)>, <KeyAuditMatterTag(1989, 822, plant and equipment)>, <KeyAuditMatterTag(1990, 822, property)>, <KeyAuditMatterTag(1991, 822, right)>, <KeyAuditMatterTag(1992, 823, assessment)>, <KeyAuditMatterTag(1993, 823, impairment)>, <KeyAuditMatterTag(1994, 824, assessment)>]",https://www1.hkexnews.hk/listedco/listconews/sehk/2020/0720/2020072000494.pdf
417,9348852,07/07/2020 16:52,1094,C P PROCUREMENT,Annual Report 2019,Financial Statements/ESG Information - [Annual Report],1MB,"[<Auditor(396, 9348852, RSM Hong Kong)>]",[],[],https://www1.hkexnews.hk/listedco/listconews/sehk/2020/0707/2020070700890.pdf
432,9341668,02/07/2020 19:06,657,G-VISION INT'L,Annual Report 2019/20,Financial Statements/ESG Information - [Annual Report],2MB,"[<Auditor(411, 9341668, RSM Hong Kong)>]","[<KeyAuditMatter(1035, 9341668 Revenue recognition)>, <KeyAuditMatter(1036, 9341668 Impairment of property, plant and equipment and right-of-use assets)>]","[<KeyAuditMatterTag(2486, 1035, recognition)>, <KeyAuditMatterTag(2487, 1035, revenue)>, <KeyAuditMatterTag(2488, 1036, asset)>, <KeyAuditMatterTag(2489, 1036, impairment)>, <KeyAuditMatterTag(2490, 1036, plant and equipment)>, <KeyAuditMatterTag(2491, 1036, property)>, <KeyAuditMatterTag(2492, 1036, right)>]",https://www1.hkexnews.hk/listedco/listconews/sehk/2020/0702/2020070203407.pdf
470,9335530,30/06/2020 16:34,8275,BEAVER GROUP,ANNUAL REPORT 2020,"Financial Statements/ESG Information - [Annual Report / Environmental, Social and Governance Information/Report]",3MB,"[<Auditor(449, 9335530, RSM Hong Kong)>]","[<KeyAuditMatter(1108, 9335530 ECL)>, <KeyAuditMatter(1109, 9335530 ECL)>]","[<KeyAuditMatterTag(2664, 1108, ecl)>, <KeyAuditMatterTag(2665, 1109, ecl)>]",https://www1.hkexnews.hk/listedco/listconews/gem/2020/0630/2020063000681.pdf
508,9333396,29/06/2020 17:41,8206,S ROBOT EDU,ANNUAL REPORT 2019/20,"Financial Statements/ESG Information - [Annual Report / Environmental, Social and Governance Information/Report]",7MB,"[<Auditor(486, 9333396, RSM Hong Kong)>]","[<KeyAuditMatter(1199, 9333396 Impairment assessment of Robotics Education and Others Cash-Generating Unit (CGU))>]","[<KeyAuditMatterTag(2859, 1199, assessment)>, <KeyAuditMatterTag(2860, 1199, impairment)>]",https://www1.hkexnews.hk/listedco/listconews/gem/2020/0629/2020062900988.pdf
555,9331255,26/06/2020 16:31,8173,UNION ASIA ENT,Annual Report 2019/20,"Financial Statements/ESG Information - [Annual Report / Environmental, Social and Governance Information/Report]",3MB,"[<Auditor(533, 9331255, RSM Hong Kong)>]","[<KeyAuditMatter(1288, 9331255 Recognition of revenue from interior design and execution services)>]","[<KeyAuditMatterTag(3057, 1288, recognition)>, <KeyAuditMatterTag(3058, 1288, revenue)>]",https://www1.hkexnews.hk/listedco/listconews/gem/2020/0626/2020062600455.pdf
563,9330012,24/06/2020 17:35,8392,SATU HOLDINGS,ANNUAL REPORT 2019/20,"Financial Statements/ESG Information - [Annual Report / Environmental, Social and Governance Information/Report]",2MB,"[<Auditor(538, 9330012, RSM Hong Kong)>]","[<KeyAuditMatter(1299, 9330012 Inventory valuation and allowance)>, <KeyAuditMatter(1300, 9330012 Impairment assessment of trade receivables)>]","[<KeyAuditMatterTag(3082, 1299, inventory)>, <KeyAuditMatterTag(3083, 1299, valuation)>, <KeyAuditMatterTag(3084, 1300, assessment)>, <KeyAuditMatterTag(3085, 1300, impairment)>]",https://www1.hkexnews.hk/listedco/listconews/gem/2020/0624/2020062401112.pdf
611,9296428,28/05/2020 19:15,1210,CHRISTINE,Annual Report 2019,Financial Statements/ESG Information - [Annual Report],3MB,"[<Auditor(586, 9296428, RSM Hong Kong)>]",[],[],https://www1.hkexnews.hk/listedco/listconews/sehk/2020/0528/2020052801149.pdf
654,9281422,15/05/2020 07:44,2300,AMVIG HOLDINGS,Annual Report 2019,Financial Statements/ESG Information - [Annual Report],4MB,"[<Auditor(628, 9281422, RSM Hong Kong)>]","[<KeyAuditMatter(1496, 9281422 Impairment assessment of goodwill)>]","[<KeyAuditMatterTag(3586, 1496, assessment)>, <KeyAuditMatterTag(3587, 1496, goodwill)>, <KeyAuditMatterTag(3588, 1496, impairment)>]",https://www1.hkexnews.hk/listedco/listconews/sehk/2020/0515/2020051500179.pdf
657,9281368,15/05/2020 06:52,2017,CHANHIGH,ANNUAL REPORT 2019,"Financial Statements/ESG Information - [Annual Report / Environmental, Social and Governance Information/Report]",1MB,"[<Auditor(631, 9281368, RSM Hong Kong)>]","[<KeyAuditMatter(1501, 9281368 Key Audit MatterHow our audit addressed the Key Audit Matter1. Impairment of trade and bills receivables and contract assets)>, <KeyAuditMatter(1502, 9281368 Key Audit MatterHow our audit addressed the Key Audit Matter2. Revenue from construction contracts and contract assets/contract liabilities)>]","[<KeyAuditMatterTag(3595, 1501, asset)>, <KeyAuditMatterTag(3596, 1501, impairment)>, <KeyAuditMatterTag(3597, 1502, asset)>, <KeyAuditMatterTag(3598, 1502, contracts)>, <KeyAuditMatterTag(3599, 1502, revenue)>]",https://www1.hkexnews.hk/listedco/listconews/sehk/2020/0515/2020051500117.pdf
692,9280259,14/05/2020 17:48,2398,GOOD FRIEND,Annual Report 2019,"Financial Statements/ESG Information - [Annual Report / Environmental, Social and Governance Information/Report]",5MB,"[<Auditor(665, 9280259, RSM Hong Kong)>]","[<KeyAuditMatter(1603, 9280259 1. Impairment assessment of trade receivables and contract assets)>, <KeyAuditMatter(1604, 9280259 2. Impairment assessment of inventories)>]","[<KeyAuditMatterTag(3803, 1603, assessment)>, <KeyAuditMatterTag(3804, 1603, asset)>, <KeyAuditMatterTag(3805, 1603, impairment)>, <KeyAuditMatterTag(3806, 1604, assessment)>, <KeyAuditMatterTag(3807, 1604, impairment)>, <KeyAuditMatterTag(3808, 1604, inventories)>]",https://www1.hkexnews.hk/listedco/listconews/sehk/2020/0514/2020051401228.pdf
768,9481557,22/10/2020 18:03,1315,VISION FAME,ANNUAL REPORT 2020,Financial Statements/ESG Information - [Annual Report],4MB,"[<Auditor(738, 9481557, RSM Hong Kong)>]","[<KeyAuditMatter(1794, 9481557 Revenue and costs recognition for construction contracts and contract assets/liabilities)>]","[<KeyAuditMatterTag(4258, 1794, asset)>, <KeyAuditMatterTag(4259, 1794, contracts)>, <KeyAuditMatterTag(4260, 1794, recognition)>, <KeyAuditMatterTag(4261, 1794, revenue)>]",https://www1.hkexnews.hk/listedco/listconews/sehk/2020/1022/2020102200699.pdf
827,9259598,29/04/2020 17:29,6113,UTS MARKETING,2019 ANNUAL REPORT,Financial Statements/ESG Information - [Annual Report],2MB,"[<Auditor(787, 9259598, RSM Hong Kong)>]","[<KeyAuditMatter(1913, 9259598 TO THE SHAREHOLDERS OFUTS MARKETING SOLUTIONS HOLDINGS LIMITED(Incorporated in the Cayman Islands with limited liability))>, <KeyAuditMatter(1914, 9259598 Impairment assessment of financial assets at amortised cost)>]","[<KeyAuditMatterTag(4546, 1913, land)>, <KeyAuditMatterTag(4547, 1914, assessment)>, <KeyAuditMatterTag(4548, 1914, asset)>, <KeyAuditMatterTag(4549, 1914, financial asset)>, <KeyAuditMatterTag(4550, 1914, impairment)>]",https://www1.hkexnews.hk/listedco/listconews/sehk/2020/0429/2020042901497.pdf
853,9259154,29/04/2020 16:48,776,IMPERIUM GP,ANNUAL REPORT 2019,"Financial Statements/ESG Information - [Annual Report / Environmental, Social and Governance Information/Report]",3MB,"[<Auditor(809, 9259154, RSM Hong Kong)>]",[],[],https://www1.hkexnews.hk/listedco/listconews/sehk/2020/0429/2020042901061.pdf
862,9258981,29/04/2020 16:35,822,KA SHUI INT'L,ANNUAL REPORT 2019,"Financial Statements/ESG Information - [Annual Report / Environmental, Social and Governance Information/Report]",5MB,"[<Auditor(818, 9258981, RSM Hong Kong)>]",[],[],https://www1.hkexnews.hk/listedco/listconews/sehk/2020/0429/2020042900894.pdf
884,9258660,29/04/2020 12:34,3303,JUTAL OIL SER,2019 Annual Report,Financial Statements/ESG Information - [Annual Report],9MB,"[<Auditor(839, 9258660, RSM Hong Kong)>]","[<KeyAuditMatter(2002, 9258660 TO THE SHAREHOLDERS OFJUTAL OFFSHORE OIL SERVICES LIMITED(Incorporated in the Cayman Islands with limited liability))>]","[<KeyAuditMatterTag(4750, 2002, land)>]",https://www1.hkexnews.hk/listedco/listconews/sehk/2020/0429/2020042900645.pdf
996,9256092,28/04/2020 17:18,128,ENM HOLDINGS,Annual Report 2019,"Financial Statements/ESG Information - [Annual Report / Environmental, Social and Governance Information/Report]",2MB,"[<Auditor(949, 9256092, RSM Hong Kong)>]","[<KeyAuditMatter(2239, 9256092 Fair values of resort and recreational club properties)>, <KeyAuditMatter(2240, 9256092 Allowances for inventories)>]","[<KeyAuditMatterTag(5289, 2239, fair)>, <KeyAuditMatterTag(5290, 2239, properties)>, <KeyAuditMatterTag(5291, 2239, value)>, <KeyAuditMatterTag(5292, 2239, values)>, <KeyAuditMatterTag(5293, 2240, inventories)>]",https://www1.hkexnews.hk/listedco/listconews/sehk/2020/0428/2020042801738.pdf
1187,9253167,27/04/2020 17:39,1120,ARTS OPTICAL,2019 Annual Report,Financial Statements/ESG Information - [Annual Report],4MB,"[<Auditor(1136, 9253167, RSM Hong Kong)>]","[<KeyAuditMatter(2676, 9253167 1. Estimated impairment of property, plant and equipment)>, <KeyAuditMatter(2677, 9253167 2. Valuation of investment properties)>, <KeyAuditMatter(2678, 9253167 3. Impairment assessment of trade debtors)>]","[<KeyAuditMatterTag(6341, 2676, impairment)>, <KeyAuditMatterTag(6342, 2676, plant and equipment)>, <KeyAuditMatterTag(6343, 2676, property)>, <KeyAuditMatterTag(6344, 2677, investment)>, <KeyAuditMatterTag(6345, 2677, properties)>, <KeyAuditMatterTag(6346, 2677, valuation)>, <KeyAuditMatterTag(6347, 2678, assessment)>, <KeyAuditMatterTag(6348, 2678, impairment)>]",https://www1.hkexnews.hk/listedco/listconews/sehk/2020/0427/2020042701595.pdf
1244,9252442,27/04/2020 16:43,395,SMARTAC GP CH,Annual Report 2019,Financial Statements/ESG Information - [Annual Report],8MB,"[<Auditor(1193, 9252442, RSM Hong Kong)>]","[<KeyAuditMatter(2817, 9252442 Impairment assessment of goodwill and intangible Our procedures in relation to this matter include:assets of LCE Group Limited and its subsidiaries (the LCE Group) under E-commerce solutions segmentLCE Group LimitedLCE)>, <KeyAuditMatter(2818, 9252442 Impairment assessment of goodwill and intangible assets of LCE Group Limited and its subsidiaries (the LCE Group) under E-commerce solutions segment (Continued)LCE Group LimitedLCE)>]","[<KeyAuditMatterTag(6671, 2817, assessment)>, <KeyAuditMatterTag(6672, 2817, asset)>, <KeyAuditMatterTag(6673, 2817, goodwill)>, <KeyAuditMatterTag(6674, 2817, impairment)>, <KeyAuditMatterTag(6675, 2818, assessment)>, <KeyAuditMatterTag(6676, 2818, asset)>, <KeyAuditMatterTag(6677, 2818, goodwill)>, <KeyAuditMatterTag(6678, 2818, impairment)>]",https://www1.hkexnews.hk/listedco/listconews/sehk/2020/0427/2020042700877.pdf
1257,9252318,27/04/2020 16:37,3778,CHINA WEAVING,Annual Report 2019,Financial Statements/ESG Information - [Annual Report],2MB,"[<Auditor(1205, 9252318, RSM Hong Kong)>]","[<KeyAuditMatter(2844, 9252318 Impairment assessment of goodwill)>, <KeyAuditMatter(2845, 9252318 Impairment assessment of property, plant and equipment and right-of-use assets)>]","[<KeyAuditMatterTag(6729, 2844, assessment)>, <KeyAuditMatterTag(6730, 2844, goodwill)>, <KeyAuditMatterTag(6731, 2844, impairment)>, <KeyAuditMatterTag(6732, 2845, assessment)>, <KeyAuditMatterTag(6733, 2845, asset)>, <KeyAuditMatterTag(6734, 2845, impairment)>, <KeyAuditMatterTag(6735, 2845, plant and equipment)>, <KeyAuditMatterTag(6736, 2845, property)>, <KeyAuditMatterTag(6737, 2845, right)>]",https://www1.hkexnews.hk/listedco/listconews/sehk/2020/0427/2020042700753.pdf
1273,9252202,27/04/2020 16:31,1661,WISDOM SPORTS,2019 Annual Report,"Financial Statements/ESG Information - [Annual Report / Environmental, Social and Governance Information/Report]",1MB,"[<Auditor(1221, 9252202, RSM Hong Kong)>]","[<KeyAuditMatter(2894, 9252202 Impairment of goodwill, intangible assets, property, Our procedures included:plant and equipment, and right-of-use assets)>, <KeyAuditMatter(2895, 9252202 Our procedures included (continued):Impairment of goodwill, intangible assets, property, plant and equipment, and right-of-use assets (continued))>, <KeyAuditMatter(2896, 9252202 Impairment of trade and bills receivablesOur procedures included:)>, <KeyAuditMatter(2897, 9252202 Impairment of other receivablesOur procedures included:)>]","[<KeyAuditMatterTag(6839, 2894, asset)>, <KeyAuditMatterTag(6840, 2894, goodwill)>, <KeyAuditMatterTag(6841, 2894, impairment)>, <KeyAuditMatterTag(6842, 2894, plant and equipment)>, <KeyAuditMatterTag(6843, 2894, property)>, <KeyAuditMatterTag(6844, 2894, right)>, <KeyAuditMatterTag(6845, 2895, asset)>, <KeyAuditMatterTag(6846, 2895, goodwill)>, <KeyAuditMatterTag(6847, 2895, impairment)>, <KeyAuditMatterTag(6848, 2895, plant and equipment)>, <KeyAuditMatterTag(6849, 2895, property)>, <KeyAuditMatterTag(6850, 2895, right)>, <KeyAuditMatterTag(6851, 2896, impairment)>, <KeyAuditMatterTag(6852, 2897, impairment)>]",https://www1.hkexnews.hk/listedco/listconews/sehk/2020/0427/2020042700637.pdf
1308,9251634,27/04/2020 07:29,467,UNITEDENERGY GP,2019 Annual Report,Financial Statements/ESG Information - [Annual Report],4MB,"[<Auditor(1256, 9251634, RSM Hong Kong)>]","[<KeyAuditMatter(2954, 9251634 TO THE SHAREHOLDERS OFUNITED ENERGY GROUP LIMITED(Incorporated in the Cayman Islands and continued in Bermuda with limited liability))>, <KeyAuditMatter(2955, 9251634 Key Audit MatterHow our audit addressed the Key Audit MatterAudit procedures performed by the component Impairment of property, plant and equipment of auditors of the Groups businesses in Pakistan, exploration and production segmentMiddle East and North Africa and by the Group audit engagement team included:)>, <KeyAuditMatter(2956, 9251634 Key Audit MatterHow our audit addressed the Key Audit MatterAudit procedures performed by the Group audit Purchase price allocation for a business combinationengagement team included:)>, <KeyAuditMatter(2957, 9251634 Key Audit MatterHow our audit addressed the Key Audit MatterAudit procedures performed by the Group audit Purchase price allocation for a business combination engagement team included: (Continued)(Continued))>]","[<KeyAuditMatterTag(6991, 2954, land)>, <KeyAuditMatterTag(6992, 2955, impairment)>, <KeyAuditMatterTag(6993, 2955, plant and equipment)>, <KeyAuditMatterTag(6994, 2955, property)>, <KeyAuditMatterTag(6995, 2956, allocation)>, <KeyAuditMatterTag(6996, 2956, business combination)>, <KeyAuditMatterTag(6997, 2956, price)>, <KeyAuditMatterTag(6998, 2956, purchase)>, <KeyAuditMatterTag(6999, 2957, allocation)>, <KeyAuditMatterTag(7000, 2957, business combination)>, <KeyAuditMatterTag(7001, 2957, price)>, <KeyAuditMatterTag(7002, 2957, purchase)>]",https://www1.hkexnews.hk/listedco/listconews/sehk/2020/0427/2020042700019.pdf
1331,9250592,24/04/2020 18:36,1143,LINK-ASIA INTL,Annual Report 2019,Financial Statements/ESG Information - [Annual Report],4MB,"[<Auditor(1278, 9250592, RSM Hong Kong)>]","[<KeyAuditMatter(2996, 9250592 Impairment of loans to other parties)>]","[<KeyAuditMatterTag(7074, 2996, impairment)>]",https://www1.hkexnews.hk/listedco/listconews/sehk/2020/0424/2020042402016.pdf
1463,9248142,23/04/2020 19:24,2312,CH FIN LEASING,ANNUAL REPORT 2019,Financial Statements/ESG Information - [Annual Report],3MB,"[<Auditor(1404, 9248142, RSM Hong Kong)>]","[<KeyAuditMatter(3318, 9248142 Fair value measurement of unlisted equity  investments)>]","[<KeyAuditMatterTag(7819, 3318, fair)>, <KeyAuditMatterTag(7820, 3318, investment)>, <KeyAuditMatterTag(7821, 3318, measurement)>, <KeyAuditMatterTag(7822, 3318, value)>]",https://www1.hkexnews.hk/listedco/listconews/sehk/2020/0423/2020042301949.pdf
1521,9247128,23/04/2020 17:00,1335,SHEEN TAI,Annual Report 2019,Financial Statements/ESG Information - [Annual Report],4MB,"[<Auditor(1459, 9247128, RSM Hong Kong)>]",[],[],https://www1.hkexnews.hk/listedco/listconews/sehk/2020/0423/2020042300935.pdf
1605,9245604,22/04/2020 18:48,1748,XIN YUAN ENT,2019 Annual Report,"Financial Statements/ESG Information - [Annual Report / Environmental, Social and Governance Information/Report]",6MB,"[<Auditor(1539, 9245604, RSM Hong Kong)>]","[<KeyAuditMatter(3609, 9245604 Impairment assessment of vessels)>]","[<KeyAuditMatterTag(8488, 3609, assessment)>, <KeyAuditMatterTag(8489, 3609, impairment)>]",https://www1.hkexnews.hk/listedco/listconews/sehk/2020/0422/2020042201326.pdf
1735,9242391,20/04/2020 22:30,1134,KELFRED,ANNUAL REPORT 2019,Financial Statements/ESG Information - [Annual Report],1MB,"[<Auditor(1667, 9242391, RSM Hong Kong)>]","[<KeyAuditMatter(3866, 9242391 Estimation of the net realisable value of inventories)>, <KeyAuditMatter(3867, 9242391 Impairment assessment on trade receivables)>]","[<KeyAuditMatterTag(9146, 3866, estimation)>, <KeyAuditMatterTag(9147, 3866, inventories)>, <KeyAuditMatterTag(9148, 3866, net realisable value)>, <KeyAuditMatterTag(9149, 3866, value)>, <KeyAuditMatterTag(9150, 3867, assessment)>, <KeyAuditMatterTag(9151, 3867, impairment)>]",https://www1.hkexnews.hk/listedco/listconews/sehk/2020/0420/2020042001576.pdf
1802,9241010,20/04/2020 12:20,1004,C SMARTERENERGY,2019 Annual Report,"Financial Statements/ESG Information - [Annual Report / Environmental, Social and Governance Information/Report]",1MB,"[<Auditor(1733, 9241010, RSM Hong Kong)>]","[<KeyAuditMatter(4023, 9241010 Impairment assessment of property, plant and equipment and intangible assets)>]","[<KeyAuditMatterTag(9504, 4023, assessment)>, <KeyAuditMatterTag(9505, 4023, asset)>, <KeyAuditMatterTag(9506, 4023, impairment)>, <KeyAuditMatterTag(9507, 4023, plant and equipment)>, <KeyAuditMatterTag(9508, 4023, property)>]",https://www1.hkexnews.hk/listedco/listconews/sehk/2020/0420/2020042000217.pdf
1829,9239586,17/04/2020 17:33,653,BONJOUR HOLD,Annual Report 2019,"Financial Statements/ESG Information - [Annual Report / Environmental, Social and Governance Information/Report]",8MB,"[<Auditor(1761, 9239586, RSM Hong Kong)>]","[<KeyAuditMatter(4092, 9239586 Inventory valuation and allowance)>, <KeyAuditMatter(4093, 9239586 Valuation of financial assets at fair value through other comprehensive income)>]","[<KeyAuditMatterTag(9640, 4092, inventory)>, <KeyAuditMatterTag(9641, 4092, valuation)>, <KeyAuditMatterTag(9642, 4093, asset)>, <KeyAuditMatterTag(9643, 4093, fair)>, <KeyAuditMatterTag(9644, 4093, financial asset)>, <KeyAuditMatterTag(9645, 4093, income)>, <KeyAuditMatterTag(9646, 4093, valuation)>, <KeyAuditMatterTag(9647, 4093, value)>]",https://www1.hkexnews.hk/listedco/listconews/sehk/2020/0417/2020041700944.pdf
1907,9237300,16/04/2020 16:37,1612,VINCENT MED,ANNUAL REPORT 2019,"Financial Statements/ESG Information - [Annual Report / Environmental, Social and Governance Information/Report]",1MB,"[<Auditor(1833, 9237300, RSM Hong Kong)>]","[<KeyAuditMatter(4289, 9237300 Impairment assessment of goodwill and other intangible assets in relation to Rehab-Robotics Company Limited (RRCL) and Guangzhou Hypnus Healthcare Technology Co., Limited (GZ Hypnus))>]","[<KeyAuditMatterTag(10075, 4289, assessment)>, <KeyAuditMatterTag(10076, 4289, asset)>, <KeyAuditMatterTag(10077, 4289, goodwill)>, <KeyAuditMatterTag(10078, 4289, impairment)>]",https://www1.hkexnews.hk/listedco/listconews/sehk/2020/0416/2020041600433.pdf
2128,9216053,01/04/2020 06:30,8506,FUTEX HLDGS,ANNUAL REPORT 2019,Financial Statements/ESG Information - [Annual Report],486KB,"[<Auditor(2044, 9216053, RSM Hong Kong)>]","[<KeyAuditMatter(4758, 9216053 Key Audit MatterHow our audit addressed the Key Audit MatterRevenue Recognition)>]","[<KeyAuditMatterTag(11165, 4758, recognition)>, <KeyAuditMatterTag(11166, 4758, revenue)>]",https://www1.hkexnews.hk/listedco/listconews/gem/2020/0401/2020040100116.pdf
2168,9212332,31/03/2020 06:23,8036,EBROKER GROUP,Annual Report 2019,Financial Statements/ESG Information - [Annual Report],5MB,"[<Auditor(2082, 9212332, RSM Hong Kong)>]","[<KeyAuditMatter(4843, 9212332 Impairment assessment of trade receivables)>, <KeyAuditMatter(4844, 9212332 Impairment assessment of trade receivables (contd))>]","[<KeyAuditMatterTag(11353, 4843, assessment)>, <KeyAuditMatterTag(11354, 4843, impairment)>, <KeyAuditMatterTag(11355, 4844, assessment)>, <KeyAuditMatterTag(11356, 4844, impairment)>]",https://www1.hkexnews.hk/listedco/listconews/gem/2020/0331/2020033100143.pdf
2170,9212198,31/03/2020 06:05,8083,CHINA YOUZAN,Annual Report 2019,"Financial Statements/ESG Information - [Annual Report / Environmental, Social and Governance Information/Report]",3MB,"[<Auditor(2084, 9212198, RSM Hong Kong)>]",[],[],https://www1.hkexnews.hk/listedco/listconews/gem/2020/0331/2020033100021.pdf
2220,9209898,30/03/2020 16:38,8037,CH BIOTECH-5K,ANNUAL REPORT 2019,"Financial Statements/ESG Information - [Annual Report / Environmental, Social and Governance Information/Report]",7MB,"[<Auditor(2133, 9209898, RSM Hong Kong)>]","[<KeyAuditMatter(4958, 9209898 Acquisition Date)>]","[<KeyAuditMatterTag(11584, 4958, acquisition)>]",https://www1.hkexnews.hk/listedco/listconews/gem/2020/0330/2020033000485.pdf
2267,9205268,26/03/2020 22:09,8100,GET HOLDINGS,ANNUAL REPORT 2019,Financial Statements/ESG Information - [Annual Report],4MB,"[<Auditor(2179, 9205268, RSM Hong Kong)>]","[<KeyAuditMatter(5064, 9205268 Impairment assessment of goodwill)>]","[<KeyAuditMatterTag(11807, 5064, assessment)>, <KeyAuditMatterTag(11808, 5064, goodwill)>, <KeyAuditMatterTag(11809, 5064, impairment)>]",https://www1.hkexnews.hk/listedco/listconews/gem/2020/0326/2020032601751.pdf
2352,9156409,13/02/2020 16:32,752,PICO FAR EAST,PICO FAR EAST HOLDINGS LTD - ANNUAL REPORT 2019,Financial Statements/ESG Information - [Annual Report],24MB,"[<Auditor(2260, 9156409, RSM Hong Kong)>]","[<KeyAuditMatter(5234, 9156409 To the Shareholders of Pico Far East Holdings Limited(incorporated in the Cayman Islands with limited liability))>]","[<KeyAuditMatterTag(12149, 5234, land)>]",https://www1.hkexnews.hk/listedco/listconews/sehk/2020/0213/2020021300390.pdf
2364,9131878,17/01/2020 18:19,640,INFINITY DEV,ANNUAL REPORT 2019,Financial Statements/ESG Information - [Annual Report],7MB,"[<Auditor(2268, 9131878, RSM Hong Kong)>]",[],[],https://www1.hkexnews.hk/listedco/listconews/sehk/2020/0117/2020011700661.pdf
2373,9110219,30/12/2019 16:39,8007,GLOBALSTRAT,Annual Report 2019,Financial Statements/ESG Information - [Annual Report],4MB,"[<Auditor(2277, 9110219, RSM Hong Kong)>]","[<KeyAuditMatter(5261, 9110219 1. Going concern assessment)>, <KeyAuditMatter(5262, 9110219 1. Going concern assessment)>, <KeyAuditMatter(5263, 9110219 2. Impairment assessment of goodwill, intangible assets, property, plant and equipment and right-of-use assets)>, <KeyAuditMatter(5264, 9110219 2. Impairment assessment of goodwill, intangible assets, property, plant and equipment and right-of-use assets)>]","[<KeyAuditMatterTag(12210, 5261, assessment)>, <KeyAuditMatterTag(12211, 5262, assessment)>, <KeyAuditMatterTag(12212, 5263, assessment)>, <KeyAuditMatterTag(12213, 5263, asset)>, <KeyAuditMatterTag(12214, 5263, goodwill)>, <KeyAuditMatterTag(12215, 5263, impairment)>, <KeyAuditMatterTag(12216, 5263, plant and equipment)>, <KeyAuditMatterTag(12217, 5263, property)>, <KeyAuditMatterTag(12218, 5263, right)>, <KeyAuditMatterTag(12219, 5264, assessment)>, <KeyAuditMatterTag(12220, 5264, asset)>, <KeyAuditMatterTag(12221, 5264, goodwill)>, <KeyAuditMatterTag(12222, 5264, impairment)>, <KeyAuditMatterTag(12223, 5264, plant and equipment)>, <KeyAuditMatterTag(12224, 5264, property)>, <KeyAuditMatterTag(12225, 5264, right)>]",https://www1.hkexnews.hk/listedco/listconews/gem/2019/1230/2019123000540.pdf
2410,3621040,30/10/2019 17:38,197,HENG TAI,2018/19 Annual Report,"Financial Statements/ESG Information - [Annual Report / Environmental, Social and Governance Information/Report]",1734KB,"[<Auditor(2312, 3621040, RSM Hong Kong)>]","[<KeyAuditMatter(5347, 3621040 1. Impairment assessment of goodwill)>, <KeyAuditMatter(5348, 3621040 Impairment assessment of agri-products  business segment assets)>, <KeyAuditMatter(5349, 3621040 3. Impairment assessment of logistics services  business segment assets)>, <KeyAuditMatter(5350, 3621040 Impairment assessment of FMCG trading  business segment assets)>]","[<KeyAuditMatterTag(12442, 5347, assessment)>, <KeyAuditMatterTag(12443, 5347, goodwill)>, <KeyAuditMatterTag(12444, 5347, impairment)>, <KeyAuditMatterTag(12445, 5348, assessment)>, <KeyAuditMatterTag(12446, 5348, asset)>, <KeyAuditMatterTag(12447, 5348, impairment)>, <KeyAuditMatterTag(12448, 5349, assessment)>, <KeyAuditMatterTag(12449, 5349, asset)>, <KeyAuditMatterTag(12450, 5349, impairment)>, <KeyAuditMatterTag(12451, 5350, assessment)>, <KeyAuditMatterTag(12452, 5350, asset)>, <KeyAuditMatterTag(12453, 5350, impairment)>]",https://www1.hkexnews.hk/listedco/listconews/sehk/2019/1030/ltn20191030117.pdf
2422,3620662,29/10/2019 16:38,495,PALADIN,ANNUAL REPORT 2019,"Financial Statements/ESG Information - [Annual Report / Environmental, Social and Governance Information/Report]",1709KB,"[<Auditor(2324, 3620662, RSM Hong Kong)>]","[<KeyAuditMatter(5368, 3620662 Valuation of investment properties)>]","[<KeyAuditMatterTag(12490, 5368, investment)>, <KeyAuditMatterTag(12491, 5368, properties)>, <KeyAuditMatterTag(12492, 5368, valuation)>]",https://www1.hkexnews.hk/listedco/listconews/sehk/2019/1029/ltn20191029049.pdf
2451,9283744,17/05/2020 18:13,8165,JIAN EPAYMENT,Annual Report 2019,Financial Statements/ESG Information - [Annual Report],5MB,"[<Auditor(2352, 9283744, RSM Hong Kong)>]",[],[],https://www1.hkexnews.hk/listedco/listconews/gem/2020/0517/2020051700033.pdf
2464,9283454,15/05/2020 22:03,359,HAISHENG JUICE,2019 Annual Report,"Financial Statements/ESG Information - [Annual Report / Environmental, Social and Governance Information/Report]",13MB,"[<Auditor(2365, 9283454, RSM Hong Kong)>]","[<KeyAuditMatter(5488, 9283454 Impairment assessment of property, plant and equipment, right-of-use assets and bearer plants.)>]","[<KeyAuditMatterTag(12767, 5488, assessment)>, <KeyAuditMatterTag(12768, 5488, asset)>, <KeyAuditMatterTag(12769, 5488, impairment)>, <KeyAuditMatterTag(12770, 5488, plant and equipment)>, <KeyAuditMatterTag(12771, 5488, property)>, <KeyAuditMatterTag(12772, 5488, right)>]",https://www1.hkexnews.hk/listedco/listconews/sehk/2020/0515/2020051502093.pdf
