id,news_id,date_time,stock_code,stock_name,title,long_text,file_info,audit_firms,kams,kam_tags,file_link
35,9457136,29/09/2020 20:00,8250,SILK RD ENERGY,Annual Report 2020,"Financial Statements/ESG Information - [Annual Report / Environmental, Social and Governance Information/Report]",9MB,"[<Auditor(35, 9457136, SHINEWING (HK) CPA Limited)>]","[<KeyAuditMatter(69, 9457136 Impairment assessment on coal mining and construction services related non-current assets)>, <KeyAuditMatter(70, 9457136 Impairment assessment on coal mining and construction services related non-current assets )>, <KeyAuditMatter(71, 9457136 Valuation of trade receivables)>, <KeyAuditMatter(72, 9457136 Valuation of loan receivables)>]","[<KeyAuditMatterTag(189, 69, assessment)>, <KeyAuditMatterTag(190, 69, asset)>, <KeyAuditMatterTag(191, 69, impairment)>, <KeyAuditMatterTag(192, 69, mining)>, <KeyAuditMatterTag(193, 70, assessment)>, <KeyAuditMatterTag(194, 70, asset)>, <KeyAuditMatterTag(195, 70, impairment)>, <KeyAuditMatterTag(196, 70, mining)>, <KeyAuditMatterTag(197, 71, valuation)>, <KeyAuditMatterTag(198, 72, valuation)>]",https://www1.hkexnews.hk/listedco/listconews/gem/2020/0929/2020092901126.pdf
80,9414531,27/08/2020 16:51,1850,WINDMILL GP,ANNUAL REPORT 2020,"Financial Statements/ESG Information - [Annual Report / Environmental, Social and Governance Information/Report]",1MB,"[<Auditor(79, 9414531, SHINEWING (HK) CPA Limited)>]","[<KeyAuditMatter(148, 9414531 ACCOUNTING FOR CONSTRUCTION CONTRACTS)>, <KeyAuditMatter(149, 9414531 IMPAIRMENT OF TRADE RECEIVABLES AND CONTRACT ASSETS)>]","[<KeyAuditMatterTag(349, 148, contracts)>, <KeyAuditMatterTag(350, 149, asset)>, <KeyAuditMatterTag(351, 149, impairment)>]",https://www1.hkexnews.hk/listedco/listconews/sehk/2020/0827/2020082700498.pdf
105,9383163,03/08/2020 21:47,1703,PALACE BANQUET,Annual Report 2020,Financial Statements/ESG Information - [Annual Report],4MB,"[<Auditor(98, 9383163, SHINEWING (HK) CPA Limited)>]","[<KeyAuditMatter(196, 9383163 IMPAIRMENT OF PROPERTY, PLANT AND EQUIPMENT AND RIGHT-OF-USE ASSETS)>]","[<KeyAuditMatterTag(449, 196, asset)>, <KeyAuditMatterTag(450, 196, impairment)>, <KeyAuditMatterTag(451, 196, plant and equipment)>, <KeyAuditMatterTag(452, 196, property)>, <KeyAuditMatterTag(453, 196, right)>]",https://www1.hkexnews.hk/listedco/listconews/sehk/2020/0803/2020080303826.pdf
107,9378846,31/07/2020 22:58,313,RICHLY FIELD,ANNUAL REPORT 2020,"Financial Statements/ESG Information - [Annual Report / Environmental, Social and Governance Information/Report]",3MB,"[<Auditor(100, 9378846, SHINEWING (HK) CPA Limited)>]",[],[],https://www1.hkexnews.hk/listedco/listconews/sehk/2020/0731/2020073101878.pdf
134,9376615,30/07/2020 18:18,508,DINGYI GP INV,Annual Report 2020,"Financial Statements/ESG Information - [Annual Report / Environmental, Social and Governance Information/Report]",2MB,"[<Auditor(124, 9376615, SHINEWING (HK) CPA Limited)>]",[],[],https://www1.hkexnews.hk/listedco/listconews/sehk/2020/0730/2020073001274.pdf
143,9376337,30/07/2020 17:23,6033,TELECOM DIGIT,Annual Report 2019/20,"Financial Statements/ESG Information - [Annual Report / Environmental, Social and Governance Information/Report]",2MB,"[<Auditor(133, 9376337, SHINEWING (HK) CPA Limited)>]","[<KeyAuditMatter(268, 9376337 Valuation of inventories)>, <KeyAuditMatter(269, 9376337 Impairment test on retail business cash generating units)>]","[<KeyAuditMatterTag(626, 268, inventories)>, <KeyAuditMatterTag(627, 268, valuation)>, <KeyAuditMatterTag(628, 269, impairment)>]",https://www1.hkexnews.hk/listedco/listconews/sehk/2020/0730/2020073000998.pdf
146,9376292,30/07/2020 17:12,1662,YEE HOP HLDGS,2019/2020 Annual Report,Financial Statements/ESG Information - [Annual Report],4MB,"[<Auditor(136, 9376292, SHINEWING (HK) CPA Limited)>]","[<KeyAuditMatter(271, 9376292 Accounting for construction contracts)>, <KeyAuditMatter(272, 9376292 Impairment of trade receivables and contract assets)>, <KeyAuditMatter(273, 9376292 ECL)>, <KeyAuditMatter(274, 9376292 Valuation of biological assets)>, <KeyAuditMatter(275, 9376292 Impairment assessment on property, plant and equipment, right-of-use assets, other intangible assets and goodwill in respect of the cash-generating  unit relating to breeding, sales and trading of aquatic products)>]","[<KeyAuditMatterTag(632, 271, contracts)>, <KeyAuditMatterTag(633, 272, asset)>, <KeyAuditMatterTag(634, 272, impairment)>, <KeyAuditMatterTag(635, 273, ecl)>, <KeyAuditMatterTag(636, 274, asset)>, <KeyAuditMatterTag(637, 274, valuation)>, <KeyAuditMatterTag(638, 275, assessment)>, <KeyAuditMatterTag(639, 275, asset)>, <KeyAuditMatterTag(640, 275, goodwill)>, <KeyAuditMatterTag(641, 275, impairment)>, <KeyAuditMatterTag(642, 275, plant and equipment)>, <KeyAuditMatterTag(643, 275, property)>, <KeyAuditMatterTag(644, 275, right)>]",https://www1.hkexnews.hk/listedco/listconews/sehk/2020/0730/2020073000953.pdf
147,9376276,30/07/2020 17:09,3997,TSO,Annual Report 2019/20,"Financial Statements/ESG Information - [Annual Report / Environmental, Social and Governance Information/Report]",2MB,"[<Auditor(137, 9376276, SHINEWING (HK) CPA Limited)>]","[<KeyAuditMatter(276, 9376276 TO THE SHAREHOLDERS OF TELECOM SERVICE ONE HOLDINGS LIMITED(incorporated in the Cayman Islands with limited liability))>, <KeyAuditMatter(277, 9376276 VALUATION OF TRADE RECEIVABLES)>]","[<KeyAuditMatterTag(645, 276, land)>, <KeyAuditMatterTag(646, 277, valuation)>]",https://www1.hkexnews.hk/listedco/listconews/sehk/2020/0730/2020073000937.pdf
185,9374138,29/07/2020 17:20,938,MAN SANG INT'L,ANNUAL REPORT 2020,"Financial Statements/ESG Information - [Annual Report / Environmental, Social and Governance Information/Report]",5MB,"[<Auditor(175, 9374138, SHINEWING (HK) CPA Limited)>]","[<KeyAuditMatter(388, 9374138 Valuation of investment properties under construction)>, <KeyAuditMatter(389, 9374138 Assessment of net realisable value of properties held for sale)>, <KeyAuditMatter(390, 9374138 Impairment of property, plant and equipment and right-of-use assets)>]","[<KeyAuditMatterTag(922, 388, investment)>, <KeyAuditMatterTag(923, 388, properties)>, <KeyAuditMatterTag(924, 388, valuation)>, <KeyAuditMatterTag(925, 389, assessment)>, <KeyAuditMatterTag(926, 389, net realisable value)>, <KeyAuditMatterTag(927, 389, properties)>, <KeyAuditMatterTag(928, 389, value)>, <KeyAuditMatterTag(929, 390, asset)>, <KeyAuditMatterTag(930, 390, impairment)>, <KeyAuditMatterTag(931, 390, plant and equipment)>, <KeyAuditMatterTag(932, 390, property)>, <KeyAuditMatterTag(933, 390, right)>]",https://www1.hkexnews.hk/listedco/listconews/sehk/2020/0729/2020072900627.pdf
270,9367877,23/07/2020 17:09,3816,KFM KINGDOM,ANNUAL REPORT 2020,"Financial Statements/ESG Information - [Annual Report / Environmental, Social and Governance Information/Report]",2MB,"[<Auditor(257, 9367877, SHINEWING (HK) CPA Limited)>]","[<KeyAuditMatter(652, 9367877 TO THE SHAREHOLDERS OF KFM KINGDOM HOLDINGS LIMITED(incorporated in the Cayman Islands with limited liability))>, <KeyAuditMatter(653, 9367877 PROVISION OF EXPECTED CREDIT LOSS (THE ECL) FOR TRADE RECEIVABLES)>]","[<KeyAuditMatterTag(1562, 652, land)>, <KeyAuditMatterTag(1563, 653, ecl)>, <KeyAuditMatterTag(1564, 653, expected credit loss)>, <KeyAuditMatterTag(1565, 653, provision)>]",https://www1.hkexnews.hk/listedco/listconews/sehk/2020/0723/2020072300680.pdf
308,9365119,22/07/2020 07:58,6182,TWINTEK,ANNUAL REPORT 2020,"Financial Statements/ESG Information - [Annual Report / Environmental, Social and Governance Information/Report]",4MB,"[<Auditor(294, 9365119, SHINEWING (HK) CPA Limited)>]","[<KeyAuditMatter(758, 9365119 TO THE MEMBERS OF TWINTEK INVESTMENT HOLDINGS LIMITED)>, <KeyAuditMatter(759, 9365119 ECL)>, <KeyAuditMatter(760, 9365119 ACCOUNTING FOR CONSTRUCTION CONTRACTS)>, <KeyAuditMatter(761, 9365119 ECL RECOGNISED IN RESPECT OF CONTRACT ASSETS AND TRADE RECEIVABLES)>]","[<KeyAuditMatterTag(1844, 758, investment)>, <KeyAuditMatterTag(1845, 759, ecl)>, <KeyAuditMatterTag(1846, 760, contracts)>, <KeyAuditMatterTag(1847, 761, asset)>, <KeyAuditMatterTag(1848, 761, ecl)>]",https://www1.hkexnews.hk/listedco/listconews/sehk/2020/0722/2020072200027.pdf
320,9364205,21/07/2020 16:38,1621,VICO INTL HLDGS,Annual Report 2019/2020,Financial Statements/ESG Information - [Annual Report],1MB,"[<Auditor(306, 9364205, SHINEWING (HK) CPA Limited)>]","[<KeyAuditMatter(795, 9364205 Valuation of trade receivables)>]","[<KeyAuditMatterTag(1930, 795, valuation)>]",https://www1.hkexnews.hk/listedco/listconews/sehk/2020/0721/2020072100549.pdf
323,9364053,21/07/2020 13:51,248,HKC INT'L HOLD,Annual Report 2020,Financial Statements/ESG Information - [Annual Report],2MB,"[<Auditor(309, 9364053, SHINEWING (HK) CPA Limited)>]","[<KeyAuditMatter(802, 9364053 TO THE MEMBERS OF HKC INTERNATIONAL HOLDINGS LIMITED(incorporated in Cayman Islands with limited liability))>, <KeyAuditMatter(803, 9364053 Valuation of investment properties)>, <KeyAuditMatter(804, 9364053 Impairment of contract assets and trade receivables)>, <KeyAuditMatter(805, 9364053 Impairment of contract assets and trade receivables (Contd))>, <KeyAuditMatter(806, 9364053 Revenue recognition)>, <KeyAuditMatter(807, 9364053 Financial assets at fair value through profit or loss and fair value through comprehensive income)>]","[<KeyAuditMatterTag(1945, 802, land)>, <KeyAuditMatterTag(1946, 803, investment)>, <KeyAuditMatterTag(1947, 803, properties)>, <KeyAuditMatterTag(1948, 803, valuation)>, <KeyAuditMatterTag(1949, 804, asset)>, <KeyAuditMatterTag(1950, 804, impairment)>, <KeyAuditMatterTag(1951, 805, asset)>, <KeyAuditMatterTag(1952, 805, impairment)>, <KeyAuditMatterTag(1953, 806, recognition)>, <KeyAuditMatterTag(1954, 806, revenue)>, <KeyAuditMatterTag(1955, 807, asset)>, <KeyAuditMatterTag(1956, 807, fair)>, <KeyAuditMatterTag(1957, 807, financial asset)>, <KeyAuditMatterTag(1958, 807, income)>, <KeyAuditMatterTag(1959, 807, value)>]",https://www1.hkexnews.hk/listedco/listconews/sehk/2020/0721/2020072100333.pdf
346,9360915,17/07/2020 16:31,886,SILVER BASE,Annual Report 2020,Financial Statements/ESG Information - [Annual Report],5MB,"[<Auditor(331, 9360915, SHINEWING (HK) CPA Limited)>]","[<KeyAuditMatter(856, 9360915 Assessment of inventory provision)>, <KeyAuditMatter(857, 9360915 Impairment assessment of trade and bills receivables)>, <KeyAuditMatter(858, 9360915 Impairment assessment of deposits paid to suppliers)>, <KeyAuditMatter(859, 9360915 Impairment assessment of property, plant and equipment and right-of-use assets)>]","[<KeyAuditMatterTag(2067, 856, assessment)>, <KeyAuditMatterTag(2068, 856, inventory)>, <KeyAuditMatterTag(2069, 856, provision)>, <KeyAuditMatterTag(2070, 857, assessment)>, <KeyAuditMatterTag(2071, 857, impairment)>, <KeyAuditMatterTag(2072, 858, assessment)>, <KeyAuditMatterTag(2073, 858, impairment)>, <KeyAuditMatterTag(2074, 859, assessment)>, <KeyAuditMatterTag(2075, 859, asset)>, <KeyAuditMatterTag(2076, 859, impairment)>, <KeyAuditMatterTag(2077, 859, plant and equipment)>, <KeyAuditMatterTag(2078, 859, property)>, <KeyAuditMatterTag(2079, 859, right)>]",https://www1.hkexnews.hk/listedco/listconews/sehk/2020/0717/2020071700428.pdf
384,9356767,14/07/2020 19:13,1581,PROGRESSIVE P,Annual Report 2020,Financial Statements/ESG Information - [Annual Report],1021KB,"[<Auditor(366, 9356767, SHINEWING (HK) CPA Limited)>]","[<KeyAuditMatter(936, 9356767 TO THE SHAREHOLDERS OF PROGRESSIVE PATH GROUP HOLDINGS LIMITED(incorporated in the Cayman Islands with limited liability))>, <KeyAuditMatter(937, 9356767 REVENUE RECOGNITION FROM CONSTRUCTION WORKS)>, <KeyAuditMatter(938, 9356767 IMPAIRMENT ASSESSMENT OF PROPERTY, PLANT AND EQUIPMENT)>, <KeyAuditMatter(939, 9356767 LOSS ALLOWANCE ON TRADE RECEIVABLES AND CONTRACT ASSETS)>]","[<KeyAuditMatterTag(2269, 936, land)>, <KeyAuditMatterTag(2270, 937, recognition)>, <KeyAuditMatterTag(2271, 937, revenue)>, <KeyAuditMatterTag(2272, 938, assessment)>, <KeyAuditMatterTag(2273, 938, impairment)>, <KeyAuditMatterTag(2274, 938, plant and equipment)>, <KeyAuditMatterTag(2275, 938, property)>, <KeyAuditMatterTag(2276, 939, asset)>]",https://www1.hkexnews.hk/listedco/listconews/sehk/2020/0714/2020071401058.pdf
413,9349713,07/07/2020 21:00,1402,I-CONTROL,Annual Report 2020,"Financial Statements/ESG Information - [Annual Report / Environmental, Social and Governance Information/Report]",2MB,"[<Auditor(392, 9349713, SHINEWING (HK) CPA Limited)>]","[<KeyAuditMatter(1014, 9349713 IMPAIRMENT OF TRADE RECEIVABLES AND CONTRACT ASSETS)>, <KeyAuditMatter(1015, 9349713 ECL)>]","[<KeyAuditMatterTag(2436, 1014, asset)>, <KeyAuditMatterTag(2437, 1014, impairment)>, <KeyAuditMatterTag(2438, 1015, ecl)>]",https://www1.hkexnews.hk/listedco/listconews/sehk/2020/0707/2020070701693.pdf
477,9334961,30/06/2020 06:42,1319,OIWAHPAWN,Annual Report 2020,Financial Statements/ESG Information - [Annual Report],6MB,"[<Auditor(456, 9334961, SHINEWING (HK) CPA Limited)>]","[<KeyAuditMatter(1119, 9334961 Impairment of loan receivables)>, <KeyAuditMatter(1120, 9334961 receivables	included	the	following:representing	90.9%	of	total	assets,	net	of	accumulated		understanding	the	ECL	model	used	by	the	Group	ECL)>, <KeyAuditMatter(1121, 9334961 	recalculating	the	amount	of	ECL	allowance	using	)>]","[<KeyAuditMatterTag(2693, 1119, impairment)>, <KeyAuditMatterTag(2694, 1120, asset)>, <KeyAuditMatterTag(2695, 1120, ecl)>, <KeyAuditMatterTag(2696, 1121, ecl)>]",https://www1.hkexnews.hk/listedco/listconews/sehk/2020/0630/2020063000185.pdf
504,9333582,29/06/2020 18:20,8017,TRADEGO,2019-2020 ANNUAL REPORT,Financial Statements/ESG Information - [Annual Report],751KB,"[<Auditor(482, 9333582, SHINEWING (HK) CPA Limited)>]","[<KeyAuditMatter(1192, 9333582 To the Shareholders of TradeGo FinTech Limited(incorporated in the Cayman Islands with limited liability))>]","[<KeyAuditMatterTag(2844, 1192, land)>]",https://www1.hkexnews.hk/listedco/listconews/gem/2020/0629/2020062901174.pdf
507,9333422,29/06/2020 17:47,8149,ALTUS HLDGS,Annual Report FY2020,Financial Statements/ESG Information - [Annual Report],4MB,"[<Auditor(485, 9333422, SHINEWING (HK) CPA Limited)>]","[<KeyAuditMatter(1198, 9333422 Valuation of investment properties)>]","[<KeyAuditMatterTag(2856, 1198, investment)>, <KeyAuditMatterTag(2857, 1198, properties)>, <KeyAuditMatterTag(2858, 1198, valuation)>]",https://www1.hkexnews.hk/listedco/listconews/gem/2020/0629/2020062901014.pdf
514,9333228,29/06/2020 17:16,8439,SOMERLEY CAP,2019/20 Annual Report,"Financial Statements/ESG Information - [Annual Report / Environmental, Social and Governance Information/Report]",4MB,"[<Auditor(492, 9333228, SHINEWING (HK) CPA Limited)>]","[<KeyAuditMatter(1211, 9333228 Impairment assessment on trade receivables)>, <KeyAuditMatter(1212, 9333228 Impairment of intangible asset)>]","[<KeyAuditMatterTag(2885, 1211, assessment)>, <KeyAuditMatterTag(2886, 1211, impairment)>, <KeyAuditMatterTag(2887, 1212, asset)>, <KeyAuditMatterTag(2888, 1212, impairment)>]",https://www1.hkexnews.hk/listedco/listconews/gem/2020/0629/2020062900820.pdf
525,9333017,29/06/2020 16:42,8121,GURU ONLINE,Annual Report 2020,"Financial Statements/ESG Information - [Annual Report / Environmental, Social and Governance Information/Report]",1MB,"[<Auditor(503, 9333017, SHINEWING (HK) CPA Limited)>]","[<KeyAuditMatter(1230, 9333017 TO THE SHAREHOLDERS OF GURU ONLINE (HOLDINGS) LIMITED(incorporated in the Cayman Islands with limited liability))>, <KeyAuditMatter(1231, 9333017 RECOVERABILITY OF TRADE RECEIVABLES)>]","[<KeyAuditMatterTag(2932, 1230, land)>, <KeyAuditMatterTag(2933, 1231, recoverability)>]",https://www1.hkexnews.hk/listedco/listconews/gem/2020/0629/2020062900609.pdf
534,9332917,29/06/2020 16:31,8057,MADISON HLDG,Annual Report 2019/20,Financial Statements/ESG Information - [Annual Report],9MB,"[<Auditor(512, 9332917, SHINEWING (HK) CPA Limited)>]","[<KeyAuditMatter(1262, 9332917 Valuation and impairment assessment of inventories)>, <KeyAuditMatter(1263, 9332917 KEY AUDIT MATTERS Recoverability and impairment assessment of loan and interest receivables and considerations receivables)>, <KeyAuditMatter(1264, 9332917 KEY AUDIT MATTERS Impairment assessment of intangible assets and goodwill)>]","[<KeyAuditMatterTag(2992, 1262, assessment)>, <KeyAuditMatterTag(2993, 1262, impairment)>, <KeyAuditMatterTag(2994, 1262, inventories)>, <KeyAuditMatterTag(2995, 1262, valuation)>, <KeyAuditMatterTag(2996, 1263, assessment)>, <KeyAuditMatterTag(2997, 1263, impairment)>, <KeyAuditMatterTag(2998, 1263, recoverability)>, <KeyAuditMatterTag(2999, 1264, assessment)>, <KeyAuditMatterTag(3000, 1264, asset)>, <KeyAuditMatterTag(3001, 1264, goodwill)>, <KeyAuditMatterTag(3002, 1264, impairment)>]",https://www1.hkexnews.hk/listedco/listconews/gem/2020/0629/2020062900509.pdf
572,9326601,22/06/2020 16:37,8210,DLC ASIA,2020 ANNUAL REPORT,"Financial Statements/ESG Information - [Annual Report / Environmental, Social and Governance Information/Report]",1MB,"[<Auditor(547, 9326601, SHINEWING (HK) CPA Limited)>]","[<KeyAuditMatter(1315, 9326601 TO THE SHAREHOLDERS OF DLC ASIA LIMITED(A company incorporated in the Cayman Islands with limited liability))>, <KeyAuditMatter(1316, 9326601 KEY AUDIT MATTERS (CONTINUED)Valuation of trade receivables)>, <KeyAuditMatter(1317, 9326601 ECL)>]","[<KeyAuditMatterTag(3117, 1315, land)>, <KeyAuditMatterTag(3118, 1316, valuation)>, <KeyAuditMatterTag(3119, 1317, ecl)>]",https://www1.hkexnews.hk/listedco/listconews/gem/2020/0622/2020062200371.pdf
617,9292902,26/05/2020 16:51,1787,SD GOLD,2019 ANNUAL REPORT,"Financial Statements/ESG Information - [Annual Report / Environmental, Social and Governance Information/Report]",3MB,"[<Auditor(592, 9292902, SHINEWING (HK) CPA Limited)>]","[<KeyAuditMatter(1402, 9292902 Impairment assessment on property, plant and equipment and intangible assets)>, <KeyAuditMatter(1403, 9292902 Impairment assessment on goodwill)>, <KeyAuditMatter(1404, 9292902 Fair value measurement of financial assets and liabilities at fair value through profit or loss (FVTPL))>]","[<KeyAuditMatterTag(3356, 1402, assessment)>, <KeyAuditMatterTag(3357, 1402, asset)>, <KeyAuditMatterTag(3358, 1402, impairment)>, <KeyAuditMatterTag(3359, 1402, plant and equipment)>, <KeyAuditMatterTag(3360, 1402, property)>, <KeyAuditMatterTag(3361, 1403, assessment)>, <KeyAuditMatterTag(3362, 1403, goodwill)>, <KeyAuditMatterTag(3363, 1403, impairment)>, <KeyAuditMatterTag(3364, 1404, asset)>, <KeyAuditMatterTag(3365, 1404, fair)>, <KeyAuditMatterTag(3366, 1404, financial asset)>, <KeyAuditMatterTag(3367, 1404, measurement)>, <KeyAuditMatterTag(3368, 1404, value)>]",https://www1.hkexnews.hk/listedco/listconews/sehk/2020/0526/2020052600388.pdf
725,9279546,14/05/2020 16:34,377,HUAJUN INTL GP,ANNUAL REPORT 2019,Financial Statements/ESG Information - [Annual Report],6MB,"[<Auditor(698, 9279546, SHINEWING (HK) CPA Limited)>]","[<KeyAuditMatter(1675, 9279546 Valuation of investment properties)>, <KeyAuditMatter(1676, 9279546 Valuation of investment properties (Continued))>, <KeyAuditMatter(1677, 9279546 Valuation of properties held for sale)>, <KeyAuditMatter(1678, 9279546 Valuation of properties held for sale (Continued))>, <KeyAuditMatter(1679, 9279546 Impairment assessment of property, plant and equipment)>]","[<KeyAuditMatterTag(3988, 1675, investment)>, <KeyAuditMatterTag(3989, 1675, properties)>, <KeyAuditMatterTag(3990, 1675, valuation)>, <KeyAuditMatterTag(3991, 1676, investment)>, <KeyAuditMatterTag(3992, 1676, properties)>, <KeyAuditMatterTag(3993, 1676, valuation)>, <KeyAuditMatterTag(3994, 1677, properties)>, <KeyAuditMatterTag(3995, 1677, valuation)>, <KeyAuditMatterTag(3996, 1678, properties)>, <KeyAuditMatterTag(3997, 1678, valuation)>, <KeyAuditMatterTag(3998, 1679, assessment)>, <KeyAuditMatterTag(3999, 1679, impairment)>, <KeyAuditMatterTag(4000, 1679, plant and equipment)>, <KeyAuditMatterTag(4001, 1679, property)>]",https://www1.hkexnews.hk/listedco/listconews/sehk/2020/0514/2020051400515.pdf
751,9277899,13/05/2020 16:33,1563,IA FIN LEASING,2019 Annual Report,Financial Statements/ESG Information - [Annual Report],2MB,"[<Auditor(723, 9277899, SHINEWING (HK) CPA Limited)>]","[<KeyAuditMatter(1756, 9277899 (incorporated in the Cayman Island with limited liability))>, <KeyAuditMatter(1757, 9277899 (Continued)Expected credit loss provision of finance lease receivables)>]","[<KeyAuditMatterTag(4162, 1756, land)>, <KeyAuditMatterTag(4163, 1757, expected credit loss)>, <KeyAuditMatterTag(4164, 1757, provision)>]",https://www1.hkexnews.hk/listedco/listconews/sehk/2020/0513/2020051300339.pdf
774,9481210,22/10/2020 16:35,3708,CH SUPPLY CHAIN,Annual Report 2020,Financial Statements/ESG Information - [Annual Report],27MB,"[<Auditor(743, 9481210, SHINEWING (HK) CPA Limited)>]","[<KeyAuditMatter(1812, 9481210 (incorporated in the Cayman Islands with limited liability))>, <KeyAuditMatter(1813, 9481210 LOSS ALLOWANCE OF TRADE RECEIVABLES, DEPOSITS AND OTHER RECEIVABLES, CONTRACT ASSETS, LOAN AND INTEREST RECEIVABLE AND CONSIDERATION RECEIVABLE)>, <KeyAuditMatter(1814, 9481210 REVENUE RECOGNITION IN RESPECT OF BUILDING MAINTENANCE AND RENOVATION SERVICES)>]","[<KeyAuditMatterTag(4302, 1812, land)>, <KeyAuditMatterTag(4303, 1813, asset)>, <KeyAuditMatterTag(4304, 1814, recognition)>, <KeyAuditMatterTag(4305, 1814, revenue)>]",https://www1.hkexnews.hk/listedco/listconews/sehk/2020/1022/2020102200352.pdf
783,9263933,04/05/2020 16:48,2371,CL EDU FIN,Annual Report 2019,"Financial Statements/ESG Information - [Annual Report / Environmental, Social and Governance Information/Report]",2MB,"[<Auditor(752, 9263933, SHINEWING (HK) CPA Limited)>]","[<KeyAuditMatter(1837, 9263933 REVENUE RECOGNITION OF ONLINE TRAINING SERVICES)>, <KeyAuditMatter(1838, 9263933 IMPAIRMENT ASSESSMENT OF GOODWILL AND INTANGIBLE ASSETS)>, <KeyAuditMatter(1839, 9263933 VALUATION OF FINANCIAL ASSETS AT FAIR VALUE THROUGH OTHER COMPREHENSIVE INCOME)>]","[<KeyAuditMatterTag(4373, 1837, recognition)>, <KeyAuditMatterTag(4374, 1837, revenue)>, <KeyAuditMatterTag(4375, 1838, assessment)>, <KeyAuditMatterTag(4376, 1838, asset)>, <KeyAuditMatterTag(4377, 1838, goodwill)>, <KeyAuditMatterTag(4378, 1838, impairment)>, <KeyAuditMatterTag(4379, 1839, asset)>, <KeyAuditMatterTag(4380, 1839, fair)>, <KeyAuditMatterTag(4381, 1839, financial asset)>, <KeyAuditMatterTag(4382, 1839, income)>, <KeyAuditMatterTag(4383, 1839, valuation)>, <KeyAuditMatterTag(4384, 1839, value)>]",https://www1.hkexnews.hk/listedco/listconews/sehk/2020/0504/2020050401948.pdf
885,9258642,29/04/2020 12:22,96,YUSEI,2019 Annual Report,Financial Statements/ESG Information - [Annual Report],2MB,"[<Auditor(840, 9258642, SHINEWING (HK) CPA Limited)>]",[],[],https://www1.hkexnews.hk/listedco/listconews/sehk/2020/0429/2020042900627.pdf
912,9257965,29/04/2020 06:11,400,COGOBUY,ANNUAL REPORT 2019,"Financial Statements/ESG Information - [Annual Report / Environmental, Social and Governance Information/Report]",4MB,"[<Auditor(867, 9257965, SHINEWING (HK) CPA Limited)>]","[<KeyAuditMatter(2050, 9257965 TO THE SHAREHOLDERS OF COGOBUY GROUP(incorporated in the Cayman Islands with limited liability))>, <KeyAuditMatter(2051, 9257965 Fair value determination of the identifiable assets and liabilities assumed through acquisition)>, <KeyAuditMatter(2052, 9257965 Business Combinations, )>, <KeyAuditMatter(2053, 9257965 Impairment of intangible assets and goodwill)>, <KeyAuditMatter(2054, 9257965 Allowance for inventories)>, <KeyAuditMatter(2055, 9257965 Fair value determination of financial assets at fair value through other comprehensive income)>]","[<KeyAuditMatterTag(4864, 2050, land)>, <KeyAuditMatterTag(4865, 2051, acquisition)>, <KeyAuditMatterTag(4866, 2051, asset)>, <KeyAuditMatterTag(4867, 2051, fair)>, <KeyAuditMatterTag(4868, 2051, value)>, <KeyAuditMatterTag(4869, 2052, business combination)>, <KeyAuditMatterTag(4870, 2053, asset)>, <KeyAuditMatterTag(4871, 2053, goodwill)>, <KeyAuditMatterTag(4872, 2053, impairment)>, <KeyAuditMatterTag(4873, 2054, inventories)>, <KeyAuditMatterTag(4874, 2055, asset)>, <KeyAuditMatterTag(4875, 2055, fair)>, <KeyAuditMatterTag(4876, 2055, financial asset)>, <KeyAuditMatterTag(4877, 2055, income)>, <KeyAuditMatterTag(4878, 2055, value)>]",https://www1.hkexnews.hk/listedco/listconews/sehk/2020/0429/2020042900027.pdf
978,9256393,28/04/2020 17:36,861,DC HOLDINGS,2019 ANNUAL REPORT,Financial Statements/ESG Information - [Annual Report],5MB,"[<Auditor(932, 9256393, SHINEWING (HK) CPA Limited)>]","[<KeyAuditMatter(2195, 9256393 IMPAIRMENT ASSESSMENT OF GOODWILL)>, <KeyAuditMatter(2196, 9256393 ESTIMATE OF EXPECTED CREDIT LOSSES (ECL) OF ACCOUNTS AND BILLS RECEIVABLES)>, <KeyAuditMatter(2197, 9256393 REVENUE RECOGNITION FROM CONTRACTS WITH CUSTOMERS)>, <KeyAuditMatter(2198, 9256393 VALUATION OF FINANCIAL ASSETS AT FAIR VALUE THROUGH PROFIT OR LOSS AND AT FAIR VALUE THROUGH OTHER COMPREHENSIVE INCOME)>, <KeyAuditMatter(2199, 9256393 VALUATION OF INVESTMENT PROPERTIES)>]","[<KeyAuditMatterTag(5177, 2195, assessment)>, <KeyAuditMatterTag(5178, 2195, goodwill)>, <KeyAuditMatterTag(5179, 2195, impairment)>, <KeyAuditMatterTag(5180, 2196, ecl)>, <KeyAuditMatterTag(5181, 2196, expected credit loss)>, <KeyAuditMatterTag(5182, 2197, contracts)>, <KeyAuditMatterTag(5183, 2197, recognition)>, <KeyAuditMatterTag(5184, 2197, revenue)>, <KeyAuditMatterTag(5185, 2198, asset)>, <KeyAuditMatterTag(5186, 2198, fair)>, <KeyAuditMatterTag(5187, 2198, financial asset)>, <KeyAuditMatterTag(5188, 2198, income)>, <KeyAuditMatterTag(5189, 2198, valuation)>, <KeyAuditMatterTag(5190, 2198, value)>, <KeyAuditMatterTag(5191, 2199, investment)>, <KeyAuditMatterTag(5192, 2199, properties)>, <KeyAuditMatterTag(5193, 2199, valuation)>]",https://www1.hkexnews.hk/listedco/listconews/sehk/2020/0428/2020042802039.pdf
1078,9255186,28/04/2020 16:37,2203,BRAINHOLE TECH,ANNUAL REPORT 2019,"Financial Statements/ESG Information - [Annual Report / Environmental, Social and Governance Information/Report]",6MB,"[<Auditor(1031, 9255186, SHINEWING (HK) CPA Limited)>]","[<KeyAuditMatter(2426, 9255186 KEY AUDIT MATTERS Provision of expected credit loss (the ECL) for trade receivables and contract assets)>, <KeyAuditMatter(2427, 9255186 KEY AUDIT MATTERS Revenue recognition on broadband infrastructure construction services)>]","[<KeyAuditMatterTag(5737, 2426, asset)>, <KeyAuditMatterTag(5738, 2426, ecl)>, <KeyAuditMatterTag(5739, 2426, expected credit loss)>, <KeyAuditMatterTag(5740, 2426, provision)>, <KeyAuditMatterTag(5741, 2427, recognition)>, <KeyAuditMatterTag(5742, 2427, revenue)>]",https://www1.hkexnews.hk/listedco/listconews/sehk/2020/0428/2020042800834.pdf
1095,9255092,28/04/2020 16:31,844,GREATIME INTL,Annual Report 2019,Financial Statements/ESG Information - [Annual Report],2MB,"[<Auditor(1047, 9255092, SHINEWING (HK) CPA Limited)>]",[],[],https://www1.hkexnews.hk/listedco/listconews/sehk/2020/0428/2020042800740.pdf
1119,9254549,28/04/2020 08:00,1338,BAWANG GROUP,Annual Report 2019,Financial Statements/ESG Information - [Annual Report],7MB,"[<Auditor(1069, 9254549, SHINEWING (HK) CPA Limited)>]","[<KeyAuditMatter(2515, 9254549 Impairment of trade receivables)>, <KeyAuditMatter(2516, 9254549 Allowance of inventories)>, <KeyAuditMatter(2517, 9254549 Impairment on property, plant and equipment and right-of-use assets)>]","[<KeyAuditMatterTag(5959, 2515, impairment)>, <KeyAuditMatterTag(5960, 2516, inventories)>, <KeyAuditMatterTag(5961, 2517, asset)>, <KeyAuditMatterTag(5962, 2517, impairment)>, <KeyAuditMatterTag(5963, 2517, plant and equipment)>, <KeyAuditMatterTag(5964, 2517, property)>, <KeyAuditMatterTag(5965, 2517, right)>]",https://www1.hkexnews.hk/listedco/listconews/sehk/2020/0428/2020042800167.pdf
1186,9253197,27/04/2020 17:42,361,SINO GOLF HOLD,Annual Report 2019,Financial Statements/ESG Information - [Annual Report],3MB,"[<Auditor(1135, 9253197, SHINEWING (HK) CPA Limited)>]","[<KeyAuditMatter(2674, 9253197 Impairment of property, plant and equipment and right-of-use assets of land)>, <KeyAuditMatter(2675, 9253197 Carrying amount of inventories)>]","[<KeyAuditMatterTag(6334, 2674, asset)>, <KeyAuditMatterTag(6335, 2674, impairment)>, <KeyAuditMatterTag(6336, 2674, land)>, <KeyAuditMatterTag(6337, 2674, plant and equipment)>, <KeyAuditMatterTag(6338, 2674, property)>, <KeyAuditMatterTag(6339, 2674, right)>, <KeyAuditMatterTag(6340, 2675, inventories)>]",https://www1.hkexnews.hk/listedco/listconews/sehk/2020/0427/2020042701625.pdf
1202,9252940,27/04/2020 17:15,953,SHAW BROTHERS,ANNUAL REPORT 2019,"Financial Statements/ESG Information - [Annual Report / Environmental, Social and Governance Information/Report]",7MB,"[<Auditor(1151, 9252940, SHINEWING (HK) CPA Limited)>]","[<KeyAuditMatter(2709, 9252940 IMPAIRMENT OF INVESTMENTS IN FILMS, DRAMA AND NON-DRAMA AND PRODUCTION IN PROGRESS)>]","[<KeyAuditMatterTag(6411, 2709, film)>, <KeyAuditMatterTag(6412, 2709, impairment)>, <KeyAuditMatterTag(6413, 2709, investment)>]",https://www1.hkexnews.hk/listedco/listconews/sehk/2020/0427/2020042701375.pdf
1256,9252330,27/04/2020 16:38,2188,TITANS ENERGY,ANNUAL REPORT 2019,"Financial Statements/ESG Information - [Annual Report / Environmental, Social and Governance Information/Report]",1MB,"[<Auditor(1204, 9252330, SHINEWING (HK) CPA Limited)>]","[<KeyAuditMatter(2839, 9252330 Valuation of inventories)>, <KeyAuditMatter(2840, 9252330 Valuation and impairment of trade receivables)>, <KeyAuditMatter(2841, 9252330 Valuation of the investments in unlisted equity securities included in financial assets at fair value through other comprehensive income)>, <KeyAuditMatter(2842, 9252330 Charging services concession rights)>, <KeyAuditMatter(2843, 9252330 Valuation and impairment of loan receivables)>]","[<KeyAuditMatterTag(6715, 2839, inventories)>, <KeyAuditMatterTag(6716, 2839, valuation)>, <KeyAuditMatterTag(6717, 2840, impairment)>, <KeyAuditMatterTag(6718, 2840, valuation)>, <KeyAuditMatterTag(6719, 2841, asset)>, <KeyAuditMatterTag(6720, 2841, fair)>, <KeyAuditMatterTag(6721, 2841, financial asset)>, <KeyAuditMatterTag(6722, 2841, income)>, <KeyAuditMatterTag(6723, 2841, investment)>, <KeyAuditMatterTag(6724, 2841, valuation)>, <KeyAuditMatterTag(6725, 2841, value)>, <KeyAuditMatterTag(6726, 2842, right)>, <KeyAuditMatterTag(6727, 2843, impairment)>, <KeyAuditMatterTag(6728, 2843, valuation)>]",https://www1.hkexnews.hk/listedco/listconews/sehk/2020/0427/2020042700765.pdf
1280,9252182,27/04/2020 16:30,1164,CGN MINING,Annual Report 2019,Financial Statements/ESG Information - [Annual Report],2MB,"[<Auditor(1228, 9252182, SHINEWING (HK) CPA Limited)>]","[<KeyAuditMatter(2909, 9252182 IMPAIRMENT ASSESSMENT ON THE INTEREST IN AN ASSOCIATE)>, <KeyAuditMatter(2910, 9252182 IMPAIRMENT ASSESSMENT ON THE INTEREST IN A JOINT VENTURE)>]","[<KeyAuditMatterTag(6875, 2909, assessment)>, <KeyAuditMatterTag(6876, 2909, associate)>, <KeyAuditMatterTag(6877, 2909, impairment)>, <KeyAuditMatterTag(6878, 2910, assessment)>, <KeyAuditMatterTag(6879, 2910, impairment)>]",https://www1.hkexnews.hk/listedco/listconews/sehk/2020/0427/2020042700617.pdf
1282,9252176,27/04/2020 16:30,991,DATANG POWER,2019 Annual Report,Financial Statements/ESG Information - [Annual Report],5MB,"[<Auditor(1230, 9252176, SHINEWING (HK) CPA Limited)>]",[],[],https://www1.hkexnews.hk/listedco/listconews/sehk/2020/0427/2020042700611.pdf
1314,9251498,26/04/2020 18:17,8211,ZHEJIANG YONGAN,Annual Report 2019,Financial Statements/ESG Information - [Annual Report],1MB,"[<Auditor(1261, 9251498, SHINEWING (HK) CPA Limited)>]","[<KeyAuditMatter(2962, 9251498 VALUATION AND IMPAIRMENT ASSESSMENT OF INVENTORIES)>, <KeyAuditMatter(2963, 9251498 RECOVERABILITY AND IMPAIRMENT ASSESSMENT OF TRADE RECEIVABLES)>, <KeyAuditMatter(2964, 9251498 INTERESTS IN ASSOCIATES)>, <KeyAuditMatter(2965, 9251498 IMPAIRMENT ASSESSMENT OF INTERESTS IN ASSOCIATES)>]","[<KeyAuditMatterTag(7017, 2962, assessment)>, <KeyAuditMatterTag(7018, 2962, impairment)>, <KeyAuditMatterTag(7019, 2962, inventories)>, <KeyAuditMatterTag(7020, 2962, valuation)>, <KeyAuditMatterTag(7021, 2963, assessment)>, <KeyAuditMatterTag(7022, 2963, impairment)>, <KeyAuditMatterTag(7023, 2963, recoverability)>, <KeyAuditMatterTag(7024, 2964, associate)>, <KeyAuditMatterTag(7025, 2965, assessment)>, <KeyAuditMatterTag(7026, 2965, associate)>, <KeyAuditMatterTag(7027, 2965, impairment)>]",https://www1.hkexnews.hk/listedco/listconews/gem/2020/0426/2020042600039.pdf
1494,9247454,23/04/2020 17:25,724,RUIXIN INT'L,Annual Report 2019,"Financial Statements/ESG Information - [Annual Report / Environmental, Social and Governance Information/Report]",4MB,"[<Auditor(1433, 9247454, SHINEWING (HK) CPA Limited)>]",[],[],https://www1.hkexnews.hk/listedco/listconews/sehk/2020/0423/2020042301261.pdf
1530,9246996,23/04/2020 16:51,821,VC HOLDINGS,ANNUAL REPORT 2019,Financial Statements/ESG Information - [Annual Report],2MB,"[<Auditor(1468, 9246996, SHINEWING (HK) CPA Limited)>]","[<KeyAuditMatter(3456, 9246996 VALUE CONVERGENCE HOLDINGS LIMITED Annual Report 2019 )>, <KeyAuditMatter(3457, 9246996 VALUE CONVERGENCE HOLDINGS LIMITED 107Annual Report 2019 )>, <KeyAuditMatter(3458, 9246996 KEY AUDIT MATTERS (continued)Impairment allowance on accounts receivable from money lending services)>, <KeyAuditMatter(3459, 9246996 VALUE CONVERGENCE HOLDINGS LIMITED Annual Report 2019 )>, <KeyAuditMatter(3460, 9246996 KEY AUDIT MATTERS (continued)Impairment allowance on accounts receivable from money lending services (continued))>, <KeyAuditMatter(3461, 9246996 VALUE CONVERGENCE HOLDINGS LIMITED 109Annual Report 2019 )>, <KeyAuditMatter(3462, 9246996 KEY AUDIT MATTERS (continued)Valuation of financial assets at fair value through other comprehensive income)>, <KeyAuditMatter(3463, 9246996 VALUE CONVERGENCE HOLDINGS LIMITED Annual Report 2019 )>, <KeyAuditMatter(3464, 9246996 KEY AUDIT MATTERS (continued)Valuation of convertible bonds under financial assets at fair value through profit and loss)>]","[<KeyAuditMatterTag(8129, 3456, value)>, <KeyAuditMatterTag(8130, 3457, value)>, <KeyAuditMatterTag(8131, 3458, impairment)>, <KeyAuditMatterTag(8132, 3459, value)>, <KeyAuditMatterTag(8133, 3460, impairment)>, <KeyAuditMatterTag(8134, 3461, value)>, <KeyAuditMatterTag(8135, 3462, asset)>, <KeyAuditMatterTag(8136, 3462, fair)>, <KeyAuditMatterTag(8137, 3462, financial asset)>, <KeyAuditMatterTag(8138, 3462, income)>, <KeyAuditMatterTag(8139, 3462, valuation)>, <KeyAuditMatterTag(8140, 3462, value)>, <KeyAuditMatterTag(8141, 3463, value)>, <KeyAuditMatterTag(8142, 3464, asset)>, <KeyAuditMatterTag(8143, 3464, fair)>, <KeyAuditMatterTag(8144, 3464, financial asset)>, <KeyAuditMatterTag(8145, 3464, valuation)>, <KeyAuditMatterTag(8146, 3464, value)>]",https://www1.hkexnews.hk/listedco/listconews/sehk/2020/0423/2020042300803.pdf
1604,9245606,22/04/2020 18:48,1171,YANZHOU COAL,Annual Report 2019,Financial Statements/ESG Information - [Annual Report],2MB,"[<Auditor(1538, 9245606, SHINEWING (HK) CPA Limited)>]","[<KeyAuditMatter(3605, 9245606 TO THE SHAREHOLDERS OF YANZHOU COAL MINING COMPANY LIMITED(A joint stock company with limited liability established in the Peoples Republic of China))>, <KeyAuditMatter(3606, 9245606 IMPAIRMENT OF INTANGIBLE ASSETS)>, <KeyAuditMatter(3607, 9245606 IMPAIRMENT OF PROPERTY, PLANT AND EQUIPMENT)>, <KeyAuditMatter(3608, 9245606 IMPAIRMENT ASSESSMENT ON GOODWILL)>]","[<KeyAuditMatterTag(8479, 3605, mining)>, <KeyAuditMatterTag(8480, 3606, asset)>, <KeyAuditMatterTag(8481, 3606, impairment)>, <KeyAuditMatterTag(8482, 3607, impairment)>, <KeyAuditMatterTag(8483, 3607, plant and equipment)>, <KeyAuditMatterTag(8484, 3607, property)>, <KeyAuditMatterTag(8485, 3608, assessment)>, <KeyAuditMatterTag(8486, 3608, goodwill)>, <KeyAuditMatterTag(8487, 3608, impairment)>]",https://www1.hkexnews.hk/listedco/listconews/sehk/2020/0422/2020042201328.pdf
1606,9245600,22/04/2020 18:46,974,SKL,Annual Report 2019,"Financial Statements/ESG Information - [Annual Report / Environmental, Social and Governance Information/Report]",4MB,"[<Auditor(1540, 9245600, SHINEWING (HK) CPA Limited)>]","[<KeyAuditMatter(3610, 9245600 Impairment test on retail outlet operation cash generating units)>, <KeyAuditMatter(3611, 9245600 Valuation of trade receivables)>]","[<KeyAuditMatterTag(8490, 3610, impairment)>, <KeyAuditMatterTag(8491, 3611, valuation)>]",https://www1.hkexnews.hk/listedco/listconews/sehk/2020/0422/2020042201322.pdf
1625,9245107,22/04/2020 17:05,1401,SPROCOMM INTEL,ANNUAL REPORT 2019,"Financial Statements/ESG Information - [Annual Report / Environmental, Social and Governance Information/Report]",9MB,"[<Auditor(1558, 9245107, SHINEWING (HK) CPA Limited)>]","[<KeyAuditMatter(3649, 9245107 Expected credit loss (ECL) of trade and bills receivables)>, <KeyAuditMatter(3650, 9245107 ECL)>, <KeyAuditMatter(3651, 9245107 Valuation on inventories)>]","[<KeyAuditMatterTag(8588, 3649, ecl)>, <KeyAuditMatterTag(8589, 3649, expected credit loss)>, <KeyAuditMatterTag(8590, 3650, ecl)>, <KeyAuditMatterTag(8591, 3651, inventories)>, <KeyAuditMatterTag(8592, 3651, valuation)>]",https://www1.hkexnews.hk/listedco/listconews/sehk/2020/0422/2020042200833.pdf
1730,9242874,21/04/2020 11:55,1639,AKM INDUSTRIAL,Annual Report 2019,"Financial Statements/ESG Information - [Annual Report / Environmental, Social and Governance Information/Report]",3MB,"[<Auditor(1662, 9242874, SHINEWING (HK) CPA Limited)>]","[<KeyAuditMatter(3854, 9242874 Allowances for inventories)>, <KeyAuditMatter(3855, 9242874 Allowances for inventories )>]","[<KeyAuditMatterTag(9127, 3854, inventories)>, <KeyAuditMatterTag(9128, 3855, inventories)>]",https://www1.hkexnews.hk/listedco/listconews/sehk/2020/0421/2020042100247.pdf
1774,9241359,20/04/2020 16:56,1378,CHINAHONGQIAO,2019 Annual Report,Financial Statements/ESG Information - [Annual Report],2MB,"[<Auditor(1706, 9241359, SHINEWING (HK) CPA Limited)>]","[<KeyAuditMatter(3956, 9241359 ESTIMATED ALLOWANCE ON INVENTORIES)>, <KeyAuditMatter(3957, 9241359 IMPAIRMENT ASSESSMENT OF GOODWILL)>, <KeyAuditMatter(3958, 9241359 IMPAIRMENT ASSESSMENT OF PROPERTY, PLANT AND EQUIPMENT)>, <KeyAuditMatter(3959, 9241359 IMPAIRMENT ASSESSMENT OF INTEREST IN AN ASSOCIATE)>, <KeyAuditMatter(3960, 9241359 IMPAIRMENT ASSESSMENT OF LOAN TO AN ASSOCIATE)>]","[<KeyAuditMatterTag(9355, 3956, inventories)>, <KeyAuditMatterTag(9356, 3957, assessment)>, <KeyAuditMatterTag(9357, 3957, goodwill)>, <KeyAuditMatterTag(9358, 3957, impairment)>, <KeyAuditMatterTag(9359, 3958, assessment)>, <KeyAuditMatterTag(9360, 3958, impairment)>, <KeyAuditMatterTag(9361, 3958, plant and equipment)>, <KeyAuditMatterTag(9362, 3958, property)>, <KeyAuditMatterTag(9363, 3959, assessment)>, <KeyAuditMatterTag(9364, 3959, associate)>, <KeyAuditMatterTag(9365, 3959, impairment)>, <KeyAuditMatterTag(9366, 3960, assessment)>, <KeyAuditMatterTag(9367, 3960, associate)>, <KeyAuditMatterTag(9368, 3960, impairment)>]",https://www1.hkexnews.hk/listedco/listconews/sehk/2020/0420/2020042000560.pdf
1793,9241128,20/04/2020 16:33,2357,AVICHINA,2019 Annual Report,"Financial Statements/ESG Information - [Annual Report / Environmental, Social and Governance Information/Report]",2MB,"[<Auditor(1725, 9241128, SHINEWING (HK) CPA Limited)>]","[<KeyAuditMatter(4003, 9241128 Expected credit loss (ECL) of accounts receivables)>, <KeyAuditMatter(4004, 9241128 Revenue recognition for construction contracts (input method))>, <KeyAuditMatter(4005, 9241128 Impairment of inventories)>]","[<KeyAuditMatterTag(9460, 4003, ecl)>, <KeyAuditMatterTag(9461, 4003, expected credit loss)>, <KeyAuditMatterTag(9462, 4004, contracts)>, <KeyAuditMatterTag(9463, 4004, recognition)>, <KeyAuditMatterTag(9464, 4004, revenue)>, <KeyAuditMatterTag(9465, 4005, impairment)>, <KeyAuditMatterTag(9466, 4005, inventories)>]",https://www1.hkexnews.hk/listedco/listconews/sehk/2020/0420/2020042000329.pdf
1811,9240370,17/04/2020 21:47,2139,BANK OF GANSU,ANNUAL REPORT 2019,Financial Statements/ESG Information - [Annual Report],2MB,"[<Auditor(1742, 9240370, SHINEWING (HK) CPA Limited)>]","[<KeyAuditMatter(4034, 9240370 Expected credit losses of loans and advances to customers)>, <KeyAuditMatter(4035, 9240370 Valuation of financial instruments)>]","[<KeyAuditMatterTag(9530, 4034, expected credit loss)>, <KeyAuditMatterTag(9531, 4035, valuation)>]",https://www1.hkexnews.hk/listedco/listconews/sehk/2020/0417/2020041701682.pdf
1841,9239334,17/04/2020 16:47,1305,WAI CHI HOLD,2019 Annual Report,"Financial Statements/ESG Information - [Annual Report / Environmental, Social and Governance Information/Report]",5MB,"[<Auditor(1772, 9239334, SHINEWING (HK) CPA Limited)>]","[<KeyAuditMatter(4126, 9239334 Valuation of inventories)>, <KeyAuditMatter(4127, 9239334 KEY AUDIT MATTERS (continued)Valuation of trade receivables)>]","[<KeyAuditMatterTag(9713, 4126, inventories)>, <KeyAuditMatterTag(9714, 4126, valuation)>, <KeyAuditMatterTag(9715, 4127, valuation)>]",https://www1.hkexnews.hk/listedco/listconews/sehk/2020/0417/2020041700692.pdf
2018,9231468,09/04/2020 16:30,2698,WEIQIAO TEXTILE,Annual Report 2019,"Financial Statements/ESG Information - [Annual Report / Environmental, Social and Governance Information/Report]",2MB,"[<Auditor(1941, 9231468, SHINEWING (HK) CPA Limited)>]","[<KeyAuditMatter(4518, 9231468 Valuation of property, plant and equipment, right-of-use assets and investment properties)>, <KeyAuditMatter(4519, 9231468 Valuation of inventories)>]","[<KeyAuditMatterTag(10611, 4518, asset)>, <KeyAuditMatterTag(10612, 4518, investment)>, <KeyAuditMatterTag(10613, 4518, plant and equipment)>, <KeyAuditMatterTag(10614, 4518, properties)>, <KeyAuditMatterTag(10615, 4518, property)>, <KeyAuditMatterTag(10616, 4518, right)>, <KeyAuditMatterTag(10617, 4518, valuation)>, <KeyAuditMatterTag(10618, 4519, inventories)>, <KeyAuditMatterTag(10619, 4519, valuation)>]",https://www1.hkexnews.hk/listedco/listconews/sehk/2020/0409/2020040900346.pdf
2051,9229619,08/04/2020 16:30,3838,CHINA STARCH,Annual Report 2019,"Financial Statements/ESG Information - [Annual Report / Environmental, Social and Governance Information/Report]",3MB,"[<Auditor(1971, 9229619, SHINEWING (HK) CPA Limited)>]","[<KeyAuditMatter(4580, 9229619 TO THE SHAREHOLDERS OF CHINA STARCH HOLDINGS LIMITED(incorporated in the Cayman Islands with limited liability))>, <KeyAuditMatter(4581, 9229619 Valuation of property, plant and equipment)>, <KeyAuditMatter(4582, 9229619 Impairment assessment of trade receivables)>]","[<KeyAuditMatterTag(10759, 4580, land)>, <KeyAuditMatterTag(10760, 4581, plant and equipment)>, <KeyAuditMatterTag(10761, 4581, property)>, <KeyAuditMatterTag(10762, 4581, valuation)>, <KeyAuditMatterTag(10763, 4582, assessment)>, <KeyAuditMatterTag(10764, 4582, impairment)>]",https://www1.hkexnews.hk/listedco/listconews/sehk/2020/0408/2020040800255.pdf
2161,9213071,31/03/2020 14:02,8281,CH GOLD CLASSIC,(REVISED) Annual Report 2019,Financial Statements/ESG Information - [Annual Report],5MB,"[<Auditor(2076, 9213071, SHINEWING (HK) CPA Limited)>]","[<KeyAuditMatter(4826, 9213071 TO THE MEMBERS OF CHINA GOLDEN CLASSIC GROUP LIMITED(incorporated in the Cayman Islands with limited liability))>, <KeyAuditMatter(4827, 9213071 VALUATION OF INVENTORIES)>, <KeyAuditMatter(4828, 9213071 RECOVERABILITY OF TRADE RECEIVABLES)>]","[<KeyAuditMatterTag(11322, 4826, land)>, <KeyAuditMatterTag(11323, 4827, inventories)>, <KeyAuditMatterTag(11324, 4827, valuation)>, <KeyAuditMatterTag(11325, 4828, recoverability)>]",https://www1.hkexnews.hk/listedco/listconews/gem/2020/0331/2020033100745.pdf
2175,9211298,30/03/2020 21:21,8281,CH GOLD CLASSIC,Annual Report 2019,(Cancelled and Reissued) Financial Statements/ESG Information - [Annual Report],4MB,"[<Auditor(2089, 9211298, SHINEWING (HK) CPA Limited)>]","[<KeyAuditMatter(4864, 9211298 TO THE MEMBERS OF CHINA GOLDEN CLASSIC GROUP LIMITED(incorporated in the Cayman Islands with limited liability))>, <KeyAuditMatter(4865, 9211298 VALUATION OF INVENTORIES)>, <KeyAuditMatter(4866, 9211298 RECOVERABILITY OF TRADE RECEIVABLES)>]","[<KeyAuditMatterTag(11412, 4864, land)>, <KeyAuditMatterTag(11413, 4865, inventories)>, <KeyAuditMatterTag(11414, 4865, valuation)>, <KeyAuditMatterTag(11415, 4866, recoverability)>]",https://www1.hkexnews.hk/listedco/listconews/gem/2020/0330/2020033002105.pdf
2179,9210844,30/03/2020 20:02,8106,SHENGHUA LANDE,ANNUAL REPORT 2019,Financial Statements/ESG Information - [Annual Report],1MB,"[<Auditor(2092, 9210844, SHINEWING (HK) CPA Limited)>]","[<KeyAuditMatter(4872, 9210844 TO THE MEMBERS OF SHENGHUA LANDE SCITECH LIMITED)>, <KeyAuditMatter(4873, 9210844 Impairment assessment of trade receivables)>]","[<KeyAuditMatterTag(11428, 4872, land)>, <KeyAuditMatterTag(11429, 4873, assessment)>, <KeyAuditMatterTag(11430, 4873, impairment)>]",https://www1.hkexnews.hk/listedco/listconews/gem/2020/0330/2020033001429.pdf
2260,9206126,27/03/2020 16:36,8235,CCID CONSULTING,ANNUAL REPORT 2019,"Financial Statements/ESG Information - [Annual Report / Environmental, Social and Governance Information/Report]",3MB,"[<Auditor(2172, 9206126, SHINEWING (HK) CPA Limited)>]","[<KeyAuditMatter(5048, 9206126 REVENUE RECOGNITION)>, <KeyAuditMatter(5049, 9206126 VALUATION OF ACCOUNTS RECEIVABLES)>]","[<KeyAuditMatterTag(11773, 5048, recognition)>, <KeyAuditMatterTag(11774, 5048, revenue)>, <KeyAuditMatterTag(11775, 5049, valuation)>]",https://www1.hkexnews.hk/listedco/listconews/gem/2020/0327/2020032700583.pdf
2283,9203568,26/03/2020 07:50,8521,ST INTL HLDGS,ANNUAL REPORT 2019,"Financial Statements/ESG Information - [Environmental, Social and Governance Information/Report / Annual Report]",3MB,"[<Auditor(2195, 9203568, SHINEWING (HK) CPA Limited)>]","[<KeyAuditMatter(5095, 9203568 Valuation of inventories)>, <KeyAuditMatter(5096, 9203568 Recoverability of trade receivables)>]","[<KeyAuditMatterTag(11873, 5095, inventories)>, <KeyAuditMatterTag(11874, 5095, valuation)>, <KeyAuditMatterTag(11875, 5096, recoverability)>]",https://www1.hkexnews.hk/listedco/listconews/gem/2020/0326/2020032600201.pdf
2390,9079125,27/11/2019 22:54,8013,ECI TECH,Annual Report 2019,"Financial Statements/ESG Information - [Annual Report / Environmental, Social and Governance Information/Report]",6MB,"[<Auditor(2292, 9079125, SHINEWING (HK) CPA Limited)>]","[<KeyAuditMatter(5300, 9079125 Revenue recognition)>, <KeyAuditMatter(5301, 9079125 Revenue from Contracts with Customers.)>, <KeyAuditMatter(5302, 9079125 (continued)Recoverability of trade receivables and contract assets)>]","[<KeyAuditMatterTag(12296, 5300, recognition)>, <KeyAuditMatterTag(12297, 5300, revenue)>, <KeyAuditMatterTag(12298, 5301, contracts)>, <KeyAuditMatterTag(12299, 5301, revenue)>, <KeyAuditMatterTag(12300, 5302, asset)>, <KeyAuditMatterTag(12301, 5302, recoverability)>]",https://www1.hkexnews.hk/listedco/listconews/gem/2019/1127/2019112701480.pdf
2398,9068261,14/11/2019 17:36,122,CROCODILE,Annual Report 2018-2019,"Financial Statements/ESG Information - [Annual Report / Environmental, Social and Governance Information/Report]",6MB,"[<Auditor(2300, 9068261, SHINEWING (HK) CPA Limited)>]","[<KeyAuditMatter(5328, 9068261 Valuation for inventories)>, <KeyAuditMatter(5329, 9068261 Valuation of investment properties)>]","[<KeyAuditMatterTag(12392, 5328, inventories)>, <KeyAuditMatterTag(12393, 5328, valuation)>, <KeyAuditMatterTag(12394, 5329, investment)>, <KeyAuditMatterTag(12395, 5329, properties)>, <KeyAuditMatterTag(12396, 5329, valuation)>]",https://www1.hkexnews.hk/listedco/listconews/sehk/2019/1114/2019111401066.pdf
2445,9364447,21/07/2020 17:21,6080,WING CHI HLDGS,ANNUAL REPORT 2020,Financial Statements/ESG Information - [Annual Report],2MB,"[<Auditor(2346, 9364447, SHINEWING (HK) CPA Limited)>]","[<KeyAuditMatter(5435, 9364447 WING CHI HOLDINGS LIMITED(incorporated in the Cayman Islands with limited liability))>, <KeyAuditMatter(5436, 9364447 Accounting for construction contracts)>, <KeyAuditMatter(5437, 9364447 Impairment of trade receivables and contract assets)>, <KeyAuditMatter(5438, 9364447 ECL)>]","[<KeyAuditMatterTag(12664, 5435, land)>, <KeyAuditMatterTag(12665, 5436, contracts)>, <KeyAuditMatterTag(12666, 5437, asset)>, <KeyAuditMatterTag(12667, 5437, impairment)>, <KeyAuditMatterTag(12668, 5438, ecl)>]",https://www1.hkexnews.hk/listedco/listconews/sehk/2020/0721/2020072100787.pdf
723,9279586,14/05/2020 16:36,895,DONGJIANG ENV,Annual Report 2019,Financial Statements/ESG Information - [Annual Report],4MB,"[<Auditor(696, 9279586, ShineWing)>]","[<KeyAuditMatter(1670, 9279586 Revenue Recognition)>, <KeyAuditMatter(1671, 9279586 Assessment on impairment of accounts receivable)>, <KeyAuditMatter(1672, 9279586 Assessment on impairment of goodwill)>]","[<KeyAuditMatterTag(3977, 1670, recognition)>, <KeyAuditMatterTag(3978, 1670, revenue)>, <KeyAuditMatterTag(3979, 1671, assessment)>, <KeyAuditMatterTag(3980, 1671, impairment)>, <KeyAuditMatterTag(3981, 1672, assessment)>, <KeyAuditMatterTag(3982, 1672, goodwill)>, <KeyAuditMatterTag(3983, 1672, impairment)>]",https://www1.hkexnews.hk/listedco/listconews/sehk/2020/0514/2020051400555.pdf
2142,9213623,31/03/2020 17:39,8205,JIAODA WITHUB,Annual Report 2019,"Financial Statements/ESG Information - [Annual Report / Environmental, Social and Governance Information/Report]",2MB,"[<Auditor(2057, 9213623, ShineWing)>]","[<KeyAuditMatter(4799, 9213623 (I) Revenue)>]","[<KeyAuditMatterTag(11254, 4799, revenue)>]",https://www1.hkexnews.hk/listedco/listconews/gem/2020/0331/2020033101212.pdf
1270,9252224,27/04/2020 16:32,3668,YANCOAL AUS,Annual Report 2019,Financial Statements/ESG Information - [Annual Report],10MB,"[<Auditor(1218, 9252224, ShineWing Australia)>]","[<KeyAuditMatter(2875, 9252224 significant accounting policies and other explanatory information, and the directors declaration)>, <KeyAuditMatter(2876, 9252224 Corporations Act 2001giving a true and fair view of the Groups financial position as at 31 December 2019 and of its performance )>, <KeyAuditMatter(2877, 9252224 Impairment of interest-bearing loan to Watagan Mining Company Pty Ltd (Watagan)(cid:120))>, <KeyAuditMatter(2878, 9252224 Accounting for an associate - Watagan(cid:120))>, <KeyAuditMatter(2879, 9252224 Investments in Associates and Joint Ventures(cid:120)Evaluating managements key valuation )>, <KeyAuditMatter(2880, 9252224 Watagan consolidation assessment (cid:120)Consolidated Financial Statements)>, <KeyAuditMatter(2881, 9252224 Impairment of non-current assets  (cid:120)Assessing the determination of the Groups A substantial portion of the value of the Groups non(cid:120))>, <KeyAuditMatter(2882, 9252224 Impairment of AssetsFinancial Instruments(cid:120))>, <KeyAuditMatter(2883, 9252224 (cid:120)Assessing the Groups impairment disclosures.)>, <KeyAuditMatter(2884, 9252224 Taxation  (cid:120))>, <KeyAuditMatter(2885, 9252224 (cid:120)(cid:120)estimates its tax liabilities based on the Groups interpretation of (cid:120)(cid:120)(cid:120)Assessing the Groups taxation disclosures.)>, <KeyAuditMatter(2886, 9252224 (COT) to continue to carry forward deferred tax )>]","[<KeyAuditMatterTag(6806, 2875, ecl)>, <KeyAuditMatterTag(6807, 2876, fair)>, <KeyAuditMatterTag(6808, 2877, impairment)>, <KeyAuditMatterTag(6809, 2877, mining)>, <KeyAuditMatterTag(6810, 2878, associate)>, <KeyAuditMatterTag(6811, 2879, associate)>, <KeyAuditMatterTag(6812, 2879, investment)>, <KeyAuditMatterTag(6813, 2879, joint ventures)>, <KeyAuditMatterTag(6814, 2879, valuation)>, <KeyAuditMatterTag(6815, 2880, assessment)>, <KeyAuditMatterTag(6816, 2881, asset)>, <KeyAuditMatterTag(6817, 2881, impairment)>, <KeyAuditMatterTag(6818, 2881, value)>, <KeyAuditMatterTag(6819, 2882, asset)>, <KeyAuditMatterTag(6820, 2882, impairment)>, <KeyAuditMatterTag(6821, 2883, impairment)>, <KeyAuditMatterTag(6822, 2884, tax)>, <KeyAuditMatterTag(6823, 2885, tax)>, <KeyAuditMatterTag(6824, 2886, deferred)>, <KeyAuditMatterTag(6825, 2886, tax)>]",https://www1.hkexnews.hk/listedco/listconews/sehk/2020/0427/2020042700659.pdf
1251,9252364,27/04/2020 16:39,719,SHANDONG XINHUA,Annual Report 2019,"Financial Statements/ESG Information - [Annual Report / Environmental, Social and Governance Information/Report]",2MB,"[<Auditor(1199, 9252364, ShineWing Certified Public Acco)>]","[<KeyAuditMatter(2830, 9252364 1. Bad-debt provision for accounts receivable1. )>, <KeyAuditMatter(2831, 9252364 2. Provision for inventory)>]","[<KeyAuditMatterTag(6699, 2830, provision)>, <KeyAuditMatterTag(6700, 2831, inventory)>, <KeyAuditMatterTag(6701, 2831, provision)>]",https://www1.hkexnews.hk/listedco/listconews/sehk/2020/0427/2020042700799.pdf
1468,9248065,23/04/2020 19:04,8227,HAITIAN ANTENNA,Annual Report 2019,"Financial Statements/ESG Information - [Annual Report / Environmental, Social and Governance Information/Report]",2MB,"[<Auditor(1409, 9248065, ShineWing Certified Public Accountants)>]","[<KeyAuditMatter(3324, 9248065 KEY AUDIT MATTERS Key audit mattersCountermeasures in the auditMatter on purchase of land and real estate)>]","[<KeyAuditMatterTag(7835, 3324, land)>, <KeyAuditMatterTag(7836, 3324, purchase)>]",https://www1.hkexnews.hk/listedco/listconews/gem/2020/0423/2020042301872.pdf
607,9298719,29/05/2020 22:53,8236,POWERLEADER,Annual Report 2019,"Financial Statements/ESG Information - [Annual Report / Environmental, Social and Governance Information/Report]",5MB,"[<Auditor(582, 9298719, ShineWing Certified Public Accountants   Chinese)>]","[<KeyAuditMatter(1390, 9298719 1. Provision for impairment loss of inventories)>, <KeyAuditMatter(1391, 9298719 2. Provision for bad debt receivables)>]","[<KeyAuditMatterTag(3324, 1390, impairment)>, <KeyAuditMatterTag(3325, 1390, inventories)>, <KeyAuditMatterTag(3326, 1390, provision)>, <KeyAuditMatterTag(3327, 1391, provision)>]",https://www1.hkexnews.hk/listedco/listconews/gem/2020/0529/2020052902118.pdf
1599,9245698,22/04/2020 19:19,2289,CHARMACY PHAR,2019 Annual Report,Financial Statements/ESG Information - [Annual Report],7MB,"[<Auditor(1533, 9245698, ShineWing Certified Public Accountants (Special General Partnership))>]","[<KeyAuditMatter(3599, 9245698 1. Impairment of trade receivables)>, <KeyAuditMatter(3600, 9245698 2. Impairment of inventories)>]","[<KeyAuditMatterTag(8469, 3599, impairment)>, <KeyAuditMatterTag(8470, 3600, impairment)>, <KeyAuditMatterTag(8471, 3600, inventories)>]",https://www1.hkexnews.hk/listedco/listconews/sehk/2020/0422/2020042201410.pdf
1379,9249724,24/04/2020 17:01,187,JINGCHENG MAC,ANNUAL REPORT 2019,Financial Statements/ESG Information - [Annual Report],14MB,"[<Auditor(1323, 9249724, ShineWing Certified Public Accountants (special general partnership))>]","[<KeyAuditMatter(3134, 9249724 1. 1. Provision for Inventory Falling Price Reserves)>, <KeyAuditMatter(3135, 9249724 (Continued)1. Provision for Inventory Falling Price Reserves1. )>]","[<KeyAuditMatterTag(7394, 3134, inventory)>, <KeyAuditMatterTag(7395, 3134, price)>, <KeyAuditMatterTag(7396, 3134, provision)>, <KeyAuditMatterTag(7397, 3135, inventory)>, <KeyAuditMatterTag(7398, 3135, price)>, <KeyAuditMatterTag(7399, 3135, provision)>]",https://www1.hkexnews.hk/listedco/listconews/sehk/2020/0424/2020042401160.pdf
1352,9250077,24/04/2020 17:32,568,SHANDONG MOLONG,2019 Annual Report,"Financial Statements/ESG Information - [Annual Report / Environmental, Social and Governance Information/Report]",2MB,"[<Auditor(1298, 9250077, Shinewing Certified Public Accountants (Special General Partnership) PRC certified public accountants: (Project Partner))>]","[<KeyAuditMatter(3082, 9250077 Recognition of Revenue)>, <KeyAuditMatter(3083, 9250077 Impairment of accounts receivable)>, <KeyAuditMatter(3084, 9250077 Impairment of Inventories)>]","[<KeyAuditMatterTag(7272, 3082, recognition)>, <KeyAuditMatterTag(7273, 3082, revenue)>, <KeyAuditMatterTag(7274, 3083, impairment)>, <KeyAuditMatterTag(7275, 3084, impairment)>, <KeyAuditMatterTag(7276, 3084, inventories)>]",https://www1.hkexnews.hk/listedco/listconews/sehk/2020/0424/2020042401503.pdf
