id,news_id,date_time,stock_code,stock_name,title,long_text,file_info,audit_firms,kams,kam_tags,file_link
1255,9252336,27/04/2020 16:38,317,COMEC,Annual Report 2019,Financial Statements/ESG Information - [Annual Report],5MB,"[<Auditor(1203, 9252336, WUYIGE)>]","[<KeyAuditMatter(2838, 9252336 1. Recognition of revenue from the fulfilment of obligations)>]","[<KeyAuditMatterTag(6712, 2838, film)>, <KeyAuditMatterTag(6713, 2838, recognition)>, <KeyAuditMatterTag(6714, 2838, revenue)>]",https://www1.hkexnews.hk/listedco/listconews/sehk/2020/0427/2020042700771.pdf
1689,9243561,21/04/2020 17:58,2068,CHALIECO,2019 Annual Report,"Financial Statements/ESG Information - [Annual Report / Environmental, Social and Governance Information/Report]",9MB,"[<Auditor(1621, 9243561, WUYIGE)>]",[],[],https://www1.hkexnews.hk/listedco/listconews/sehk/2020/0421/2020042100916.pdf
2039,9229852,08/04/2020 16:55,1858,CHUNLI MEDICAL,Annual Report 2019,Financial Statements/ESG Information - [Annual Report],3MB,"[<Auditor(1959, 9229852, WUYIGE)>]",[],[],https://www1.hkexnews.hk/listedco/listconews/sehk/2020/0408/2020040800488.pdf
1320,9251064,24/04/2020 20:24,1000,BEIJING MEDIA,2019 ANNUAL REPORT,"Financial Statements/ESG Information - [Annual Report / Environmental, Social and Governance Information/Report]",5MB,"[<Auditor(1266, 9251064, WUYIGE CERTIFIED PUBLIC ACCOUNTANTS LLP.)>]","[<KeyAuditMatter(2971, 9251064 A. Provision for bad debts of accounts receivable1. The Matter)>]","[<KeyAuditMatterTag(7036, 2971, provision)>]",https://www1.hkexnews.hk/listedco/listconews/sehk/2020/0424/2020042402488.pdf
638,9282110,15/05/2020 16:44,1108,LUOYANG GLASS,2019 ANNUAL REPORT,Financial Statements/ESG Information - [Annual Report],2MB,"[<Auditor(612, 9282110, WUYIGE Certified Public Accountants LLP)>]",[],[],https://www1.hkexnews.hk/listedco/listconews/sehk/2020/0515/2020051500775.pdf
1156,9253666,27/04/2020 18:52,438,IRICO NEWENERGY,2019 Annual Report,"Financial Statements/ESG Information - [Annual Report / Environmental, Social and Governance Information/Report]",1MB,"[<Auditor(1105, 9253666, WUYIGE Certified Public Accountants LLP Chinese)>]",[],[],https://www1.hkexnews.hk/listedco/listconews/sehk/2020/0427/2020042702094.pdf
1448,9248707,24/04/2020 06:04,1533,ZHUANGYUAN PA,ANNUAL REPORT 2019,"Financial Statements/ESG Information - [Annual Report / Environmental, Social and Governance Information/Report]",6MB,"[<Auditor(1389, 9248707, WUYIGE Certified Public Accountants LLP PRC)>]",[],[],https://www1.hkexnews.hk/listedco/listconews/sehk/2020/0424/2020042400015.pdf
