id,news_id,date_time,stock_code,stock_name,title,long_text,file_info,audit_firms,kams,kam_tags,file_link
646,9281929,15/05/2020 16:34,582,LANDING INTL,Annual Report 2019,"Financial Statements/ESG Information - [Annual Report / Environmental, Social and Governance Information/Report]",13MB,"[<Auditor(620, 9281929, Zenith CPA Limited)>]","[<KeyAuditMatter(1477, 9281929 our procedures in relation to the carrying Impairment assessment of property, plant and equipment of the value of property, plant and equipment of business for development and operation of the integrated leisure the Jeju Shinhwa World included: and entertainment resort (the Integrated Resort Development Business) and the business for operation of gaming and entertainment facilities (the Gaming Business) operated in Jeju Shinhwa World	Understanding,	evaluating	and	)>, <KeyAuditMatter(1478, 9281929 	determining	which	costs,	including	borrowing	costs,	meet	the	)>, <KeyAuditMatter(1479, 9281929 	determining	the	date	on	which	construction-in-progress	is	)>, <KeyAuditMatter(1480, 9281929 	determining	if	any	impairment	indicators	exists	at	the	year	end.)>, <KeyAuditMatter(1481, 9281929 our procedures in relation to managements Impairment assessment on goodwill and other intangible assets of impairment assessment on goodwill and the Gaming Business operated in Jeju Shinhwa Worldintangible assets included: )>, <KeyAuditMatter(1482, 9281929 	Discussing	with	the	external	valuer	their	)>, <KeyAuditMatter(1483, 9281929 our procedures in relation to the impairment Impairment of trade and gaming receivablesof trade and gaming receivables included: )>, <KeyAuditMatter(1484, 9281929 our procedures in relation to assess the Net realisable value of properties under development (PUD) net realisable value of PUD and CPFS and completed properties held for sale (CPFS)included:)>, <KeyAuditMatter(1485, 9281929 	Conducting	site	visits	to	property	)>]","[<KeyAuditMatterTag(3538, 1477, assessment)>, <KeyAuditMatterTag(3539, 1477, impairment)>, <KeyAuditMatterTag(3540, 1477, plant and equipment)>, <KeyAuditMatterTag(3541, 1477, property)>, <KeyAuditMatterTag(3542, 1477, value)>, <KeyAuditMatterTag(3543, 1478, mining)>, <KeyAuditMatterTag(3544, 1479, mining)>, <KeyAuditMatterTag(3545, 1480, impairment)>, <KeyAuditMatterTag(3546, 1480, indicator)>, <KeyAuditMatterTag(3547, 1480, mining)>, <KeyAuditMatterTag(3548, 1481, assessment)>, <KeyAuditMatterTag(3549, 1481, asset)>, <KeyAuditMatterTag(3550, 1481, goodwill)>, <KeyAuditMatterTag(3551, 1481, impairment)>, <KeyAuditMatterTag(3552, 1482, value)>, <KeyAuditMatterTag(3553, 1483, impairment)>, <KeyAuditMatterTag(3554, 1484, net realisable value)>, <KeyAuditMatterTag(3555, 1484, properties)>, <KeyAuditMatterTag(3556, 1484, value)>, <KeyAuditMatterTag(3557, 1485, property)>]",https://www1.hkexnews.hk/listedco/listconews/sehk/2020/0515/2020051500594.pdf
650,9281743,15/05/2020 12:08,1372,BISU TECH,ANNUAL REPORT 2019,"Financial Statements/ESG Information - [Annual Report / Environmental, Social and Governance Information/Report]",16MB,"[<Auditor(624, 9281743, Zenith CPA Limited)>]",[],[],https://www1.hkexnews.hk/listedco/listconews/sehk/2020/0515/2020051500426.pdf
656,9281374,15/05/2020 07:09,1010,PACRAY INT'L,Annual Report 2019,"Financial Statements/ESG Information - [Annual Report / Environmental, Social and Governance Information/Report]",2MB,"[<Auditor(630, 9281374, Zenith CPA Limited)>]",[],[],https://www1.hkexnews.hk/listedco/listconews/sehk/2020/0515/2020051500121.pdf
703,9279935,14/05/2020 17:09,767,APSR INV,Annual Report 2019,Financial Statements/ESG Information - [Annual Report],2MB,"[<Auditor(676, 9279935, Zenith CPA Limited)>]","[<KeyAuditMatter(1614, 9279935 TO THE SHAREHOLDERS OF ASIA PACIFIC SILK ROAD INVESTMENT COMPANY LIMITED)>, <KeyAuditMatter(1615, 9279935 Impairment of loan and interest receivables)>, <KeyAuditMatter(1616, 9279935 TO THE SHAREHOLDERS OF ASIA PACIFIC SILK ROAD INVESTMENT COMPANY LIMITED)>, <KeyAuditMatter(1617, 9279935 Impairment of loan and interest receivables)>]","[<KeyAuditMatterTag(3834, 1614, investment)>, <KeyAuditMatterTag(3835, 1615, impairment)>, <KeyAuditMatterTag(3836, 1616, investment)>, <KeyAuditMatterTag(3837, 1617, impairment)>]",https://www1.hkexnews.hk/listedco/listconews/sehk/2020/0514/2020051400904.pdf
706,9279833,14/05/2020 16:59,1239,TEAMWAY INTL GP,ANNUAL REPORT 2019,Financial Statements/ESG Information - [Annual Report],7MB,"[<Auditor(679, 9279833, Zenith CPA Limited)>]","[<KeyAuditMatter(1622, 9279833 TO THE SHAREHOLDERS OF TEAMWAY INTERNATIONAL GROUP HOLDINGS LIMITED (continued)(Incorporated in the Cayman Islands with limited liability))>, <KeyAuditMatter(1623, 9279833 Expected credit losses () for trade and notes receivablesECL)>]","[<KeyAuditMatterTag(3851, 1622, land)>, <KeyAuditMatterTag(3852, 1623, ecl)>, <KeyAuditMatterTag(3853, 1623, expected credit loss)>]",https://www1.hkexnews.hk/listedco/listconews/sehk/2020/0514/2020051400802.pdf
2211,9210001,30/03/2020 16:54,8112,CORNERSTONE FIN,Annual Report 2019,"Financial Statements/ESG Information - [Annual Report / Environmental, Social and Governance Information/Report]",5MB,"[<Auditor(2124, 9210001, Zenith CPA Limited)>]","[<KeyAuditMatter(4937, 9210001 Impairment assessesment of margin loans receivable)>]","[<KeyAuditMatterTag(11543, 4937, impairment)>]",https://www1.hkexnews.hk/listedco/listconews/gem/2020/0330/2020033000588.pdf
2386,9080927,29/11/2019 16:49,8475,K GROUP HLDGS,ANNUAL REPORT 2018/2019,"Financial Statements/ESG Information - [Annual Report / Environmental, Social and Governance Information/Report]",3MB,"[<Auditor(2290, 9080927, Zenith CPA Limited)>]","[<KeyAuditMatter(5296, 9080927 To the Shareholders of K Group Holdings Limited(incorporated in the Cayman Islands with limited liability))>, <KeyAuditMatter(5297, 9080927 Revenue recognition for restaurant operations)>, <KeyAuditMatter(5298, 9080927 Impairment of plant and equipment and intangible assets)>]","[<KeyAuditMatterTag(12289, 5296, land)>, <KeyAuditMatterTag(12290, 5297, recognition)>, <KeyAuditMatterTag(12291, 5297, revenue)>, <KeyAuditMatterTag(12292, 5298, asset)>, <KeyAuditMatterTag(12293, 5298, impairment)>, <KeyAuditMatterTag(12294, 5298, plant and equipment)>]",https://www1.hkexnews.hk/listedco/listconews/gem/2019/1129/2019112900487.pdf
