id,news_id,date_time,stock_code,stock_name,title,long_text,file_info,audit_firms,kams,kam_tags,file_link
5,9477472,19/10/2020 17:01,1079,PINE TECH,ANNUAL REPORT 2020,Financial Statements/ESG Information - [Annual Report],2MB,"[<Auditor(5, 9477472, ZHONGHUI ANDA CPA Limited)>]","[<KeyAuditMatter(6, 9477472  (Continued)KEY AUDIT MATTERSGoodwill and intangible assets)>]","[<KeyAuditMatterTag(13, 6, asset)>, <KeyAuditMatterTag(14, 6, goodwill)>]",https://www1.hkexnews.hk/listedco/listconews/sehk/2020/1019/2020101900534.pdf
24,9467436,07/10/2020 17:14,850,LONG WELL INTL,ANNUAL REPORT 2019-2020,"Financial Statements/ESG Information - [Annual Report / Environmental, Social and Governance Information/Report]",5MB,"[<Auditor(24, 9467436, ZHONGHUI ANDA CPA Limited)>]",[],[],https://www1.hkexnews.hk/listedco/listconews/sehk/2020/1007/2020100700861.pdf
29,9458497,30/09/2020 16:58,8262,SUPER STRONG,Annual Report 2020,"Financial Statements/ESG Information - [Annual Report / Environmental, Social and Governance Information/Report]",6MB,"[<Auditor(29, 9458497, ZHONGHUI ANDA CPA Limited)>]","[<KeyAuditMatter(56, 9458497 Revenue and profit recognition of construction service and contract assets)>, <KeyAuditMatter(57, 9458497 (CONTINUED)KEY AUDIT MATTER Revenue and profit recognition of construction service and contract assets (continued))>, <KeyAuditMatter(58, 9458497 Trade receivables and contract assets)>]","[<KeyAuditMatterTag(163, 56, asset)>, <KeyAuditMatterTag(164, 56, recognition)>, <KeyAuditMatterTag(165, 56, revenue)>, <KeyAuditMatterTag(166, 57, asset)>, <KeyAuditMatterTag(167, 57, recognition)>, <KeyAuditMatterTag(168, 57, revenue)>, <KeyAuditMatterTag(169, 58, asset)>]",https://www1.hkexnews.hk/listedco/listconews/gem/2020/0930/2020093000768.pdf
45,9452177,24/09/2020 20:04,1369,WUZHOU INT'L,2019 Annual Report,Financial Statements/ESG Information - [Annual Report],5MB,"[<Auditor(45, 9452177, ZHONGHUI ANDA CPA Limited)>]",[],[],https://www1.hkexnews.hk/listedco/listconews/sehk/2020/0924/2020092401407.pdf
46,9452129,24/09/2020 19:41,1369,WUZHOU INT'L,2018 Annual Report,Financial Statements/ESG Information - [Annual Report],7MB,"[<Auditor(46, 9452129, ZHONGHUI ANDA CPA Limited)>]",[],[],https://www1.hkexnews.hk/listedco/listconews/sehk/2020/0924/2020092401359.pdf
59,9444930,17/09/2020 18:42,577,SOUTH SHORE HLD,ANNUAL REPORT 2020,"Financial Statements/ESG Information - [Annual Report / Environmental, Social and Governance Information/Report]",2MB,"[<Auditor(59, 9444930, ZHONGHUI ANDA CPA Limited)>]",[],[],https://www1.hkexnews.hk/listedco/listconews/sehk/2020/0917/2020091701137.pdf
66,9433747,07/09/2020 19:29,353,ENERGY INTINV,Annual Report 2019,Financial Statements/ESG Information - [Annual Report],4MB,"[<Auditor(66, 9433747, ZHONGHUI ANDA CPA Limited)>]",[],[],https://www1.hkexnews.hk/listedco/listconews/sehk/2020/0907/2020090701087.pdf
68,9421528,01/09/2020 08:01,3344,GTI HLDGS,Annual Report 2019,Financial Statements/ESG Information - [Annual Report],2MB,"[<Auditor(68, 9421528, ZHONGHUI ANDA CPA Limited)>]",[],[],https://www1.hkexnews.hk/listedco/listconews/sehk/2020/0901/2020090100145.pdf
77,9417885,28/08/2020 20:27,484,FORGAME,Annual Report 2019,"Financial Statements/ESG Information - [Annual Report / Environmental, Social and Governance Information/Report]",3MB,"[<Auditor(77, 9417885, ZHONGHUI ANDA CPA Limited)>]","[<KeyAuditMatter(145, 9417885 Revenue)>]","[<KeyAuditMatterTag(340, 145, revenue)>]",https://www1.hkexnews.hk/listedco/listconews/sehk/2020/0828/2020082802025.pdf
83,9412741,26/08/2020 16:44,1969,CHINA CHUNLAI,Annual Report 2019,"Financial Statements/ESG Information - [Annual Report / Environmental, Social and Governance Information/Report]",4MB,"[<Auditor(82, 9412741, ZHONGHUI ANDA CPA Limited)>]","[<KeyAuditMatter(162, 9412741 Recognition of revenue from tuition fees)>]","[<KeyAuditMatterTag(375, 162, recognition)>, <KeyAuditMatterTag(376, 162, revenue)>]",https://www1.hkexnews.hk/listedco/listconews/sehk/2020/0826/2020082600409.pdf
132,9376666,30/07/2020 18:34,309,XH NEWS MEDIA,Annual Report 2019/2020,"Financial Statements/ESG Information - [Annual Report / Environmental, Social and Governance Information/Report]",3MB,"[<Auditor(122, 9376666, ZHONGHUI ANDA CPA Limited)>]","[<KeyAuditMatter(237, 9376666 TO THE SHAREHOLDERS OF XINHUA NEWS MEDIA HOLDINGS LIMITED(Incorporated in the Cayman Islands with limited liability))>]","[<KeyAuditMatterTag(556, 237, land)>]",https://www1.hkexnews.hk/listedco/listconews/sehk/2020/0730/2020073001325.pdf
161,9375956,30/07/2020 16:33,254,NUR HOLDINGS,2019 ANNUAL REPORT,Financial Statements/ESG Information - [Annual Report],1MB,"[<Auditor(151, 9375956, ZHONGHUI ANDA CPA Limited)>]",[],[],https://www1.hkexnews.hk/listedco/listconews/sehk/2020/0730/2020073000630.pdf
230,9371348,27/07/2020 17:02,1182,SUCCESS DRAGON,2019/20 ANNUAL REPORT,"Financial Statements/ESG Information - [Annual Report / Environmental, Social and Governance Information/Report]",4MB,"[<Auditor(220, 9371348, ZHONGHUI ANDA CPA Limited)>]",[],[],https://www1.hkexnews.hk/listedco/listconews/sehk/2020/0727/2020072700670.pdf
333,9361979,19/07/2020 18:12,1201,TESSON HOLDINGS,ANNUAL REPORT 2019,Financial Statements/ESG Information - [Annual Report],3MB,"[<Auditor(318, 9361979, ZHONGHUI ANDA CPA Limited)>]",[],[],https://www1.hkexnews.hk/listedco/listconews/sehk/2020/0719/2020071900019.pdf
350,9360473,17/07/2020 08:06,928,LIFE HEALTHCARE,ANNUAL REPORT 2020,Financial Statements/ESG Information - [Annual Report],6MB,"[<Auditor(335, 9360473, ZHONGHUI ANDA CPA Limited)>]",[],[],https://www1.hkexnews.hk/listedco/listconews/sehk/2020/0717/2020071700051.pdf
416,9348986,07/07/2020 17:22,1323,HUASHENG INTL,Annual Report 2019/2020,Financial Statements/ESG Information - [Annual Report],2MB,"[<Auditor(395, 9348986, ZHONGHUI ANDA CPA Limited)>]","[<KeyAuditMatter(1020, 9348986 Impairment of other intangible assets and goodwill)>]","[<KeyAuditMatterTag(2448, 1020, asset)>, <KeyAuditMatterTag(2449, 1020, goodwill)>, <KeyAuditMatterTag(2450, 1020, impairment)>]",https://www1.hkexnews.hk/listedco/listconews/sehk/2020/0707/2020070701022.pdf
454,9337048,30/06/2020 22:08,8286,CCOE,Annual Report 2019,"Financial Statements/ESG Information - [Annual Report / Environmental, Social and Governance Information/Report]",1MB,"[<Auditor(433, 9337048, ZHONGHUI ANDA CPA Limited)>]",[],[],https://www1.hkexnews.hk/listedco/listconews/gem/2020/0630/2020063002298.pdf
511,9333322,29/06/2020 17:33,8181,SHISHI SERVICES,Annual Report 2019/2020,"Financial Statements/ESG Information - [Annual Report / Environmental, Social and Governance Information/Report]",2MB,"[<Auditor(489, 9333322, ZHONGHUI ANDA CPA Limited)>]","[<KeyAuditMatter(1203, 9333322 (i) (i) Investment property)>]","[<KeyAuditMatterTag(2870, 1203, investment)>, <KeyAuditMatterTag(2871, 1203, property)>]",https://www1.hkexnews.hk/listedco/listconews/gem/2020/0629/2020062900914.pdf
543,9331886,26/06/2020 19:55,112,LERTHAI GROUP,ANNUAL REPORT 2019,Financial Statements/ESG Information - [Annual Report],2MB,"[<Auditor(521, 9331886, ZHONGHUI ANDA CPA Limited)>]",[],[],https://www1.hkexnews.hk/listedco/listconews/sehk/2020/0626/2020062601086.pdf
547,9331498,26/06/2020 17:27,1389,MAJOR HLDGS,Annual Report 2020,"Financial Statements/ESG Information - [Annual Report / Environmental, Social and Governance Information/Report]",1MB,"[<Auditor(525, 9331498, ZHONGHUI ANDA CPA Limited)>]",[],[],https://www1.hkexnews.hk/listedco/listconews/sehk/2020/0626/2020062600698.pdf
565,9329743,24/06/2020 16:43,3860,SPEED APPAREL,ANNUAL REPORT 2019/2020,"Financial Statements/ESG Information - [Annual Report / Environmental, Social and Governance Information/Report]",2MB,"[<Auditor(540, 9329743, ZHONGHUI ANDA CPA Limited)>]",[],[],https://www1.hkexnews.hk/listedco/listconews/sehk/2020/0624/2020062400843.pdf
583,9321872,17/06/2020 16:35,1188,HYBRID KINETIC,Annual Report 2019,Financial Statements/ESG Information - [Annual Report],2MB,"[<Auditor(558, 9321872, ZHONGHUI ANDA CPA Limited)>]",[],[],https://www1.hkexnews.hk/listedco/listconews/sehk/2020/0617/2020061700315.pdf
594,9310419,05/06/2020 20:56,3389,HENGDELI,Annual Report 2019,"Financial Statements/ESG Information - [Annual Report / Environmental, Social and Governance Information/Report]",8MB,"[<Auditor(569, 9310419, ZHONGHUI ANDA CPA Limited)>]","[<KeyAuditMatter(1354, 9310419 i. Goodwill and Property, Plant and Equipmenti. )>]","[<KeyAuditMatterTag(3226, 1354, goodwill)>, <KeyAuditMatterTag(3227, 1354, plant and equipment)>, <KeyAuditMatterTag(3228, 1354, property)>]",https://www1.hkexnews.hk/listedco/listconews/sehk/2020/0605/2020060501335.pdf
596,9309822,05/06/2020 17:24,434,BOYAA,Annual Report 2019,"Financial Statements/ESG Information - [Annual Report / Environmental, Social and Governance Information/Report]",7MB,"[<Auditor(571, 9309822, ZHONGHUI ANDA CPA Limited)>]","[<KeyAuditMatter(1356, 9309822 Revenue and cost of revenue)>, <KeyAuditMatter(1357, 9309822 Investments at fair value through profit or loss)>, <KeyAuditMatter(1358, 9309822 (Continued)Investments at fair value through profit or loss )>]","[<KeyAuditMatterTag(3232, 1356, revenue)>, <KeyAuditMatterTag(3233, 1357, fair)>, <KeyAuditMatterTag(3234, 1357, investment)>, <KeyAuditMatterTag(3235, 1357, value)>, <KeyAuditMatterTag(3236, 1358, fair)>, <KeyAuditMatterTag(3237, 1358, investment)>, <KeyAuditMatterTag(3238, 1358, value)>]",https://www1.hkexnews.hk/listedco/listconews/sehk/2020/0605/2020060500738.pdf
608,9296850,29/05/2020 06:13,58,SUNWAY INT'L,ANNUAL REPORT 2019,Financial Statements/ESG Information - [Annual Report],1MB,"[<Auditor(583, 9296850, ZHONGHUI ANDA CPA Limited)>]","[<KeyAuditMatter(1392, 9296850 Property, plant and equipment, right-of-use assets and goodwill)>]","[<KeyAuditMatterTag(3328, 1392, asset)>, <KeyAuditMatterTag(3329, 1392, goodwill)>, <KeyAuditMatterTag(3330, 1392, plant and equipment)>, <KeyAuditMatterTag(3331, 1392, property)>, <KeyAuditMatterTag(3332, 1392, right)>]",https://www1.hkexnews.hk/listedco/listconews/sehk/2020/0529/2020052900031.pdf
615,9295949,28/05/2020 17:26,2358,JIU RONG HOLD,2019 ANNUAL REPORT,Financial Statements/ESG Information - [Annual Report],4MB,"[<Auditor(590, 9295949, ZHONGHUI ANDA CPA Limited)>]",[],[],https://www1.hkexnews.hk/listedco/listconews/sehk/2020/0528/2020052800670.pdf
635,9282185,15/05/2020 16:51,228,CHINA ENERGY,Annual Report 2019,Financial Statements/ESG Information - [Annual Report],4MB,"[<Auditor(609, 9282185, ZHONGHUI ANDA CPA Limited)>]","[<KeyAuditMatter(1450, 9282185 Property, plant and equipment and intangible assets)>]","[<KeyAuditMatterTag(3478, 1450, asset)>, <KeyAuditMatterTag(3479, 1450, plant and equipment)>, <KeyAuditMatterTag(3480, 1450, property)>]",https://www1.hkexnews.hk/listedco/listconews/sehk/2020/0515/2020051500848.pdf
653,9281454,15/05/2020 08:03,6168,CHINA U-TON,Annual Report 2019,Financial Statements/ESG Information - [Annual Report],2MB,"[<Auditor(627, 9281454, ZHONGHUI ANDA CPA Limited)>]",[],[],https://www1.hkexnews.hk/listedco/listconews/sehk/2020/0515/2020051500209.pdf
698,9280105,14/05/2020 17:30,1028,C.BANNER,Annual Report 2019,Financial Statements/ESG Information - [Annual Report],4MB,"[<Auditor(671, 9280105, ZHONGHUI ANDA CPA Limited)>]",[],[],https://www1.hkexnews.hk/listedco/listconews/sehk/2020/0514/2020051401074.pdf
712,9279730,14/05/2020 16:46,6860,FINGERTANGO,2019 Annual Report,"Financial Statements/ESG Information - [Annual Report / Environmental, Social and Governance Information/Report]",4MB,"[<Auditor(685, 9279730, ZHONGHUI ANDA CPA Limited)>]","[<KeyAuditMatter(1641, 9279730 To the Shareholders of FingerTango Inc.(Incorporated in Cayman Islands with limited liability)Opinion)>, <KeyAuditMatter(1642, 9279730 Revenue and cost of revenue)>, <KeyAuditMatter(1643, 9279730 Revenue and cost of revenue (continued))>, <KeyAuditMatter(1644, 9279730 Revenue and cost of revenue (continued))>, <KeyAuditMatter(1645, 9279730 Investments at fair value through profit or loss)>]","[<KeyAuditMatterTag(3893, 1641, land)>, <KeyAuditMatterTag(3894, 1642, revenue)>, <KeyAuditMatterTag(3895, 1643, revenue)>, <KeyAuditMatterTag(3896, 1644, revenue)>, <KeyAuditMatterTag(3897, 1645, fair)>, <KeyAuditMatterTag(3898, 1645, investment)>, <KeyAuditMatterTag(3899, 1645, value)>]",https://www1.hkexnews.hk/listedco/listconews/sehk/2020/0514/2020051400699.pdf
738,9279365,14/05/2020 12:08,8480,FURNIWEB,Annual Report 2019,"Financial Statements/ESG Information - [Annual Report / Environmental, Social and Governance Information/Report]",2MB,"[<Auditor(710, 9279365, ZHONGHUI ANDA CPA Limited)>]","[<KeyAuditMatter(1704, 9279365 TO THE SHAREHOLDERS OF FURNIWEB HOLDINGS LIMITED(incorporated in the Cayman Islands with limited liability))>, <KeyAuditMatter(1705, 9279365 GoodwillRefer to Note 18 to the consolidated financial statements)>, <KeyAuditMatter(1706, 9279365 (Continued)Goodwill (Continued)Refer to Note 18 to the consolidated financial statements (Continued))>]","[<KeyAuditMatterTag(4061, 1704, land)>, <KeyAuditMatterTag(4062, 1705, goodwill)>, <KeyAuditMatterTag(4063, 1706, goodwill)>]",https://www1.hkexnews.hk/listedco/listconews/gem/2020/0514/2020051400338.pdf
741,9279012,14/05/2020 06:06,1116,MAYER HOLDINGS,Annual Report 2019,Financial Statements/ESG Information - [Annual Report],1MB,"[<Auditor(713, 9279012, ZHONGHUI ANDA CPA Limited)>]",[],[],https://www1.hkexnews.hk/listedco/listconews/sehk/2020/0514/2020051400017.pdf
892,9258532,29/04/2020 11:39,1998,FLYKE INT'L,ANNUAL REPORT 2019,Financial Statements/ESG Information - [Annual Report],3MB,"[<Auditor(847, 9258532, ZHONGHUI ANDA CPA Limited)>]",[],[],https://www1.hkexnews.hk/listedco/listconews/sehk/2020/0429/2020042900525.pdf
893,9258514,29/04/2020 11:18,1998,FLYKE INT'L,ANNUAL REPORT 2018,Financial Statements/ESG Information - [Annual Report],3MB,"[<Auditor(848, 9258514, ZHONGHUI ANDA CPA Limited)>]",[],[],https://www1.hkexnews.hk/listedco/listconews/sehk/2020/0429/2020042900507.pdf
919,9257805,28/04/2020 22:28,115,GRAND FIELD GP,Annual Report 2019,"Financial Statements/ESG Information - [Annual Report / Environmental, Social and Governance Information/Report]",6MB,"[<Auditor(874, 9257805, ZHONGHUI ANDA CPA Limited)>]",[],[],https://www1.hkexnews.hk/listedco/listconews/sehk/2020/0428/2020042803520.pdf
929,9257531,28/04/2020 21:02,1367,SFUND INTL HLDG,ANNUAL REPORT 2019,Financial Statements/ESG Information - [Annual Report],1MB,"[<Auditor(884, 9257531, ZHONGHUI ANDA CPA Limited)>]",[],[],https://www1.hkexnews.hk/listedco/listconews/sehk/2020/0428/2020042803175.pdf
984,9256309,28/04/2020 17:30,1102,ENVIRO ENERGY,Annual Report 2019,"Financial Statements/ESG Information - [Annual Report / Environmental, Social and Governance Information/Report]",4MB,"[<Auditor(937, 9256309, ZHONGHUI ANDA CPA Limited)>]","[<KeyAuditMatter(2217, 9256309 Investment properties)>]","[<KeyAuditMatterTag(5228, 2217, investment)>, <KeyAuditMatterTag(5229, 2217, properties)>]",https://www1.hkexnews.hk/listedco/listconews/sehk/2020/0428/2020042801955.pdf
1045,9255484,28/04/2020 16:49,3836,HARMONY AUTO,Annual Report 2019,"Financial Statements/ESG Information - [Annual Report / Environmental, Social and Governance Information/Report]",7MB,"[<Auditor(998, 9255484, ZHONGHUI ANDA CPA Limited)>]","[<KeyAuditMatter(2369, 9255484 Estimation of rebates)>, <KeyAuditMatter(2370, 9255484 Investments at fair value through profit or loss)>]","[<KeyAuditMatterTag(5611, 2369, estimation)>, <KeyAuditMatterTag(5612, 2369, rebate)>, <KeyAuditMatterTag(5613, 2370, fair)>, <KeyAuditMatterTag(5614, 2370, investment)>, <KeyAuditMatterTag(5615, 2370, value)>]",https://www1.hkexnews.hk/listedco/listconews/sehk/2020/0428/2020042801132.pdf
1048,9255460,28/04/2020 16:48,990,THEME INT'L,ANNUAL REPORT 2019,"Financial Statements/ESG Information - [Annual Report / Environmental, Social and Governance Information/Report]",1MB,"[<Auditor(1001, 9255460, ZHONGHUI ANDA CPA Limited)>]","[<KeyAuditMatter(2376, 9255460 Inventories)>]","[<KeyAuditMatterTag(5635, 2376, inventories)>]",https://www1.hkexnews.hk/listedco/listconews/sehk/2020/0428/2020042801108.pdf
1131,9254397,28/04/2020 06:07,527,RUIFENG RENEW,Annual Report 2019,"Financial Statements/ESG Information - [Annual Report / Environmental, Social and Governance Information/Report]",8MB,"[<Auditor(1081, 9254397, ZHONGHUI ANDA CPA Limited)>]","[<KeyAuditMatter(2545, 9254397 i. Property, plant and equipment)>]","[<KeyAuditMatterTag(6019, 2545, plant and equipment)>, <KeyAuditMatterTag(6020, 2545, property)>]",https://www1.hkexnews.hk/listedco/listconews/sehk/2020/0428/2020042800023.pdf
1238,9252468,27/04/2020 16:44,943,EFORCE HOLDINGS,Annual Report 2019,Financial Statements/ESG Information - [Annual Report],3MB,"[<Auditor(1187, 9252468, ZHONGHUI ANDA CPA Limited)>]","[<KeyAuditMatter(2805, 9252468 (i) Exploration and evaluation assets)>]","[<KeyAuditMatterTag(6639, 2805, asset)>, <KeyAuditMatterTag(6640, 2805, valuation)>]",https://www1.hkexnews.hk/listedco/listconews/sehk/2020/0427/2020042700903.pdf
1248,9252430,27/04/2020 16:42,2336,HAILIANG INTL,ANNUAL REPORT 2019,"Financial Statements/ESG Information - [Annual Report / Environmental, Social and Governance Information/Report]",2MB,"[<Auditor(1197, 9252430, ZHONGHUI ANDA CPA Limited)>]","[<KeyAuditMatter(2826, 9252430 TO THE SHAREHOLDERS OFHAILIANG INTERNATIONAL HOLDINGS LIMITED(Incorporated in the Cayman Islands with limited liability))>]","[<KeyAuditMatterTag(6689, 2826, land)>]",https://www1.hkexnews.hk/listedco/listconews/sehk/2020/0427/2020042700865.pdf
1289,9252134,27/04/2020 16:25,370,CHINA BEST,ANNUAL REPORT 2019,"Financial Statements/ESG Information - [Annual Report / Environmental, Social and Governance Information/Report]",2MB,"[<Auditor(1237, 9252134, ZHONGHUI ANDA CPA Limited)>]","[<KeyAuditMatter(2924, 9252134 Y AUDIT MATTERS i. Investment properties)>, <KeyAuditMatter(2925, 9252134 KEY AUDIT MATTERS ii. ii. Goodwill)>]","[<KeyAuditMatterTag(6923, 2924, investment)>, <KeyAuditMatterTag(6924, 2924, properties)>, <KeyAuditMatterTag(6925, 2925, goodwill)>]",https://www1.hkexnews.hk/listedco/listconews/sehk/2020/0427/2020042700569.pdf
1295,9251990,27/04/2020 12:22,1080,SHENGLI PIPE,Annual Report 2019,"Financial Statements/ESG Information - [Annual Report / Environmental, Social and Governance Information/Report]",5MB,"[<Auditor(1243, 9251990, ZHONGHUI ANDA CPA Limited)>]",[],[],https://www1.hkexnews.hk/listedco/listconews/sehk/2020/0427/2020042700431.pdf
1330,9250636,24/04/2020 18:46,63,CHINA GRAPHENE,ANNUAL REPORT 2019,Financial Statements/ESG Information - [Annual Report],2MB,"[<Auditor(1277, 9250636, ZHONGHUI ANDA CPA Limited)>]",[],[],https://www1.hkexnews.hk/listedco/listconews/sehk/2020/0424/2020042402060.pdf
1716,9243028,21/04/2020 16:36,1227,NATIONAL INV,ANNUAL REPORT 2019,Financial Statements/ESG Information - [Annual Report],4MB,"[<Auditor(1648, 9243028, ZHONGHUI ANDA CPA Limited)>]",[],[],https://www1.hkexnews.hk/listedco/listconews/sehk/2020/0421/2020042100383.pdf
1741,9242052,20/04/2020 19:05,646,CHINA ENV TEC,ANNUAL REPORT 2019,Financial Statements/ESG Information - [Annual Report],11MB,"[<Auditor(1673, 9242052, ZHONGHUI ANDA CPA Limited)>]",[],[],https://www1.hkexnews.hk/listedco/listconews/sehk/2020/0420/2020042001253.pdf
1847,9239228,17/04/2020 16:36,1355,LEGEND STRAT,Annual Report 2019,Financial Statements/ESG Information - [Annual Report],3MB,"[<Auditor(1777, 9239228, ZHONGHUI ANDA CPA Limited)>]","[<KeyAuditMatter(4139, 9239228 Impairment of property, plant and equipment and right-of-use assets)>]","[<KeyAuditMatterTag(9742, 4139, asset)>, <KeyAuditMatterTag(9743, 4139, impairment)>, <KeyAuditMatterTag(9744, 4139, plant and equipment)>, <KeyAuditMatterTag(9745, 4139, property)>, <KeyAuditMatterTag(9746, 4139, right)>]",https://www1.hkexnews.hk/listedco/listconews/sehk/2020/0417/2020041700586.pdf
2022,9230753,09/04/2020 07:31,827,KO YO GROUP,Annual Report 2019,"Financial Statements/ESG Information - [Annual Report / Environmental, Social and Governance Information/Report]",1MB,"[<Auditor(1944, 9230753, ZHONGHUI ANDA CPA Limited)>]","[<KeyAuditMatter(4524, 9230753 Property, Plant and Equipment)>]","[<KeyAuditMatterTag(10642, 4524, plant and equipment)>, <KeyAuditMatterTag(10643, 4524, property)>]",https://www1.hkexnews.hk/listedco/listconews/sehk/2020/0409/2020040900027.pdf
2149,9213316,31/03/2020 16:50,8178,CHINA INFO TECH,ANNUAL REPORT 2019,Financial Statements/ESG Information - [Annual Report],1MB,"[<Auditor(2063, 9213316, ZHONGHUI ANDA CPA Limited)>]","[<KeyAuditMatter(4809, 9213316 China Information Technology Development Limited(Incorporated in the Cayman Islands with limited liability))>]","[<KeyAuditMatterTag(11279, 4809, land)>]",https://www1.hkexnews.hk/listedco/listconews/gem/2020/0331/2020033100941.pdf
2180,9210762,30/03/2020 19:45,8225,C HEALTH GP,2019 Annual Report,Financial Statements/ESG Information - [Annual Report],23MB,"[<Auditor(2093, 9210762, ZHONGHUI ANDA CPA Limited)>]",[],[],https://www1.hkexnews.hk/listedco/listconews/gem/2020/0330/2020033001347.pdf
2183,9210595,30/03/2020 18:52,8198,LOTO INTERACT,ANNUAL REPORT 2019,"Financial Statements/ESG Information - [Annual Report / Environmental, Social and Governance Information/Report]",2MB,"[<Auditor(2096, 9210595, ZHONGHUI ANDA CPA Limited)>]","[<KeyAuditMatter(4877, 9210595 Property, plant and equipment)>]","[<KeyAuditMatterTag(11438, 4877, plant and equipment)>, <KeyAuditMatterTag(11439, 4877, property)>]",https://www1.hkexnews.hk/listedco/listconews/gem/2020/0330/2020033001180.pdf
2230,9209821,30/03/2020 16:30,8070,KEEN OCEAN,Annual Report 2019,"Financial Statements/ESG Information - [Annual Report / Environmental, Social and Governance Information/Report]",2MB,"[<Auditor(2143, 9209821, ZHONGHUI ANDA CPA Limited)>]","[<KeyAuditMatter(4993, 9209821 (Incorporated in the Cayman lslands with limited liability))>]","[<KeyAuditMatterTag(11659, 4993, land)>]",https://www1.hkexnews.hk/listedco/listconews/gem/2020/0330/2020033000408.pdf
2236,9209023,30/03/2020 06:47,819,TIANNENG POWER,ANNUAL REPORT 2019,Financial Statements/ESG Information - [Annual Report],11MB,"[<Auditor(2149, 9209023, ZHONGHUI ANDA CPA Limited)>]",[],[],https://www1.hkexnews.hk/listedco/listconews/sehk/2020/0330/2020033000045.pdf
2243,9208322,27/03/2020 22:59,8059,GLORY FLAME,Annual Report 2019,"Financial Statements/ESG Information - [Annual Report / Environmental, Social and Governance Information/Report]",4MB,"[<Auditor(2155, 9208322, ZHONGHUI ANDA CPA Limited)>]",[],[],https://www1.hkexnews.hk/listedco/listconews/gem/2020/0327/2020032703075.pdf
2268,9205246,26/03/2020 22:03,389,TONTINE WINES,ANNUAL REPORT 2019,"Financial Statements/ESG Information - [Annual Report / Environmental, Social and Governance Information/Report]",3MB,"[<Auditor(2180, 9205246, ZHONGHUI ANDA CPA Limited)>]",[],[],https://www1.hkexnews.hk/listedco/listconews/sehk/2020/0326/2020032601729.pdf
2416,3620962,30/10/2019 16:36,2309,BIRMINGHAM SPTS,ANNUAL REPORT 2019,Financial Statements/ESG Information - [Annual Report],4177KB,"[<Auditor(2318, 3620962, ZHONGHUI ANDA CPA Limited)>]","[<KeyAuditMatter(5363, 3620962 PROPERTY, PLANT AND EQUIPMENT AND INTANGIBLE ASSETS)>]","[<KeyAuditMatterTag(12481, 5363, asset)>, <KeyAuditMatterTag(12482, 5363, plant and equipment)>, <KeyAuditMatterTag(12483, 5363, property)>]",https://www1.hkexnews.hk/listedco/listconews/sehk/2019/1030/ltn20191030041.pdf
2427,3620450,28/10/2019 16:43,1079,PINE TECH,ANNUAL REPORT 2019,Financial Statements/ESG Information - [Annual Report],2572KB,"[<Auditor(2329, 3620450, ZHONGHUI ANDA CPA Limited)>]","[<KeyAuditMatter(5378, 3620450 Inventories)>, <KeyAuditMatter(5379, 3620450 Goodwill and intangible assets)>]","[<KeyAuditMatterTag(12512, 5378, inventories)>, <KeyAuditMatterTag(12513, 5379, asset)>, <KeyAuditMatterTag(12514, 5379, goodwill)>]",https://www1.hkexnews.hk/listedco/listconews/sehk/2019/1028/ltn20191028063.pdf
2465,9283422,15/05/2020 21:53,1393,HIDILI INDUSTRY,2019 Annual Report,"Financial Statements/ESG Information - [Annual Report / Environmental, Social and Governance Information/Report]",2MB,"[<Auditor(2366, 9283422, ZHONGHUI ANDA CPA Limited)>]",[],[],https://www1.hkexnews.hk/listedco/listconews/sehk/2020/0515/2020051502061.pdf
2470,9283083,15/05/2020 19:41,1863,CHI LONGEVITY,ANNUAL REPORT 2019,Financial Statements/ESG Information - [Annual Report],2MB,"[<Auditor(2371, 9283083, ZHONGHUI ANDA CPA Limited)>]","[<KeyAuditMatter(5498, 9283083 Property, plant and equipment)>]","[<KeyAuditMatterTag(12794, 5498, plant and equipment)>, <KeyAuditMatterTag(12795, 5498, property)>]",https://www1.hkexnews.hk/listedco/listconews/sehk/2020/0515/2020051501722.pdf
2478,9275915,11/05/2020 21:09,1527,TENGY ENV,Annual Report 2019,Financial Statements/ESG Information - [Annual Report],4MB,"[<Auditor(2378, 9275915, ZHONGHUI ANDA CPA Limited)>]","[<KeyAuditMatter(5509, 9275915 (i) (i) Inventories)>]","[<KeyAuditMatterTag(12823, 5509, inventories)>]",https://www1.hkexnews.hk/listedco/listconews/sehk/2020/0511/2020051101287.pdf
2488,9273205,08/05/2020 16:39,274,C BILLION RES,ANNUAL REPORT 2019,Financial Statements/ESG Information - [Annual Report],2MB,"[<Auditor(2388, 9273205, ZHONGHUI ANDA CPA Limited)>]","[<KeyAuditMatter(5530, 9273205 PROPERTY, PLANT AND EQUIPMENT AND MINING RIGHT)>]","[<KeyAuditMatterTag(12866, 5530, mining)>, <KeyAuditMatterTag(12867, 5530, plant and equipment)>, <KeyAuditMatterTag(12868, 5530, property)>, <KeyAuditMatterTag(12869, 5530, right)>]",https://www1.hkexnews.hk/listedco/listconews/sehk/2020/0508/2020050800529.pdf
2208,9210037,30/03/2020 16:58,8035,JANCO HOLDINGS,ANNUAL REPORT 2019,"Financial Statements/ESG Information - [Annual Report / Environmental, Social and Governance Information/Report]",6MB,"[<Auditor(2121, 9210037, ZHONGHuI ANDA CPA Limited)>]","[<KeyAuditMatter(4928, 9210037 (Incorporated in the Cayman Islands with limited liability))>, <KeyAuditMatter(4929, 9210037 consolidated financial statements. In addition, the Groups impairment test involves application of judgement and is based on estimates.)>, <KeyAuditMatter(4930, 9210037 We consider that the Groups impairment test for trade receivables is supported by the available evidence.)>]","[<KeyAuditMatterTag(11533, 4928, land)>, <KeyAuditMatterTag(11534, 4929, impairment)>, <KeyAuditMatterTag(11535, 4930, impairment)>]",https://www1.hkexnews.hk/listedco/listconews/gem/2020/0330/2020033000622.pdf
2401,9062224,08/11/2019 17:46,8035,JANCO HOLDINGS,Annual Report 2018,"Financial Statements/ESG Information - [Annual Report / Environmental, Social and Governance Information/Report]",3MB,"[<Auditor(2303, 9062224, ZHONGHuI ANDA CPA Limited)>]","[<KeyAuditMatter(5337, 9062224 (Incorporated in the Cayman Islands with limited liability))>, <KeyAuditMatter(5338, 9062224 	Evaluating	the	Groups	impairment	assessment;)>]","[<KeyAuditMatterTag(12415, 5337, land)>, <KeyAuditMatterTag(12416, 5338, assessment)>, <KeyAuditMatterTag(12417, 5338, impairment)>]",https://www1.hkexnews.hk/listedco/listconews/gem/2019/1108/2019110800606.pdf
