id,news_id,date_time,stock_code,stock_name,title,long_text,file_info,audit_firms,kams,kam_tags,file_link
852,9259172,29/04/2020 16:50,2892,MILLION CITIES,ANNUAL REPORT 2019,"Financial Statements/ESG Information - [Annual Report / Environmental, Social and Governance Information/Report]",8MB,"[<Auditor(808, 9259172, KPMG)>]","[<KeyAuditMatter(1952, 9259172 Revenue from the sale of properties recognised over time)>, <KeyAuditMatter(1953, 9259172 Revenue from the sale of properties recognised over time)>, <KeyAuditMatter(1954, 9259172 Revenue from the sale of properties recognised over time)>, <KeyAuditMatter(1955, 9259172 Assessing the net realisable value of inventories)>, <KeyAuditMatter(1956, 9259172 Assessing the net realisable value of inventories)>, <KeyAuditMatter(1957, 9259172 Provision for land appreciation tax (LAT) in Mainland China)>]","[<KeyAuditMatterTag(4641, 1952, properties)>, <KeyAuditMatterTag(4642, 1952, revenue)>, <KeyAuditMatterTag(4643, 1953, properties)>, <KeyAuditMatterTag(4644, 1953, revenue)>, <KeyAuditMatterTag(4645, 1954, properties)>, <KeyAuditMatterTag(4646, 1954, revenue)>, <KeyAuditMatterTag(4647, 1955, inventories)>, <KeyAuditMatterTag(4648, 1955, net realisable value)>, <KeyAuditMatterTag(4649, 1955, value)>, <KeyAuditMatterTag(4650, 1956, inventories)>, <KeyAuditMatterTag(4651, 1956, net realisable value)>, <KeyAuditMatterTag(4652, 1956, value)>, <KeyAuditMatterTag(4653, 1957, appreciation)>, <KeyAuditMatterTag(4654, 1957, land)>, <KeyAuditMatterTag(4655, 1957, provision)>, <KeyAuditMatterTag(4656, 1957, tax)>]",https://www1.hkexnews.hk/listedco/listconews/sehk/2020/0429/2020042901079.pdf
903,9258067,29/04/2020 06:40,884,CIFI HOLD GP,2019 Annual Report,Financial Statements/ESG Information - [Annual Report],4MB,"[<Auditor(858, 9258067, Deloitte Touche Tohmatsu)>]","[<KeyAuditMatter(2028, 9258067 Valuation of investment properties)>, <KeyAuditMatter(2029, 9258067 Valuation of properties under development for sale and properties held for sale)>, <KeyAuditMatter(2030, 9258067 Revenue recognised from sales of properties)>, <KeyAuditMatter(2031, 9258067 Accuracy of land appreciation tax calculations)>]","[<KeyAuditMatterTag(4814, 2028, investment)>, <KeyAuditMatterTag(4815, 2028, properties)>, <KeyAuditMatterTag(4816, 2028, valuation)>, <KeyAuditMatterTag(4817, 2029, properties)>, <KeyAuditMatterTag(4818, 2029, valuation)>, <KeyAuditMatterTag(4819, 2030, properties)>, <KeyAuditMatterTag(4820, 2030, revenue)>, <KeyAuditMatterTag(4821, 2031, appreciation)>, <KeyAuditMatterTag(4822, 2031, land)>, <KeyAuditMatterTag(4823, 2031, tax)>]",https://www1.hkexnews.hk/listedco/listconews/sehk/2020/0429/2020042900129.pdf
964,9256626,28/04/2020 17:59,337,GREENLAND HK,Annual Report 2019,"Financial Statements/ESG Information - [Annual Report / Environmental, Social and Governance Information/Report]",6MB,"[<Auditor(918, 9256626, Deloitte Touche Tohmatsu)>]","[<KeyAuditMatter(2159, 9256626 TO THE SHAREHOLDERS OF GREENLAND HONG KONG HOLDINGS LIMITED(Incorporated in the Cayman Islands with limited liability))>, <KeyAuditMatter(2160, 9256626 2019REENLAND HONG KONG HOLDINGS LIMITED)>, <KeyAuditMatter(2161, 9256626 Valuation of investment properties)>, <KeyAuditMatter(2162, 9256626 Valuation of investment properties (Continued))>, <KeyAuditMatter(2163, 9256626 2019REENLAND HONG KONG HOLDINGS LIMITED)>, <KeyAuditMatter(2164, 9256626 Land appreciation tax provision)>]","[<KeyAuditMatterTag(5087, 2159, land)>, <KeyAuditMatterTag(5088, 2160, land)>, <KeyAuditMatterTag(5089, 2161, investment)>, <KeyAuditMatterTag(5090, 2161, properties)>, <KeyAuditMatterTag(5091, 2161, valuation)>, <KeyAuditMatterTag(5092, 2162, investment)>, <KeyAuditMatterTag(5093, 2162, properties)>, <KeyAuditMatterTag(5094, 2162, valuation)>, <KeyAuditMatterTag(5095, 2163, land)>, <KeyAuditMatterTag(5096, 2164, appreciation)>, <KeyAuditMatterTag(5097, 2164, land)>, <KeyAuditMatterTag(5098, 2164, provision)>, <KeyAuditMatterTag(5099, 2164, tax)>]",https://www1.hkexnews.hk/listedco/listconews/sehk/2020/0428/2020042802272.pdf
969,9256576,28/04/2020 17:52,1109,CHINA RES LAND,Annual Report 2019,Financial Statements/ESG Information - [Annual Report],13MB,"[<Auditor(923, 9256576, Ernst & Young)>]","[<KeyAuditMatter(2173, 9256576 Valuation of investment properties)>, <KeyAuditMatter(2174, 9256576 Valuation of investment properties (continued))>, <KeyAuditMatter(2175, 9256576 Accuracy of land appreciation tax calculations)>, <KeyAuditMatter(2176, 9256576 Revenue recognised from sales of properties)>, <KeyAuditMatter(2177, 9256576 Revenue recognised from sales of properties (continued))>]","[<KeyAuditMatterTag(5120, 2173, investment)>, <KeyAuditMatterTag(5121, 2173, properties)>, <KeyAuditMatterTag(5122, 2173, valuation)>, <KeyAuditMatterTag(5123, 2174, investment)>, <KeyAuditMatterTag(5124, 2174, properties)>, <KeyAuditMatterTag(5125, 2174, valuation)>, <KeyAuditMatterTag(5126, 2175, appreciation)>, <KeyAuditMatterTag(5127, 2175, land)>, <KeyAuditMatterTag(5128, 2175, tax)>, <KeyAuditMatterTag(5129, 2176, properties)>, <KeyAuditMatterTag(5130, 2176, revenue)>, <KeyAuditMatterTag(5131, 2177, properties)>, <KeyAuditMatterTag(5132, 2177, revenue)>]",https://www1.hkexnews.hk/listedco/listconews/sehk/2020/0428/2020042802222.pdf
1009,9255880,28/04/2020 17:06,258,TOMSON GROUP,Annual Report 2019,Financial Statements/ESG Information - [Annual Report],4MB,"[<Auditor(962, 9255880, Deloitte Touche Tohmatsu)>]","[<KeyAuditMatter(2277, 9255880 Valuation of investment properties)>, <KeyAuditMatter(2278, 9255880 Provision for land appreciation tax)>]","[<KeyAuditMatterTag(5384, 2277, investment)>, <KeyAuditMatterTag(5385, 2277, properties)>, <KeyAuditMatterTag(5386, 2277, valuation)>, <KeyAuditMatterTag(5387, 2278, appreciation)>, <KeyAuditMatterTag(5388, 2278, land)>, <KeyAuditMatterTag(5389, 2278, provision)>, <KeyAuditMatterTag(5390, 2278, tax)>]",https://www1.hkexnews.hk/listedco/listconews/sehk/2020/0428/2020042801528.pdf
1153,9253878,27/04/2020 19:45,2103,SINIC HOLDINGS,ANNUAL REPORT 2019,Financial Statements/ESG Information - [Annual Report],12MB,"[<Auditor(1102, 9253878, Ernst & Young)>]","[<KeyAuditMatter(2599, 9253878 Key audit matterHow our audit addressed the key audit matterRecognition of revenue from sales of properties over time)>, <KeyAuditMatter(2600, 9253878 Key audit matterHow our audit addressed the key audit matterRecognition of revenue from sales of properties over time (continued))>, <KeyAuditMatter(2601, 9253878 Key audit matterHow our audit addressed the key audit matterProvision for land appreciation tax)>, <KeyAuditMatter(2602, 9253878 Key audit matterHow our audit addressed the key audit matterValuation of investment properties)>]","[<KeyAuditMatterTag(6157, 2599, properties)>, <KeyAuditMatterTag(6158, 2599, recognition)>, <KeyAuditMatterTag(6159, 2599, revenue)>, <KeyAuditMatterTag(6160, 2600, properties)>, <KeyAuditMatterTag(6161, 2600, recognition)>, <KeyAuditMatterTag(6162, 2600, revenue)>, <KeyAuditMatterTag(6163, 2601, appreciation)>, <KeyAuditMatterTag(6164, 2601, land)>, <KeyAuditMatterTag(6165, 2601, provision)>, <KeyAuditMatterTag(6166, 2601, tax)>, <KeyAuditMatterTag(6167, 2602, investment)>, <KeyAuditMatterTag(6168, 2602, properties)>, <KeyAuditMatterTag(6169, 2602, valuation)>]",https://www1.hkexnews.hk/listedco/listconews/sehk/2020/0427/2020042702376.pdf
1190,9253135,27/04/2020 17:35,1902,YINCHENG INTL,Annual Report 2019,"Financial Statements/ESG Information - [Annual Report / Environmental, Social and Governance Information/Report]",8MB,"[<Auditor(1139, 9253135, report is Lawrence K. W. Lau.)>]","[<KeyAuditMatter(2683, 9253135 To the shareholders of Yincheng International Holding Co., Ltd.(Incorporated in the Cayman Islands with limited liability))>, <KeyAuditMatter(2684, 9253135 Revenue recognition from property development projects (PDP))>, <KeyAuditMatter(2685, 9253135 Provision for land appreciation tax)>]","[<KeyAuditMatterTag(6357, 2683, land)>, <KeyAuditMatterTag(6358, 2684, property)>, <KeyAuditMatterTag(6359, 2684, recognition)>, <KeyAuditMatterTag(6360, 2684, revenue)>, <KeyAuditMatterTag(6361, 2685, appreciation)>, <KeyAuditMatterTag(6362, 2685, land)>, <KeyAuditMatterTag(6363, 2685, provision)>, <KeyAuditMatterTag(6364, 2685, tax)>]",https://www1.hkexnews.hk/listedco/listconews/sehk/2020/0427/2020042701563.pdf
1306,9251674,27/04/2020 07:49,960,LONGFOR GROUP,Annual Report 2019,Financial Statements/ESG Information - [Annual Report],7MB,"[<Auditor(1254, 9251674, Deloitte Touche Tohmatsu)>]","[<KeyAuditMatter(2950, 9251674 Valuation of investment properties)>, <KeyAuditMatter(2951, 9251674 Valuation of properties held for development, properties under development for sales and properties held for sales under inventories of properties)>, <KeyAuditMatter(2952, 9251674 Accuracy of land appreciation tax calculations)>, <KeyAuditMatter(2953, 9251674 Revenue recognised from sales of properties)>]","[<KeyAuditMatterTag(6980, 2950, investment)>, <KeyAuditMatterTag(6981, 2950, properties)>, <KeyAuditMatterTag(6982, 2950, valuation)>, <KeyAuditMatterTag(6983, 2951, inventories)>, <KeyAuditMatterTag(6984, 2951, properties)>, <KeyAuditMatterTag(6985, 2951, valuation)>, <KeyAuditMatterTag(6986, 2952, appreciation)>, <KeyAuditMatterTag(6987, 2952, land)>, <KeyAuditMatterTag(6988, 2952, tax)>, <KeyAuditMatterTag(6989, 2953, properties)>, <KeyAuditMatterTag(6990, 2953, revenue)>]",https://www1.hkexnews.hk/listedco/listconews/sehk/2020/0427/2020042700137.pdf
1458,9248330,23/04/2020 20:21,95,LVGEM CHINA,Annual Report 2019,Financial Statements/ESG Information - [Annual Report],2MB,"[<Auditor(1399, 9248330, Deloitte Touche Tohmatsu)>]","[<KeyAuditMatter(3304, 9248330 TO THE SHAREHOLDERS OF  LVGEM (CHINA) REAL ESTATE INVESTMENT COMPANY LIMITED)>, <KeyAuditMatter(3305, 9248330 Valuation of investment properties)>, <KeyAuditMatter(3306, 9248330 Assessment of net realisable value of properties held for sale and properties under development for sale)>, <KeyAuditMatter(3307, 9248330 Revenue recognised from sales of properties)>, <KeyAuditMatter(3308, 9248330 Provision for land appreciation tax)>]","[<KeyAuditMatterTag(7773, 3304, investment)>, <KeyAuditMatterTag(7774, 3305, investment)>, <KeyAuditMatterTag(7775, 3305, properties)>, <KeyAuditMatterTag(7776, 3305, valuation)>, <KeyAuditMatterTag(7777, 3306, assessment)>, <KeyAuditMatterTag(7778, 3306, net realisable value)>, <KeyAuditMatterTag(7779, 3306, properties)>, <KeyAuditMatterTag(7780, 3306, value)>, <KeyAuditMatterTag(7781, 3307, properties)>, <KeyAuditMatterTag(7782, 3307, revenue)>, <KeyAuditMatterTag(7783, 3308, appreciation)>, <KeyAuditMatterTag(7784, 3308, land)>, <KeyAuditMatterTag(7785, 3308, provision)>, <KeyAuditMatterTag(7786, 3308, tax)>]",https://www1.hkexnews.hk/listedco/listconews/sehk/2020/0423/2020042302137.pdf
1665,9244734,22/04/2020 16:30,2772,ZHONGLIANG HLDG,ANNUAL REPORT 2019,Financial Statements/ESG Information - [Annual Report],9MB,"[<Auditor(1597, 9244734, Ernst & Young)>]","[<KeyAuditMatter(3734, 9244734 Recognition of revenue from sales of properties over time)>, <KeyAuditMatter(3735, 9244734 Recognition of revenue from sales of properties over time (Continued))>, <KeyAuditMatter(3736, 9244734 Provision for land appreciation tax)>]","[<KeyAuditMatterTag(8795, 3734, properties)>, <KeyAuditMatterTag(8796, 3734, recognition)>, <KeyAuditMatterTag(8797, 3734, revenue)>, <KeyAuditMatterTag(8798, 3735, properties)>, <KeyAuditMatterTag(8799, 3735, recognition)>, <KeyAuditMatterTag(8800, 3735, revenue)>, <KeyAuditMatterTag(8801, 3736, appreciation)>, <KeyAuditMatterTag(8802, 3736, land)>, <KeyAuditMatterTag(8803, 3736, provision)>, <KeyAuditMatterTag(8804, 3736, tax)>]",https://www1.hkexnews.hk/listedco/listconews/sehk/2020/0422/2020042200467.pdf
1706,9243192,21/04/2020 16:55,185,ZENSUN ENT,Annual Report 2019,Financial Statements/ESG Information - [Annual Report],6MB,"[<Auditor(1638, 9243192, Ernst & Young)>]","[<KeyAuditMatter(3806, 9243192 Valuation of investment properties)>, <KeyAuditMatter(3807, 9243192 Assessment of net realisable values of properties under development and completed properties held for sale)>, <KeyAuditMatter(3808, 9243192 Provision for land appreciation tax (LAT))>]","[<KeyAuditMatterTag(9017, 3806, investment)>, <KeyAuditMatterTag(9018, 3806, properties)>, <KeyAuditMatterTag(9019, 3806, valuation)>, <KeyAuditMatterTag(9020, 3807, assessment)>, <KeyAuditMatterTag(9021, 3807, net realisable value)>, <KeyAuditMatterTag(9022, 3807, properties)>, <KeyAuditMatterTag(9023, 3807, value)>, <KeyAuditMatterTag(9024, 3807, values)>, <KeyAuditMatterTag(9025, 3808, appreciation)>, <KeyAuditMatterTag(9026, 3808, land)>, <KeyAuditMatterTag(9027, 3808, provision)>, <KeyAuditMatterTag(9028, 3808, tax)>]",https://www1.hkexnews.hk/listedco/listconews/sehk/2020/0421/2020042100547.pdf
1750,9241711,20/04/2020 17:37,3883,CHINA AOYUAN,Annual Report 2019,"Financial Statements/ESG Information - [Annual Report / Environmental, Social and Governance Information/Report]",14MB,"[<Auditor(1682, 9241711, Deloitte Touche Tohmatsu)>]","[<KeyAuditMatter(3890, 9241711 Valuation of investment properties)>, <KeyAuditMatter(3891, 9241711 Valuation of properties for sale)>, <KeyAuditMatter(3892, 9241711 Revenue recognised from sales of properties)>, <KeyAuditMatter(3893, 9241711 Accuracy of land appreciation tax calculations)>]","[<KeyAuditMatterTag(9203, 3890, investment)>, <KeyAuditMatterTag(9204, 3890, properties)>, <KeyAuditMatterTag(9205, 3890, valuation)>, <KeyAuditMatterTag(9206, 3891, properties)>, <KeyAuditMatterTag(9207, 3891, valuation)>, <KeyAuditMatterTag(9208, 3892, properties)>, <KeyAuditMatterTag(9209, 3892, revenue)>, <KeyAuditMatterTag(9210, 3893, appreciation)>, <KeyAuditMatterTag(9211, 3893, land)>, <KeyAuditMatterTag(9212, 3893, tax)>]",https://www1.hkexnews.hk/listedco/listconews/sehk/2020/0420/2020042000912.pdf
1828,9239596,17/04/2020 17:37,1396,HYDOO INTL,ANNUAL REPORT 2019,"Financial Statements/ESG Information - [Annual Report / Environmental, Social and Governance Information/Report]",5MB,"[<Auditor(1760, 9239596, KPMG)>]","[<KeyAuditMatter(4083, 9239596 Valuation of investment properties)>, <KeyAuditMatter(4084, 9239596 Valuation of investment properties)>, <KeyAuditMatter(4085, 9239596 Assessing the net realisable value of inventories)>, <KeyAuditMatter(4086, 9239596 PHDPUDinventories)>, <KeyAuditMatter(4087, 9239596 Assessing the net realisable value of inventories)>, <KeyAuditMatter(4088, 9239596 Impairment loss on interest in a joint venture operated in Thailand)>, <KeyAuditMatter(4089, 9239596 Thailand Joint Venture)>, <KeyAuditMatter(4090, 9239596 Impairment loss on interest in a joint venture operated in Thailand)>, <KeyAuditMatter(4091, 9239596 Provision for land appreciation tax (LAT) in Mainland China)>]","[<KeyAuditMatterTag(9618, 4083, investment)>, <KeyAuditMatterTag(9619, 4083, properties)>, <KeyAuditMatterTag(9620, 4083, valuation)>, <KeyAuditMatterTag(9621, 4084, investment)>, <KeyAuditMatterTag(9622, 4084, properties)>, <KeyAuditMatterTag(9623, 4084, valuation)>, <KeyAuditMatterTag(9624, 4085, inventories)>, <KeyAuditMatterTag(9625, 4085, net realisable value)>, <KeyAuditMatterTag(9626, 4085, value)>, <KeyAuditMatterTag(9627, 4086, inventories)>, <KeyAuditMatterTag(9628, 4087, inventories)>, <KeyAuditMatterTag(9629, 4087, net realisable value)>, <KeyAuditMatterTag(9630, 4087, value)>, <KeyAuditMatterTag(9631, 4088, impairment)>, <KeyAuditMatterTag(9632, 4088, land)>, <KeyAuditMatterTag(9633, 4089, land)>, <KeyAuditMatterTag(9634, 4090, impairment)>, <KeyAuditMatterTag(9635, 4090, land)>, <KeyAuditMatterTag(9636, 4091, appreciation)>, <KeyAuditMatterTag(9637, 4091, land)>, <KeyAuditMatterTag(9638, 4091, provision)>, <KeyAuditMatterTag(9639, 4091, tax)>]",https://www1.hkexnews.hk/listedco/listconews/sehk/2020/0417/2020041700954.pdf
1848,9239216,17/04/2020 16:35,978,CHI MER LAND,Annual Report 2019,Financial Statements/ESG Information - [Annual Report],8MB,"[<Auditor(1778, 9239216, Deloitte Touche Tohmatsu)>]","[<KeyAuditMatter(4140, 9239216 Net realisable values of properties for sale)>, <KeyAuditMatter(4141, 9239216 CHINA MERCHANTS LAND LIMITED Annual Report 2019)>, <KeyAuditMatter(4142, 9239216 Recoverability of amounts due from joint ventures and associates)>, <KeyAuditMatter(4143, 9239216 CHINA MERCHANTS LAND LIMITED Annual Report 2019)>, <KeyAuditMatter(4144, 9239216 Accuracy of land appreciation tax (LAT) calculation)>]","[<KeyAuditMatterTag(9747, 4140, net realisable value)>, <KeyAuditMatterTag(9748, 4140, properties)>, <KeyAuditMatterTag(9749, 4140, value)>, <KeyAuditMatterTag(9750, 4140, values)>, <KeyAuditMatterTag(9751, 4141, land)>, <KeyAuditMatterTag(9752, 4142, associate)>, <KeyAuditMatterTag(9753, 4142, joint ventures)>, <KeyAuditMatterTag(9754, 4142, recoverability)>, <KeyAuditMatterTag(9755, 4143, land)>, <KeyAuditMatterTag(9756, 4144, appreciation)>, <KeyAuditMatterTag(9757, 4144, land)>, <KeyAuditMatterTag(9758, 4144, tax)>]",https://www1.hkexnews.hk/listedco/listconews/sehk/2020/0417/2020041700574.pdf
2002,9231757,09/04/2020 17:14,2202,CHINA VANKE,2019 ANNUAL REPORT,Financial Statements/ESG Information - [Annual Report],5MB,"[<Auditor(1926, 9231757, The engagement partner on the audit resulting in this independent auditors report is Chung Kai Ming.)>]","[<KeyAuditMatter(4487, 9231757 Net realisable value of inventories)>, <KeyAuditMatter(4488, 9231757 Provision for land appreciation tax (LAT) in Mainland China)>, <KeyAuditMatter(4489, 9231757 Revenue recognition for property development projects (PDP))>]","[<KeyAuditMatterTag(10536, 4487, inventories)>, <KeyAuditMatterTag(10537, 4487, net realisable value)>, <KeyAuditMatterTag(10538, 4487, value)>, <KeyAuditMatterTag(10539, 4488, appreciation)>, <KeyAuditMatterTag(10540, 4488, land)>, <KeyAuditMatterTag(10541, 4488, provision)>, <KeyAuditMatterTag(10542, 4488, tax)>, <KeyAuditMatterTag(10543, 4489, property)>, <KeyAuditMatterTag(10544, 4489, recognition)>, <KeyAuditMatterTag(10545, 4489, revenue)>]",https://www1.hkexnews.hk/listedco/listconews/sehk/2020/0409/2020040900635.pdf
2061,9228782,07/04/2020 18:27,1233,TIMES CHINA,ANNUAL REPORT 2019,"Financial Statements/ESG Information - [Annual Report / Environmental, Social and Governance Information/Report]",3MB,"[<Auditor(1980, 9228782, Ernst & Young)>]","[<KeyAuditMatter(4606, 9228782 To the shareholders of Times China Holdings Limited(Incorporated in the Cayman Islands with limited liability))>, <KeyAuditMatter(4607, 9228782 PRC land appreciation tax ()LAT)>, <KeyAuditMatter(4608, 9228782 To the shareholders of Times China Holdings Limited(Incorporated in the Cayman Islands with limited liability))>, <KeyAuditMatter(4609, 9228782 Deferred tax assets)>]","[<KeyAuditMatterTag(10811, 4606, land)>, <KeyAuditMatterTag(10812, 4607, appreciation)>, <KeyAuditMatterTag(10813, 4607, land)>, <KeyAuditMatterTag(10814, 4607, tax)>, <KeyAuditMatterTag(10815, 4608, land)>, <KeyAuditMatterTag(10816, 4609, asset)>, <KeyAuditMatterTag(10817, 4609, deferred)>, <KeyAuditMatterTag(10818, 4609, tax)>]",https://www1.hkexnews.hk/listedco/listconews/sehk/2020/0407/2020040700907.pdf
2394,9072619,20/11/2019 17:23,571,ESUN HOLDINGS,Annual Report Year ended 31 July 2019,"Financial Statements/ESG Information - [Annual Report / Environmental, Social and Governance Information/Report]",9MB,"[<Auditor(2296, 9072619, Ernst & Young)>]","[<KeyAuditMatter(5310, 9072619 Key audit matterHow our audit addressed the key audit matterEstimation of fair value of investment properties)>, <KeyAuditMatter(5311, 9072619 Land appreciation tax in Mainland ChinaLAT)>, <KeyAuditMatter(5312, 9072619 Key audit matterHow our audit addressed the key audit matterImpairment of film rights, film products and films under production)>]","[<KeyAuditMatterTag(12329, 5310, estimation)>, <KeyAuditMatterTag(12330, 5310, fair)>, <KeyAuditMatterTag(12331, 5310, investment)>, <KeyAuditMatterTag(12332, 5310, properties)>, <KeyAuditMatterTag(12333, 5310, value)>, <KeyAuditMatterTag(12334, 5311, appreciation)>, <KeyAuditMatterTag(12335, 5311, land)>, <KeyAuditMatterTag(12336, 5311, tax)>, <KeyAuditMatterTag(12337, 5312, film)>, <KeyAuditMatterTag(12338, 5312, impairment)>, <KeyAuditMatterTag(12339, 5312, right)>]",https://www1.hkexnews.hk/listedco/listconews/sehk/2019/1120/2019112000406.pdf
2395,9072598,20/11/2019 17:14,1125,LAI FUNG HOLD,Annual Report Year ended 31 July 2019,"Financial Statements/ESG Information - [Annual Report / Environmental, Social and Governance Information/Report]",3MB,"[<Auditor(2297, 9072598, Ernst & Young)>]","[<KeyAuditMatter(5313, 9072598 Key audit matterHow our audit addressed the key audit matterEstimation of fair value of investment properties)>, <KeyAuditMatter(5314, 9072598 Land appreciation tax in Mainland ChinaLAT)>]","[<KeyAuditMatterTag(12340, 5313, estimation)>, <KeyAuditMatterTag(12341, 5313, fair)>, <KeyAuditMatterTag(12342, 5313, investment)>, <KeyAuditMatterTag(12343, 5313, properties)>, <KeyAuditMatterTag(12344, 5313, value)>, <KeyAuditMatterTag(12345, 5314, appreciation)>, <KeyAuditMatterTag(12346, 5314, land)>, <KeyAuditMatterTag(12347, 5314, tax)>]",https://www1.hkexnews.hk/listedco/listconews/sehk/2019/1120/2019112000385.pdf
