id,news_id,date_time,stock_code,stock_name,title,long_text,file_info,audit_firms,kams,kam_tags,file_link
160,9376020,30/07/2020 16:36,526,CHINA AUTO NR,Annual Report 2020,"Financial Statements/ESG Information - [Annual Report / Environmental, Social and Governance Information/Report]",8MB,"[<Auditor(150, 9376020, KPMG)>]","[<KeyAuditMatter(308, 9376020 KEY AUDIT MATTERS (CONTINUED)Assessing the accounting in relation to an acquisition)>, <KeyAuditMatter(309, 9376020 Business Combinations)>, <KeyAuditMatter(310, 9376020 KEY AUDIT MATTERS (CONTINUED)Assessing goodwill impairment)>, <KeyAuditMatter(311, 9376020 KEY AUDIT MATTERS (CONTINUED)Revenue recognition)>, <KeyAuditMatter(312, 9376020 KEY AUDIT MATTERS (CONTINUED)Revenue recognition (continued))>]","[<KeyAuditMatterTag(715, 308, acquisition)>, <KeyAuditMatterTag(716, 309, business combination)>, <KeyAuditMatterTag(717, 310, goodwill)>, <KeyAuditMatterTag(718, 310, impairment)>, <KeyAuditMatterTag(719, 311, recognition)>, <KeyAuditMatterTag(720, 311, revenue)>, <KeyAuditMatterTag(721, 312, recognition)>, <KeyAuditMatterTag(722, 312, revenue)>]",https://www1.hkexnews.hk/listedco/listconews/sehk/2020/0730/2020073000694.pdf
168,9375033,30/07/2020 06:23,673,CHINA HEALTH,ANNUAL REPORT 2020,Financial Statements/ESG Information - [Annual Report],1MB,"[<Auditor(158, 9375033, Elite Partners CPA Limited)>]","[<KeyAuditMatter(330, 9375033 Business combination and impairment assessment of goodwill)>, <KeyAuditMatter(331, 9375033 Impairment assessment of trade receivables)>, <KeyAuditMatter(332, 9375033 Impairment assessment of loan and interest receivables)>]","[<KeyAuditMatterTag(792, 330, assessment)>, <KeyAuditMatterTag(793, 330, business combination)>, <KeyAuditMatterTag(794, 330, goodwill)>, <KeyAuditMatterTag(795, 330, impairment)>, <KeyAuditMatterTag(796, 331, assessment)>, <KeyAuditMatterTag(797, 331, impairment)>, <KeyAuditMatterTag(798, 332, assessment)>, <KeyAuditMatterTag(799, 332, impairment)>]",https://www1.hkexnews.hk/listedco/listconews/sehk/2020/0730/2020073000047.pdf
313,9364371,21/07/2020 17:09,1172,MAGNUSCONCORDIA,ANNUAL REPORT 2020,"Financial Statements/ESG Information - [Annual Report / Environmental, Social and Governance Information/Report]",9MB,"[<Auditor(299, 9364371, Ernst & Young)>]","[<KeyAuditMatter(771, 9364371 Valuation of investment properties)>, <KeyAuditMatter(772, 9364371 Purchase price allocation for a business combination)>, <KeyAuditMatter(773, 9364371 Net realisable value of completed properties for sale and properties under development)>]","[<KeyAuditMatterTag(1863, 771, investment)>, <KeyAuditMatterTag(1864, 771, properties)>, <KeyAuditMatterTag(1865, 771, valuation)>, <KeyAuditMatterTag(1866, 772, allocation)>, <KeyAuditMatterTag(1867, 772, business combination)>, <KeyAuditMatterTag(1868, 772, price)>, <KeyAuditMatterTag(1869, 772, purchase)>, <KeyAuditMatterTag(1870, 773, net realisable value)>, <KeyAuditMatterTag(1871, 773, properties)>, <KeyAuditMatterTag(1872, 773, value)>]",https://www1.hkexnews.hk/listedco/listconews/sehk/2020/0721/2020072100713.pdf
515,9333222,29/06/2020 17:16,8060,GLOBAL LINK,ANNUAL REPORT 2019/20,Financial Statements/ESG Information - [Annual Report],2MB,"[<Auditor(493, 9333222, Crowe (HK) CPA Limited)>]","[<KeyAuditMatter(1213, 9333222 KEY AUDIT MATTERS Impairment of intangible assets)>, <KeyAuditMatter(1214, 9333222 KEY AUDIT MATTERS Purchase price allocation of a business combination)>, <KeyAuditMatter(1215, 9333222 KEY AUDIT MATTERS Impairment of goodwill)>, <KeyAuditMatter(1216, 9333222 KEY AUDIT MATTERS Impairment of trade receivables and contract assets)>]","[<KeyAuditMatterTag(2889, 1213, asset)>, <KeyAuditMatterTag(2890, 1213, impairment)>, <KeyAuditMatterTag(2891, 1214, allocation)>, <KeyAuditMatterTag(2892, 1214, business combination)>, <KeyAuditMatterTag(2893, 1214, price)>, <KeyAuditMatterTag(2894, 1214, purchase)>, <KeyAuditMatterTag(2895, 1215, goodwill)>, <KeyAuditMatterTag(2896, 1215, impairment)>, <KeyAuditMatterTag(2897, 1216, asset)>, <KeyAuditMatterTag(2898, 1216, impairment)>]",https://www1.hkexnews.hk/listedco/listconews/gem/2020/0629/2020062900814.pdf
610,9296598,28/05/2020 20:16,872,TUS INTL,2019 Annual Report,"Financial Statements/ESG Information - [Annual Report / Environmental, Social and Governance Information/Report]",2MB,"[<Auditor(585, 9296598, HLB Hodgson Impey Cheng Limited)>]","[<KeyAuditMatter(1396, 9296598 Accounting for business combinations)>, <KeyAuditMatter(1397, 9296598 Assessing the fair value of financial assets at fair value through other comprehensive income)>, <KeyAuditMatter(1398, 9296598 Impairment assessment on goodwill and intangible assets)>]","[<KeyAuditMatterTag(3338, 1396, business combination)>, <KeyAuditMatterTag(3339, 1397, asset)>, <KeyAuditMatterTag(3340, 1397, fair)>, <KeyAuditMatterTag(3341, 1397, financial asset)>, <KeyAuditMatterTag(3342, 1397, income)>, <KeyAuditMatterTag(3343, 1397, value)>, <KeyAuditMatterTag(3344, 1398, assessment)>, <KeyAuditMatterTag(3345, 1398, asset)>, <KeyAuditMatterTag(3346, 1398, goodwill)>, <KeyAuditMatterTag(3347, 1398, impairment)>]",https://www1.hkexnews.hk/listedco/listconews/sehk/2020/0528/2020052801319.pdf
652,9281709,15/05/2020 12:00,286,AIDIGONG,Annual Report 2019,"Financial Statements/ESG Information - [Annual Report / Environmental, Social and Governance Information/Report]",4MB,"[<Auditor(626, 9281709, HLB Hodgson Impey Cheng Limited)>]","[<KeyAuditMatter(1493, 9281709 Accounting for business combination)>, <KeyAuditMatter(1494, 9281709 Impairment assessment of intangible assets and goodwill)>, <KeyAuditMatter(1495, 9281709 Impairment assessment of interests in associates)>]","[<KeyAuditMatterTag(3578, 1493, business combination)>, <KeyAuditMatterTag(3579, 1494, assessment)>, <KeyAuditMatterTag(3580, 1494, asset)>, <KeyAuditMatterTag(3581, 1494, goodwill)>, <KeyAuditMatterTag(3582, 1494, impairment)>, <KeyAuditMatterTag(3583, 1495, assessment)>, <KeyAuditMatterTag(3584, 1495, associate)>, <KeyAuditMatterTag(3585, 1495, impairment)>]",https://www1.hkexnews.hk/listedco/listconews/sehk/2020/0515/2020051500392.pdf
767,9481579,22/10/2020 18:15,659,NWS HOLDINGS,ANNUAL REPORT 2020,"Financial Statements/ESG Information - [Annual Report / Environmental, Social and Governance Information/Report]",12MB,"[<Auditor(737, 9481579, PricewaterhouseCoopers)>]","[<KeyAuditMatter(1785, 9481579 (i) Impairment of the Groups interests in associated companies and joint ventures)>, <KeyAuditMatter(1786, 9481579 Impairment of the Groups interests in associated companies and joint ventures (continued))>, <KeyAuditMatter(1787, 9481579 Fair value measurement of financial assets at fair value through other comprehensive income and financial assets at fair value through profit or loss)>, <KeyAuditMatter(1788, 9481579 Fair value measurement of financial assets at fair value through other comprehensive income and financial assets at fair value through profit or loss (continued))>, <KeyAuditMatter(1789, 9481579 Business combination of FTLife Insurance Company Limited and its subsidiaries)>, <KeyAuditMatter(1790, 9481579 sment on (a) valuation of insurance ct liabilities and (b) amortization of value iness acquired and deferred acquisition )>, <KeyAuditMatter(1791, 9481579 valuation of insurance contract liabilities(a) valuation of insurance contract liabilities)>, <KeyAuditMatter(1792, 9481579 sment on (a) valuation of insurance ct liabilities and (b) amortization of value iness acquired and deferred acquisition continued))>, <KeyAuditMatter(1793, 9481579 amortization of value of business (b) amortization of value of business acquired and acquired and deferred acquisition costsdeferred acquisition costs)>]","[<KeyAuditMatterTag(4227, 1785, associate)>, <KeyAuditMatterTag(4228, 1785, impairment)>, <KeyAuditMatterTag(4229, 1785, joint ventures)>, <KeyAuditMatterTag(4230, 1786, associate)>, <KeyAuditMatterTag(4231, 1786, impairment)>, <KeyAuditMatterTag(4232, 1786, joint ventures)>, <KeyAuditMatterTag(4233, 1787, asset)>, <KeyAuditMatterTag(4234, 1787, fair)>, <KeyAuditMatterTag(4235, 1787, financial asset)>, <KeyAuditMatterTag(4236, 1787, income)>, <KeyAuditMatterTag(4237, 1787, measurement)>, <KeyAuditMatterTag(4238, 1787, value)>, <KeyAuditMatterTag(4239, 1788, asset)>, <KeyAuditMatterTag(4240, 1788, fair)>, <KeyAuditMatterTag(4241, 1788, financial asset)>, <KeyAuditMatterTag(4242, 1788, income)>, <KeyAuditMatterTag(4243, 1788, measurement)>, <KeyAuditMatterTag(4244, 1788, value)>, <KeyAuditMatterTag(4245, 1789, business combination)>, <KeyAuditMatterTag(4246, 1790, acquisition)>, <KeyAuditMatterTag(4247, 1790, deferred)>, <KeyAuditMatterTag(4248, 1790, valuation)>, <KeyAuditMatterTag(4249, 1790, value)>, <KeyAuditMatterTag(4250, 1791, valuation)>, <KeyAuditMatterTag(4251, 1792, acquisition)>, <KeyAuditMatterTag(4252, 1792, deferred)>, <KeyAuditMatterTag(4253, 1792, valuation)>, <KeyAuditMatterTag(4254, 1792, value)>, <KeyAuditMatterTag(4255, 1793, acquisition)>, <KeyAuditMatterTag(4256, 1793, deferred)>, <KeyAuditMatterTag(4257, 1793, value)>]",https://www1.hkexnews.hk/listedco/listconews/sehk/2020/1022/2020102200721.pdf
912,9257965,29/04/2020 06:11,400,COGOBUY,ANNUAL REPORT 2019,"Financial Statements/ESG Information - [Annual Report / Environmental, Social and Governance Information/Report]",4MB,"[<Auditor(867, 9257965, SHINEWING (HK) CPA Limited)>]","[<KeyAuditMatter(2050, 9257965 TO THE SHAREHOLDERS OF COGOBUY GROUP(incorporated in the Cayman Islands with limited liability))>, <KeyAuditMatter(2051, 9257965 Fair value determination of the identifiable assets and liabilities assumed through acquisition)>, <KeyAuditMatter(2052, 9257965 Business Combinations, )>, <KeyAuditMatter(2053, 9257965 Impairment of intangible assets and goodwill)>, <KeyAuditMatter(2054, 9257965 Allowance for inventories)>, <KeyAuditMatter(2055, 9257965 Fair value determination of financial assets at fair value through other comprehensive income)>]","[<KeyAuditMatterTag(4864, 2050, land)>, <KeyAuditMatterTag(4865, 2051, acquisition)>, <KeyAuditMatterTag(4866, 2051, asset)>, <KeyAuditMatterTag(4867, 2051, fair)>, <KeyAuditMatterTag(4868, 2051, value)>, <KeyAuditMatterTag(4869, 2052, business combination)>, <KeyAuditMatterTag(4870, 2053, asset)>, <KeyAuditMatterTag(4871, 2053, goodwill)>, <KeyAuditMatterTag(4872, 2053, impairment)>, <KeyAuditMatterTag(4873, 2054, inventories)>, <KeyAuditMatterTag(4874, 2055, asset)>, <KeyAuditMatterTag(4875, 2055, fair)>, <KeyAuditMatterTag(4876, 2055, financial asset)>, <KeyAuditMatterTag(4877, 2055, income)>, <KeyAuditMatterTag(4878, 2055, value)>]",https://www1.hkexnews.hk/listedco/listconews/sehk/2020/0429/2020042900027.pdf
936,9257271,28/04/2020 19:46,613,PLANETREE INT'L,ANNUAL REPORT 2019,"Financial Statements/ESG Information - [Annual Report / Environmental, Social and Governance Information/Report]",1MB,"[<Auditor(891, 9257271, Mazars CPA Limited)>]","[<KeyAuditMatter(2097, 9257271 Loss allowance for expected credit loss (ECL) on loan and interest receivables from money lending business)>, <KeyAuditMatter(2098, 9257271 Valuation of investment properties)>, <KeyAuditMatter(2099, 9257271 Business combinations)>]","[<KeyAuditMatterTag(4967, 2097, ecl)>, <KeyAuditMatterTag(4968, 2097, expected credit loss)>, <KeyAuditMatterTag(4969, 2098, investment)>, <KeyAuditMatterTag(4970, 2098, properties)>, <KeyAuditMatterTag(4971, 2098, valuation)>, <KeyAuditMatterTag(4972, 2099, business combination)>]",https://www1.hkexnews.hk/listedco/listconews/sehk/2020/0428/2020042802917.pdf
944,9257033,28/04/2020 19:01,1027,CHINA JICHENG,ANNUAL REPORT 2019,"Financial Statements/ESG Information - [Annual Report / Environmental, Social and Governance Information/Report]",2MB,"[<Auditor(898, 9257033, Elite Partners CPA Limited)>]","[<KeyAuditMatter(2115, 9257033 Business combination)>, <KeyAuditMatter(2116, 9257033 Fair value measurement on contingent consideration receivables)>]","[<KeyAuditMatterTag(5006, 2115, business combination)>, <KeyAuditMatterTag(5007, 2116, fair)>, <KeyAuditMatterTag(5008, 2116, measurement)>, <KeyAuditMatterTag(5009, 2116, value)>]",https://www1.hkexnews.hk/listedco/listconews/sehk/2020/0428/2020042802679.pdf
1079,9255182,28/04/2020 16:36,456,NEW CITY DEV,Annual Report 2019,Financial Statements/ESG Information - [Annual Report],2MB,"[<Auditor(1032, 9255182, McMillan Woods (Hong Kong) CPA Limited)>]","[<KeyAuditMatter(2428, 9255182 Fair value of the investment properties  Guangzhou Properties)>, <KeyAuditMatter(2429, 9255182 Impairment assessment of the investment properties  Luoyang Properties and Zhuhai Properties)>, <KeyAuditMatter(2430, 9255182 Recoverability and impairment assessment for the deposits and other receivables)>, <KeyAuditMatter(2431, 9255182 Business combinations and gain on bargain purchase)>]","[<KeyAuditMatterTag(5743, 2428, fair)>, <KeyAuditMatterTag(5744, 2428, investment)>, <KeyAuditMatterTag(5745, 2428, properties)>, <KeyAuditMatterTag(5746, 2428, value)>, <KeyAuditMatterTag(5747, 2429, assessment)>, <KeyAuditMatterTag(5748, 2429, impairment)>, <KeyAuditMatterTag(5749, 2429, investment)>, <KeyAuditMatterTag(5750, 2429, properties)>, <KeyAuditMatterTag(5751, 2430, assessment)>, <KeyAuditMatterTag(5752, 2430, impairment)>, <KeyAuditMatterTag(5753, 2430, recoverability)>, <KeyAuditMatterTag(5754, 2431, business combination)>, <KeyAuditMatterTag(5755, 2431, purchase)>]",https://www1.hkexnews.hk/listedco/listconews/sehk/2020/0428/2020042800830.pdf
1115,9254814,28/04/2020 12:02,1931,IVD MEDICAL,Annual Report 2019,"Financial Statements/ESG Information - [Annual Report / Environmental, Social and Governance Information/Report]",2MB,"[<Auditor(1065, 9254814, Ernst & Young)>]","[<KeyAuditMatter(2505, 9254814 Purchase price allocation for a business combination)>, <KeyAuditMatter(2506, 9254814 Impairment assessment of goodwill and other intangible assets)>]","[<KeyAuditMatterTag(5934, 2505, allocation)>, <KeyAuditMatterTag(5935, 2505, business combination)>, <KeyAuditMatterTag(5936, 2505, price)>, <KeyAuditMatterTag(5937, 2505, purchase)>, <KeyAuditMatterTag(5938, 2506, assessment)>, <KeyAuditMatterTag(5939, 2506, asset)>, <KeyAuditMatterTag(5940, 2506, goodwill)>, <KeyAuditMatterTag(5941, 2506, impairment)>]",https://www1.hkexnews.hk/listedco/listconews/sehk/2020/0428/2020042800388.pdf
1189,9253141,27/04/2020 17:35,636,KERRY LOG NET,Annual Report 2019,"Financial Statements/ESG Information - [Annual Report / Environmental, Social and Governance Information/Report]",8MB,"[<Auditor(1138, 9253141, PricewaterhouseCoopers)>]","[<KeyAuditMatter(2679, 9253141 BUSINESS COMBINATIONS)>, <KeyAuditMatter(2680, 9253141 ASSESSMENT OF CARRYING VALUE OF GOODWILL)>, <KeyAuditMatter(2681, 9253141 VALUATION OF INVESTMENT PROPERTIES)>, <KeyAuditMatter(2682, 9253141 RECOVERABILITY OF ACCOUNTS RECEIVABLE)>]","[<KeyAuditMatterTag(6349, 2679, business combination)>, <KeyAuditMatterTag(6350, 2680, assessment)>, <KeyAuditMatterTag(6351, 2680, goodwill)>, <KeyAuditMatterTag(6352, 2680, value)>, <KeyAuditMatterTag(6353, 2681, investment)>, <KeyAuditMatterTag(6354, 2681, properties)>, <KeyAuditMatterTag(6355, 2681, valuation)>, <KeyAuditMatterTag(6356, 2682, recoverability)>]",https://www1.hkexnews.hk/listedco/listconews/sehk/2020/0427/2020042701569.pdf
1233,9252533,27/04/2020 16:46,3700,INKE,Annual Report 2019,"Financial Statements/ESG Information - [Annual Report / Environmental, Social and Governance Information/Report]",2MB,"[<Auditor(1182, 9252533, PricewaterhouseCoopers)>]","[<KeyAuditMatter(2782, 9252533 Revenue recognition of live streaming business)>, <KeyAuditMatter(2783, 9252533 Business combination and goodwill impairment assessment)>]","[<KeyAuditMatterTag(6591, 2782, recognition)>, <KeyAuditMatterTag(6592, 2782, revenue)>, <KeyAuditMatterTag(6593, 2783, assessment)>, <KeyAuditMatterTag(6594, 2783, business combination)>, <KeyAuditMatterTag(6595, 2783, goodwill)>, <KeyAuditMatterTag(6596, 2783, impairment)>]",https://www1.hkexnews.hk/listedco/listconews/sehk/2020/0427/2020042700968.pdf
1308,9251634,27/04/2020 07:29,467,UNITEDENERGY GP,2019 Annual Report,Financial Statements/ESG Information - [Annual Report],4MB,"[<Auditor(1256, 9251634, RSM Hong Kong)>]","[<KeyAuditMatter(2954, 9251634 TO THE SHAREHOLDERS OFUNITED ENERGY GROUP LIMITED(Incorporated in the Cayman Islands and continued in Bermuda with limited liability))>, <KeyAuditMatter(2955, 9251634 Key Audit MatterHow our audit addressed the Key Audit MatterAudit procedures performed by the component Impairment of property, plant and equipment of auditors of the Groups businesses in Pakistan, exploration and production segmentMiddle East and North Africa and by the Group audit engagement team included:)>, <KeyAuditMatter(2956, 9251634 Key Audit MatterHow our audit addressed the Key Audit MatterAudit procedures performed by the Group audit Purchase price allocation for a business combinationengagement team included:)>, <KeyAuditMatter(2957, 9251634 Key Audit MatterHow our audit addressed the Key Audit MatterAudit procedures performed by the Group audit Purchase price allocation for a business combination engagement team included: (Continued)(Continued))>]","[<KeyAuditMatterTag(6991, 2954, land)>, <KeyAuditMatterTag(6992, 2955, impairment)>, <KeyAuditMatterTag(6993, 2955, plant and equipment)>, <KeyAuditMatterTag(6994, 2955, property)>, <KeyAuditMatterTag(6995, 2956, allocation)>, <KeyAuditMatterTag(6996, 2956, business combination)>, <KeyAuditMatterTag(6997, 2956, price)>, <KeyAuditMatterTag(6998, 2956, purchase)>, <KeyAuditMatterTag(6999, 2957, allocation)>, <KeyAuditMatterTag(7000, 2957, business combination)>, <KeyAuditMatterTag(7001, 2957, price)>, <KeyAuditMatterTag(7002, 2957, purchase)>]",https://www1.hkexnews.hk/listedco/listconews/sehk/2020/0427/2020042700019.pdf
1361,9249955,24/04/2020 17:19,270,GUANGDONG INV,2019 Annual Report,Financial Statements/ESG Information - [Annual Report],5MB,"[<Auditor(1306, 9249955, Ernst & Young)>]","[<KeyAuditMatter(3100, 9249955 To the members of Guangdong Investment Limited(Incorporated in Hong Kong with limited liability))>, <KeyAuditMatter(3101, 9249955 Valuation of investment properties at fair values)>, <KeyAuditMatter(3102, 9249955 Assessment of net realisable value of completed properties held for sale and properties held for sale under development)>, <KeyAuditMatter(3103, 9249955 Purchase price allocation for a business combination)>]","[<KeyAuditMatterTag(7311, 3100, investment)>, <KeyAuditMatterTag(7312, 3101, fair)>, <KeyAuditMatterTag(7313, 3101, investment)>, <KeyAuditMatterTag(7314, 3101, properties)>, <KeyAuditMatterTag(7315, 3101, valuation)>, <KeyAuditMatterTag(7316, 3101, value)>, <KeyAuditMatterTag(7317, 3101, values)>, <KeyAuditMatterTag(7318, 3102, assessment)>, <KeyAuditMatterTag(7319, 3102, net realisable value)>, <KeyAuditMatterTag(7320, 3102, properties)>, <KeyAuditMatterTag(7321, 3102, value)>, <KeyAuditMatterTag(7322, 3103, allocation)>, <KeyAuditMatterTag(7323, 3103, business combination)>, <KeyAuditMatterTag(7324, 3103, price)>, <KeyAuditMatterTag(7325, 3103, purchase)>]",https://www1.hkexnews.hk/listedco/listconews/sehk/2020/0424/2020042401381.pdf
1559,9246709,23/04/2020 16:36,2666,UNI MEDICAL,ANNUAL REPORT 2019,"Financial Statements/ESG Information - [Annual Report / Environmental, Social and Governance Information/Report]",4MB,"[<Auditor(1496, 9246709, Ernst & Young)>]","[<KeyAuditMatter(3529, 9246709 Allowance for impairment of loans and accounts receivables)>, <KeyAuditMatter(3530, 9246709 Business combinations)>]","[<KeyAuditMatterTag(8300, 3529, impairment)>, <KeyAuditMatterTag(8301, 3530, business combination)>]",https://www1.hkexnews.hk/listedco/listconews/sehk/2020/0423/2020042300516.pdf
1617,9245328,22/04/2020 17:34,2348,DAWNRAYS PHARMA,2019 Annual Report,Financial Statements/ESG Information - [Annual Report],3MB,"[<Auditor(1550, 9245328, Ernst & Young)>]","[<KeyAuditMatter(3635, 9245328 Provision for inventories)>, <KeyAuditMatter(3636, 9245328 Impairment of goodwill acquired in business combination)>]","[<KeyAuditMatterTag(8540, 3635, inventories)>, <KeyAuditMatterTag(8541, 3635, provision)>, <KeyAuditMatterTag(8542, 3636, business combination)>, <KeyAuditMatterTag(8543, 3636, goodwill)>, <KeyAuditMatterTag(8544, 3636, impairment)>]",https://www1.hkexnews.hk/listedco/listconews/sehk/2020/0422/2020042201050.pdf
1685,9243670,21/04/2020 18:20,6098,CG SERVICES,2019 ANNUAL REPORT,Financial Statements/ESG Information - [Annual Report],5MB,"[<Auditor(1617, 9243670, PricewaterhouseCoopers)>]","[<KeyAuditMatter(3766, 9243670 Assessment of the expected credit losses of trade receivables )>, <KeyAuditMatter(3767, 9243670 Purchase price allocation for business combinations)>, <KeyAuditMatter(3768, 9243670 Goodwill impairment assessment)>]","[<KeyAuditMatterTag(8881, 3766, assessment)>, <KeyAuditMatterTag(8882, 3766, expected credit loss)>, <KeyAuditMatterTag(8883, 3767, allocation)>, <KeyAuditMatterTag(8884, 3767, business combination)>, <KeyAuditMatterTag(8885, 3767, price)>, <KeyAuditMatterTag(8886, 3767, purchase)>, <KeyAuditMatterTag(8887, 3768, assessment)>, <KeyAuditMatterTag(8888, 3768, goodwill)>, <KeyAuditMatterTag(8889, 3768, impairment)>]",https://www1.hkexnews.hk/listedco/listconews/sehk/2020/0421/2020042101001.pdf
1755,9241663,20/04/2020 17:32,1818,ZHAOJIN MINING,ANNUAL REPORT 2019,Financial Statements/ESG Information - [Annual Report],1MB,"[<Auditor(1687, 9241663, Ernst & Young)>]","[<KeyAuditMatter(3903, 9241663 Independent auditors reportTo the shareholders of Zhaojin Mining Industry Company Limited(A joint stock company established in the Peoples Republic of China with limited liability))>, <KeyAuditMatter(3904, 9241663 Impairment of goodwill)>, <KeyAuditMatter(3905, 9241663 Business combinations and goodwillEstimation uncertainty)>, <KeyAuditMatter(3906, 9241663 Impairment of property, plant and equipment, right-of-use assets and other intangible assets)>, <KeyAuditMatter(3907, 9241663 Property, plant and equipment and depreciationIntangible assets (other than goodwill)Estimation uncertainty)>]","[<KeyAuditMatterTag(9235, 3903, mining)>, <KeyAuditMatterTag(9236, 3904, goodwill)>, <KeyAuditMatterTag(9237, 3904, impairment)>, <KeyAuditMatterTag(9238, 3905, business combination)>, <KeyAuditMatterTag(9239, 3905, estimation)>, <KeyAuditMatterTag(9240, 3905, goodwill)>, <KeyAuditMatterTag(9241, 3906, asset)>, <KeyAuditMatterTag(9242, 3906, impairment)>, <KeyAuditMatterTag(9243, 3906, plant and equipment)>, <KeyAuditMatterTag(9244, 3906, property)>, <KeyAuditMatterTag(9245, 3906, right)>, <KeyAuditMatterTag(9246, 3907, asset)>, <KeyAuditMatterTag(9247, 3907, estimation)>, <KeyAuditMatterTag(9248, 3907, goodwill)>, <KeyAuditMatterTag(9249, 3907, plant and equipment)>, <KeyAuditMatterTag(9250, 3907, property)>]",https://www1.hkexnews.hk/listedco/listconews/sehk/2020/0420/2020042000864.pdf
1844,9239260,17/04/2020 16:40,02359<br/>06015,WUXI APPTEC<br/>WXAT B2409,2019 ANNUAL REPORT,Financial Statements/ESG Information - [Annual Report],2MB,"[<Auditor(1775, 9239260, Deloitte Touche Tohmatsu)>]","[<KeyAuditMatter(4133, 9239260 Impairment of goodwill acquired in business combinations)>, <KeyAuditMatter(4134, 9239260 Revenue recognition for Fee-For-Service (FFS) revenue)>, <KeyAuditMatter(4135, 9239260 Revenue from Contracts with Customers)>, <KeyAuditMatter(4136, 9239260 Fair value measurement for investments with no quoted market prices in active markets)>]","[<KeyAuditMatterTag(9724, 4133, business combination)>, <KeyAuditMatterTag(9725, 4133, goodwill)>, <KeyAuditMatterTag(9726, 4133, impairment)>, <KeyAuditMatterTag(9727, 4134, recognition)>, <KeyAuditMatterTag(9728, 4134, revenue)>, <KeyAuditMatterTag(9729, 4135, contracts)>, <KeyAuditMatterTag(9730, 4135, revenue)>, <KeyAuditMatterTag(9731, 4136, fair)>, <KeyAuditMatterTag(9732, 4136, investment)>, <KeyAuditMatterTag(9733, 4136, measurement)>, <KeyAuditMatterTag(9734, 4136, price)>, <KeyAuditMatterTag(9735, 4136, value)>]",https://www1.hkexnews.hk/listedco/listconews/sehk/2020/0417/2020041700618.pdf
2036,9229908,08/04/2020 17:03,165,CHINA EB LTD,ANNUAL REPORT 2019,"Financial Statements/ESG Information - [Annual Report / Environmental, Social and Governance Information/Report]",6MB,"[<Auditor(1956, 9229908, Ernst & Young)>]","[<KeyAuditMatter(4550, 9229908 TO THE MEMBERS OF CHINA EVERBRIGHT LIMITED(Incorporated in Hong Kong with limited liability))>, <KeyAuditMatter(4551, 9229908  ANNUAL REPORT 2019CHINA EVERBRIGHT LIMITED )>, <KeyAuditMatter(4552, 9229908 Key audit mattersHow our audit addressed the key audit mattersValuation of Level 3 financial investments)>, <KeyAuditMatter(4553, 9229908  ANNUAL REPORT 2019CHINA EVERBRIGHT LIMITED )>, <KeyAuditMatter(4554, 9229908 Key audit mattersHow our audit addressed the key audit mattersImpairment of investments in associates)>, <KeyAuditMatter(4555, 9229908 Key audit mattersHow our audit addressed the key audit mattersBusiness combination of Ying Li)>]","[<KeyAuditMatterTag(10698, 4550, right)>, <KeyAuditMatterTag(10699, 4551, right)>, <KeyAuditMatterTag(10700, 4552, investment)>, <KeyAuditMatterTag(10701, 4552, valuation)>, <KeyAuditMatterTag(10702, 4553, right)>, <KeyAuditMatterTag(10703, 4554, associate)>, <KeyAuditMatterTag(10704, 4554, impairment)>, <KeyAuditMatterTag(10705, 4554, investment)>, <KeyAuditMatterTag(10706, 4555, business combination)>]",https://www1.hkexnews.hk/listedco/listconews/sehk/2020/0408/2020040800544.pdf
2120,9219490,01/04/2020 17:06,1368,XTEP INT'L,ANNUAL REPORT 2019,Financial Statements/ESG Information - [Annual Report],7MB,"[<Auditor(2036, 9219490, Ernst & Young)>]","[<KeyAuditMatter(4737, 9219490 To the shareholders of Xtep International Holdings Limited(Incorporated in the Cayman Islands with limited liability))>, <KeyAuditMatter(4738, 9219490 Impairment assessment of trade receivables)>, <KeyAuditMatter(4739, 9219490 Provision for inventories)>, <KeyAuditMatter(4740, 9219490 Purchase price allocation for a business combination)>, <KeyAuditMatter(4741, 9219490 Impairment assessment of goodwill and intangible assets)>]","[<KeyAuditMatterTag(11118, 4737, land)>, <KeyAuditMatterTag(11119, 4738, assessment)>, <KeyAuditMatterTag(11120, 4738, impairment)>, <KeyAuditMatterTag(11121, 4739, inventories)>, <KeyAuditMatterTag(11122, 4739, provision)>, <KeyAuditMatterTag(11123, 4740, allocation)>, <KeyAuditMatterTag(11124, 4740, business combination)>, <KeyAuditMatterTag(11125, 4740, price)>, <KeyAuditMatterTag(11126, 4740, purchase)>, <KeyAuditMatterTag(11127, 4741, assessment)>, <KeyAuditMatterTag(11128, 4741, asset)>, <KeyAuditMatterTag(11129, 4741, goodwill)>, <KeyAuditMatterTag(11130, 4741, impairment)>]",https://www1.hkexnews.hk/listedco/listconews/sehk/2020/0401/2020040102228.pdf
2157,9213177,31/03/2020 16:31,8405,HANG CHI HLDG,2019 ANNUAL REPORT,"Financial Statements/ESG Information - [Annual Report / Environmental, Social and Governance Information/Report]",7MB,"[<Auditor(2071, 9213177, Ernst & Young)>]","[<KeyAuditMatter(4820, 9213177 TOR(Incorporated in the Cayman Islands with limited liability)SREPOpinion)>, <KeyAuditMatter(4821, 9213177 Impairment of goodwill)>, <KeyAuditMatter(4822, 9213177 Purchase price allocation for business combination)>]","[<KeyAuditMatterTag(11304, 4820, land)>, <KeyAuditMatterTag(11305, 4821, goodwill)>, <KeyAuditMatterTag(11306, 4821, impairment)>, <KeyAuditMatterTag(11307, 4822, allocation)>, <KeyAuditMatterTag(11308, 4822, business combination)>, <KeyAuditMatterTag(11309, 4822, price)>, <KeyAuditMatterTag(11310, 4822, purchase)>]",https://www1.hkexnews.hk/listedco/listconews/gem/2020/0331/2020033100807.pdf
2166,9212716,31/03/2020 07:52,2678,TEXHONG TEXTILE,ANNUAL REPORT 2019,Financial Statements/ESG Information - [Annual Report],7MB,"[<Auditor(2080, 9212716, PricewaterhouseCoopers)>]","[<KeyAuditMatter(4839, 9212716 	Revenue	recognition:	Sales	of	goods)>, <KeyAuditMatter(4840, 9212716 Revenue recognition: Sales of goods)>, <KeyAuditMatter(4841, 9212716 Business combinations)>]","[<KeyAuditMatterTag(11342, 4839, recognition)>, <KeyAuditMatterTag(11343, 4839, revenue)>, <KeyAuditMatterTag(11344, 4840, recognition)>, <KeyAuditMatterTag(11345, 4840, revenue)>, <KeyAuditMatterTag(11346, 4841, business combination)>]",https://www1.hkexnews.hk/listedco/listconews/sehk/2020/0331/2020033100515.pdf
2195,9210263,30/03/2020 17:21,8146,GRACEWINE,2019 Annual Report,"Financial Statements/ESG Information - [Annual Report / Environmental, Social and Governance Information/Report]",2MB,"[<Auditor(2108, 9210263, Ernst & Young)>]","[<KeyAuditMatter(4901, 9210263 To the shareholders of Grace Wine Holdings Limited(Incorporated in the Cayman Islands with limited liability))>, <KeyAuditMatter(4902, 9210263 o the shareholders of Grace Wine Holdings Limitedncorporated in the Cayman Islands with limited liability))>, <KeyAuditMatter(4903, 9210263 Valuation of biological assets)>, <KeyAuditMatter(4904, 9210263 To the shareholders of Grace Wine Holdings Limited(Incorporated in the Cayman Islands with limited liability))>, <KeyAuditMatter(4905, 9210263 Accounting for acquisition of a 100% equity interest in Maxco Asia Limited and its subsidiary (the Acquisition))>, <KeyAuditMatter(4906, 9210263 Business Combinations)>]","[<KeyAuditMatterTag(11482, 4901, land)>, <KeyAuditMatterTag(11483, 4902, land)>, <KeyAuditMatterTag(11484, 4903, asset)>, <KeyAuditMatterTag(11485, 4903, valuation)>, <KeyAuditMatterTag(11486, 4904, land)>, <KeyAuditMatterTag(11487, 4905, acquisition)>, <KeyAuditMatterTag(11488, 4906, business combination)>]",https://www1.hkexnews.hk/listedco/listconews/gem/2020/0330/2020033000848.pdf
2271,9204621,26/03/2020 19:02,8179,FOOD IDEA,ANNUAL REPORT 2019,Financial Statements/ESG Information - [Annual Report],2MB,"[<Auditor(2183, 9204621, Elite Partners CPA Limited)>]","[<KeyAuditMatter(5071, 9204621 Business combinations and Impairment assessment of goodwill)>]","[<KeyAuditMatterTag(11821, 5071, assessment)>, <KeyAuditMatterTag(11822, 5071, business combination)>, <KeyAuditMatterTag(11823, 5071, goodwill)>, <KeyAuditMatterTag(11824, 5071, impairment)>]",https://www1.hkexnews.hk/listedco/listconews/gem/2020/0326/2020032601124.pdf
2392,9072697,20/11/2019 17:53,191,LAI SUN INT'L,Annual Report Year ended 31 July 2019,"Financial Statements/ESG Information - [Annual Report / Environmental, Social and Governance Information/Report]",5MB,"[<Auditor(2294, 9072697, Ernst & Young)>]","[<KeyAuditMatter(5304, 9072697 Key audit matterHow our audit addressed the key audit matterImpairment of a hotel property located in Hong Kong)>, <KeyAuditMatter(5305, 9072697 Estimation of fair values of investment properties)>, <KeyAuditMatter(5306, 9072697 Key audit matterHow our audit addressed the key audit matterPurchase price allocation for a business combination)>]","[<KeyAuditMatterTag(12305, 5304, impairment)>, <KeyAuditMatterTag(12306, 5304, property)>, <KeyAuditMatterTag(12307, 5305, estimation)>, <KeyAuditMatterTag(12308, 5305, fair)>, <KeyAuditMatterTag(12309, 5305, investment)>, <KeyAuditMatterTag(12310, 5305, properties)>, <KeyAuditMatterTag(12311, 5305, value)>, <KeyAuditMatterTag(12312, 5305, values)>, <KeyAuditMatterTag(12313, 5306, allocation)>, <KeyAuditMatterTag(12314, 5306, business combination)>, <KeyAuditMatterTag(12315, 5306, price)>, <KeyAuditMatterTag(12316, 5306, purchase)>]",https://www1.hkexnews.hk/listedco/listconews/sehk/2019/1120/2019112000484.pdf
2393,9072647,20/11/2019 17:39,488,LAI SUN DEV,Annual Report Year ended 31 July 2019,"Financial Statements/ESG Information - [Annual Report / Environmental, Social and Governance Information/Report]",4MB,"[<Auditor(2295, 9072647, Ernst & Young)>]","[<KeyAuditMatter(5307, 9072647 Key audit matterHow our audit addressed the key audit matterImpairment of a hotel property located in Hong Kong)>, <KeyAuditMatter(5308, 9072647 Estimation of fair values of investment properties)>, <KeyAuditMatter(5309, 9072647 Key audit matterHow our audit addressed the key audit matterPurchase price allocation for a business combination)>]","[<KeyAuditMatterTag(12317, 5307, impairment)>, <KeyAuditMatterTag(12318, 5307, property)>, <KeyAuditMatterTag(12319, 5308, estimation)>, <KeyAuditMatterTag(12320, 5308, fair)>, <KeyAuditMatterTag(12321, 5308, investment)>, <KeyAuditMatterTag(12322, 5308, properties)>, <KeyAuditMatterTag(12323, 5308, value)>, <KeyAuditMatterTag(12324, 5308, values)>, <KeyAuditMatterTag(12325, 5309, allocation)>, <KeyAuditMatterTag(12326, 5309, business combination)>, <KeyAuditMatterTag(12327, 5309, price)>, <KeyAuditMatterTag(12328, 5309, purchase)>]",https://www1.hkexnews.hk/listedco/listconews/sehk/2019/1120/2019112000434.pdf
2479,9275650,11/05/2020 19:01,6128,EARTHASIA,Annual Report 2019,"Financial Statements/ESG Information - [Annual Report / Environmental, Social and Governance Information/Report]",5MB,"[<Auditor(2379, 9275650, Crowe (HK) CPA Limited)>]","[<KeyAuditMatter(5510, 9275650 Revenue recognition of landscape design services)>, <KeyAuditMatter(5511, 9275650 Recoverability of trade and bills receivables and contract assets)>, <KeyAuditMatter(5512, 9275650 Business combination)>, <KeyAuditMatter(5513, 9275650 Impairment assessment of goodwill, other intangible assets, and property and equipment)>]","[<KeyAuditMatterTag(12824, 5510, land)>, <KeyAuditMatterTag(12825, 5510, recognition)>, <KeyAuditMatterTag(12826, 5510, revenue)>, <KeyAuditMatterTag(12827, 5511, asset)>, <KeyAuditMatterTag(12828, 5511, recoverability)>, <KeyAuditMatterTag(12829, 5512, business combination)>, <KeyAuditMatterTag(12830, 5513, assessment)>, <KeyAuditMatterTag(12831, 5513, asset)>, <KeyAuditMatterTag(12832, 5513, goodwill)>, <KeyAuditMatterTag(12833, 5513, impairment)>, <KeyAuditMatterTag(12834, 5513, property)>]",https://www1.hkexnews.hk/listedco/listconews/sehk/2020/0511/2020051101062.pdf
