id,news_id,date_time,stock_code,stock_name,title,long_text,file_info,audit_firms,kams,kam_tags,file_link
61,9442588,15/09/2020 22:21,159,BROCKMAN MINING,Annual Report 2020,Financial Statements/ESG Information - [Annual Report],3MB,"[<Auditor(61, 9442588, ernst & Young)>]","[<KeyAuditMatter(113, 9442588 to the shareholders of Brockman Mining limited(incorporated in Bermuda with limited liability))>, <KeyAuditMatter(114, 9442588 1. Carrying value of capitalised mining exploration properties)>, <KeyAuditMatter(115, 9442588 	Considered	whether	the	Groups	right	to	explore	was	)>, <KeyAuditMatter(116, 9442588 	Assessed	whether	exploration	and	evaluation	data	exists	)>, <KeyAuditMatter(117, 9442588  Recognition of deferred tax asset)>, <KeyAuditMatter(118, 9442588 	Between	the	Group	and	the	Australian	tax	)>, <KeyAuditMatter(119, 9442588 	Between	the	Group	and	external	tax	advisors.)>, <KeyAuditMatter(120, 9442588  Measurement of polaris loan)>, <KeyAuditMatter(121, 9442588 	We	considered	and	challenged	the	Groups	assessment	)>]","[<KeyAuditMatterTag(272, 113, mining)>, <KeyAuditMatterTag(273, 114, mining)>, <KeyAuditMatterTag(274, 114, properties)>, <KeyAuditMatterTag(275, 114, value)>, <KeyAuditMatterTag(276, 115, right)>, <KeyAuditMatterTag(277, 116, valuation)>, <KeyAuditMatterTag(278, 117, asset)>, <KeyAuditMatterTag(279, 117, deferred)>, <KeyAuditMatterTag(280, 117, recognition)>, <KeyAuditMatterTag(281, 117, tax)>, <KeyAuditMatterTag(282, 118, tax)>, <KeyAuditMatterTag(283, 119, tax)>, <KeyAuditMatterTag(284, 120, measurement)>, <KeyAuditMatterTag(285, 121, assessment)>]",https://www1.hkexnews.hk/listedco/listconews/sehk/2020/0915/2020091501064.pdf
262,9368546,23/07/2020 21:00,6858,HONMAGOLF,2019/20 ANNUAL REPORT,"Financial Statements/ESG Information - [Annual Report / Environmental, Social and Governance Information/Report]",4MB,"[<Auditor(251, 9368546, Ernst & Young)>]","[<KeyAuditMatter(619, 9368546 Key audit matterHow our audit addressed the key audit matterRecoverability of deferred tax assets)>, <KeyAuditMatter(620, 9368546 Inventory provision)>]","[<KeyAuditMatterTag(1486, 619, asset)>, <KeyAuditMatterTag(1487, 619, deferred)>, <KeyAuditMatterTag(1488, 619, recoverability)>, <KeyAuditMatterTag(1489, 619, tax)>, <KeyAuditMatterTag(1490, 620, inventory)>, <KeyAuditMatterTag(1491, 620, provision)>]",https://www1.hkexnews.hk/listedco/listconews/sehk/2020/0723/2020072301280.pdf
298,9365769,22/07/2020 16:56,417,TSE SUI LUEN,ANNUAL REPORT 2019/2020,Financial Statements/ESG Information - [Annual Report],9MB,"[<Auditor(284, 9365769, ernst & Young)>]","[<KeyAuditMatter(719, 9365769 Impairment assessment of property, plant and equipment and right-of-use assets)>, <KeyAuditMatter(720, 9365769 Recognition of deferred tax assets)>, <KeyAuditMatter(721, 9365769 Recognition of deferred tax liabilities regarding withholding tax on unremitted earnings of subsidiaries established in Mainland China)>, <KeyAuditMatter(722, 9365769 Net realisable value of Inventories)>]","[<KeyAuditMatterTag(1736, 719, assessment)>, <KeyAuditMatterTag(1737, 719, asset)>, <KeyAuditMatterTag(1738, 719, impairment)>, <KeyAuditMatterTag(1739, 719, plant and equipment)>, <KeyAuditMatterTag(1740, 719, property)>, <KeyAuditMatterTag(1741, 719, right)>, <KeyAuditMatterTag(1742, 720, asset)>, <KeyAuditMatterTag(1743, 720, deferred)>, <KeyAuditMatterTag(1744, 720, recognition)>, <KeyAuditMatterTag(1745, 720, tax)>, <KeyAuditMatterTag(1746, 721, deferred)>, <KeyAuditMatterTag(1747, 721, land)>, <KeyAuditMatterTag(1748, 721, recognition)>, <KeyAuditMatterTag(1749, 721, tax)>, <KeyAuditMatterTag(1750, 722, inventories)>, <KeyAuditMatterTag(1751, 722, net realisable value)>, <KeyAuditMatterTag(1752, 722, value)>]",https://www1.hkexnews.hk/listedco/listconews/sehk/2020/0722/2020072200554.pdf
338,9361174,17/07/2020 17:17,483,BAUHAUS INT'L,Annual Report 2020,Financial Statements/ESG Information - [Annual Report],5MB,"[<Auditor(323, 9361174, Ernst & Young)>]","[<KeyAuditMatter(837, 9361174 Impairment assessment of property, plant and equipment and right-of-use assets)>, <KeyAuditMatter(838, 9361174 Inventory provision)>, <KeyAuditMatter(839, 9361174 Recognition of deferred tax assets)>]","[<KeyAuditMatterTag(2028, 837, assessment)>, <KeyAuditMatterTag(2029, 837, asset)>, <KeyAuditMatterTag(2030, 837, impairment)>, <KeyAuditMatterTag(2031, 837, plant and equipment)>, <KeyAuditMatterTag(2032, 837, property)>, <KeyAuditMatterTag(2033, 837, right)>, <KeyAuditMatterTag(2034, 838, inventory)>, <KeyAuditMatterTag(2035, 838, provision)>, <KeyAuditMatterTag(2036, 839, asset)>, <KeyAuditMatterTag(2037, 839, deferred)>, <KeyAuditMatterTag(2038, 839, recognition)>, <KeyAuditMatterTag(2039, 839, tax)>]",https://www1.hkexnews.hk/listedco/listconews/sehk/2020/0717/2020071700747.pdf
390,9356310,14/07/2020 16:40,1001,HK SH ALLIANCE,ANNUAL REPORT 2019/20,Financial Statements/ESG Information - [Annual Report],5MB,"[<Auditor(372, 9356310, PricewaterhouseCoopers)>]","[<KeyAuditMatter(953, 9356310 Valuation of investment properties)>, <KeyAuditMatter(954, 9356310 Recognition of deferred income tax assets)>, <KeyAuditMatter(955, 9356310 Impairment of property, plant and equipment)>]","[<KeyAuditMatterTag(2303, 953, investment)>, <KeyAuditMatterTag(2304, 953, properties)>, <KeyAuditMatterTag(2305, 953, valuation)>, <KeyAuditMatterTag(2306, 954, asset)>, <KeyAuditMatterTag(2307, 954, deferred)>, <KeyAuditMatterTag(2308, 954, income)>, <KeyAuditMatterTag(2309, 954, recognition)>, <KeyAuditMatterTag(2310, 954, tax)>, <KeyAuditMatterTag(2311, 955, impairment)>, <KeyAuditMatterTag(2312, 955, plant and equipment)>, <KeyAuditMatterTag(2313, 955, property)>]",https://www1.hkexnews.hk/listedco/listconews/sehk/2020/0714/2020071400612.pdf
448,9337308,30/06/2020 22:51,6116,LA CHAPELLE,Annual Report 2019,Financial Statements/ESG Information - [Annual Report],6MB,"[<Auditor(427, 9337308, Ernst & Young Hua Ming LLP (special general partnership) Chinese)>]","[<KeyAuditMatter(1065, 9337308 Impairment of inventory)>, <KeyAuditMatter(1066, 9337308 Impairment of long-term prepaid expenses)>, <KeyAuditMatter(1067, 9337308 Impairment of long-term prepaid expenses (Continued))>, <KeyAuditMatter(1068, 9337308 Impairment of goodwill)>, <KeyAuditMatter(1069, 9337308 Deferred tax assets)>, <KeyAuditMatter(1070, 9337308 Provision for bad debt)>]","[<KeyAuditMatterTag(2561, 1065, impairment)>, <KeyAuditMatterTag(2562, 1065, inventory)>, <KeyAuditMatterTag(2563, 1066, impairment)>, <KeyAuditMatterTag(2564, 1067, impairment)>, <KeyAuditMatterTag(2565, 1068, goodwill)>, <KeyAuditMatterTag(2566, 1068, impairment)>, <KeyAuditMatterTag(2567, 1069, asset)>, <KeyAuditMatterTag(2568, 1069, deferred)>, <KeyAuditMatterTag(2569, 1069, tax)>, <KeyAuditMatterTag(2570, 1070, provision)>]",https://www1.hkexnews.hk/listedco/listconews/sehk/2020/0630/2020063002676.pdf
598,9309657,05/06/2020 16:45,992,LENOVO GROUP,2019/20 Annual Report,"Financial Statements/ESG Information - [Annual Report / Environmental, Social and Governance Information/Report]",18MB,"[<Auditor(573, 9309657, PricewaterhouseCoopers)>]","[<KeyAuditMatter(1361, 9309657  Impairment assessment of goodwill and other intangible assets with indefinite useful lives)>, <KeyAuditMatter(1362, 9309657  Recognition of deferred income tax assets)>, <KeyAuditMatter(1363, 9309657 How our audit addressed theKey Audit MatterKey Audit MatterImpairment assessment of goodwill and other intangible assets with indefinite useful lives)>, <KeyAuditMatter(1364, 9309657 How our audit addressed the Key Audit MatterKey Audit MatterRecognition of deferred income tax assets)>]","[<KeyAuditMatterTag(3242, 1361, assessment)>, <KeyAuditMatterTag(3243, 1361, asset)>, <KeyAuditMatterTag(3244, 1361, goodwill)>, <KeyAuditMatterTag(3245, 1361, impairment)>, <KeyAuditMatterTag(3246, 1362, asset)>, <KeyAuditMatterTag(3247, 1362, deferred)>, <KeyAuditMatterTag(3248, 1362, income)>, <KeyAuditMatterTag(3249, 1362, recognition)>, <KeyAuditMatterTag(3250, 1362, tax)>, <KeyAuditMatterTag(3251, 1363, assessment)>, <KeyAuditMatterTag(3252, 1363, asset)>, <KeyAuditMatterTag(3253, 1363, goodwill)>, <KeyAuditMatterTag(3254, 1363, impairment)>, <KeyAuditMatterTag(3255, 1364, asset)>, <KeyAuditMatterTag(3256, 1364, deferred)>, <KeyAuditMatterTag(3257, 1364, income)>, <KeyAuditMatterTag(3258, 1364, recognition)>, <KeyAuditMatterTag(3259, 1364, tax)>]",https://www1.hkexnews.hk/listedco/listconews/sehk/2020/0605/2020060500573.pdf
602,9306373,03/06/2020 17:15,179,JOHNSON ELEC H,Annual Report 2020,Financial Statements/ESG Information - [Annual Report],4MB,"[<Auditor(577, 9306373, PricewaterhouseCoopers)>]","[<KeyAuditMatter(1374, 9306373 Goodwill impairment)>, <KeyAuditMatter(1375, 9306373 Deferred tax assets and income taxes)>]","[<KeyAuditMatterTag(3278, 1374, goodwill)>, <KeyAuditMatterTag(3279, 1374, impairment)>, <KeyAuditMatterTag(3280, 1375, asset)>, <KeyAuditMatterTag(3281, 1375, deferred)>, <KeyAuditMatterTag(3282, 1375, income)>, <KeyAuditMatterTag(3283, 1375, tax)>]",https://www1.hkexnews.hk/listedco/listconews/sehk/2020/0603/2020060301119.pdf
680,9280766,14/05/2020 20:00,3313,ARTGO HOLDINGS,Annual Report 2019,"Financial Statements/ESG Information - [Annual Report / Environmental, Social and Governance Information/Report]",5MB,"[<Auditor(653, 9280766, Ernst & Young)>]","[<KeyAuditMatter(1575, 9280766 To the shareholders of ArtGo Holdings Limited(Incorporated in the Cayman Islands with limited liability))>, <KeyAuditMatter(1576, 9280766 Impairment assessment of non-current assets)>, <KeyAuditMatter(1577, 9280766 	We	evaluated	the	assessment	of	impairment	indicators	)>, <KeyAuditMatter(1578, 9280766 	We	tested	the	impairment	models	selected	for	each	)>, <KeyAuditMatter(1579, 9280766 	We	involved	our	internal	valuation	specialists	to	assist	us	)>, <KeyAuditMatter(1580, 9280766 Recoverability of trade receivables)>, <KeyAuditMatter(1581, 9280766 	We	assessed	the	appropriateness	of	ECL	methodology,	)>, <KeyAuditMatter(1582, 9280766 Significant acquisitions)>, <KeyAuditMatter(1583, 9280766 	We	tested	the	identification	of	assets	and	liabilities	)>, <KeyAuditMatter(1584, 9280766 	We	evaluated	the	valuation	assumptions	such	as	)>, <KeyAuditMatter(1585, 9280766 	We	evaluated	the	deferred	taxes	related	to	the	business	)>]","[<KeyAuditMatterTag(3740, 1575, land)>, <KeyAuditMatterTag(3741, 1576, assessment)>, <KeyAuditMatterTag(3742, 1576, asset)>, <KeyAuditMatterTag(3743, 1576, impairment)>, <KeyAuditMatterTag(3744, 1577, assessment)>, <KeyAuditMatterTag(3745, 1577, impairment)>, <KeyAuditMatterTag(3746, 1577, indicator)>, <KeyAuditMatterTag(3747, 1578, impairment)>, <KeyAuditMatterTag(3748, 1579, valuation)>, <KeyAuditMatterTag(3749, 1580, recoverability)>, <KeyAuditMatterTag(3750, 1581, ecl)>, <KeyAuditMatterTag(3751, 1582, acquisition)>, <KeyAuditMatterTag(3752, 1583, asset)>, <KeyAuditMatterTag(3753, 1584, valuation)>, <KeyAuditMatterTag(3754, 1585, deferred)>, <KeyAuditMatterTag(3755, 1585, tax)>]",https://www1.hkexnews.hk/listedco/listconews/sehk/2020/0514/2020051401725.pdf
767,9481579,22/10/2020 18:15,659,NWS HOLDINGS,ANNUAL REPORT 2020,"Financial Statements/ESG Information - [Annual Report / Environmental, Social and Governance Information/Report]",12MB,"[<Auditor(737, 9481579, PricewaterhouseCoopers)>]","[<KeyAuditMatter(1785, 9481579 (i) Impairment of the Groups interests in associated companies and joint ventures)>, <KeyAuditMatter(1786, 9481579 Impairment of the Groups interests in associated companies and joint ventures (continued))>, <KeyAuditMatter(1787, 9481579 Fair value measurement of financial assets at fair value through other comprehensive income and financial assets at fair value through profit or loss)>, <KeyAuditMatter(1788, 9481579 Fair value measurement of financial assets at fair value through other comprehensive income and financial assets at fair value through profit or loss (continued))>, <KeyAuditMatter(1789, 9481579 Business combination of FTLife Insurance Company Limited and its subsidiaries)>, <KeyAuditMatter(1790, 9481579 sment on (a) valuation of insurance ct liabilities and (b) amortization of value iness acquired and deferred acquisition )>, <KeyAuditMatter(1791, 9481579 valuation of insurance contract liabilities(a) valuation of insurance contract liabilities)>, <KeyAuditMatter(1792, 9481579 sment on (a) valuation of insurance ct liabilities and (b) amortization of value iness acquired and deferred acquisition continued))>, <KeyAuditMatter(1793, 9481579 amortization of value of business (b) amortization of value of business acquired and acquired and deferred acquisition costsdeferred acquisition costs)>]","[<KeyAuditMatterTag(4227, 1785, associate)>, <KeyAuditMatterTag(4228, 1785, impairment)>, <KeyAuditMatterTag(4229, 1785, joint ventures)>, <KeyAuditMatterTag(4230, 1786, associate)>, <KeyAuditMatterTag(4231, 1786, impairment)>, <KeyAuditMatterTag(4232, 1786, joint ventures)>, <KeyAuditMatterTag(4233, 1787, asset)>, <KeyAuditMatterTag(4234, 1787, fair)>, <KeyAuditMatterTag(4235, 1787, financial asset)>, <KeyAuditMatterTag(4236, 1787, income)>, <KeyAuditMatterTag(4237, 1787, measurement)>, <KeyAuditMatterTag(4238, 1787, value)>, <KeyAuditMatterTag(4239, 1788, asset)>, <KeyAuditMatterTag(4240, 1788, fair)>, <KeyAuditMatterTag(4241, 1788, financial asset)>, <KeyAuditMatterTag(4242, 1788, income)>, <KeyAuditMatterTag(4243, 1788, measurement)>, <KeyAuditMatterTag(4244, 1788, value)>, <KeyAuditMatterTag(4245, 1789, business combination)>, <KeyAuditMatterTag(4246, 1790, acquisition)>, <KeyAuditMatterTag(4247, 1790, deferred)>, <KeyAuditMatterTag(4248, 1790, valuation)>, <KeyAuditMatterTag(4249, 1790, value)>, <KeyAuditMatterTag(4250, 1791, valuation)>, <KeyAuditMatterTag(4251, 1792, acquisition)>, <KeyAuditMatterTag(4252, 1792, deferred)>, <KeyAuditMatterTag(4253, 1792, valuation)>, <KeyAuditMatterTag(4254, 1792, value)>, <KeyAuditMatterTag(4255, 1793, acquisition)>, <KeyAuditMatterTag(4256, 1793, deferred)>, <KeyAuditMatterTag(4257, 1793, value)>]",https://www1.hkexnews.hk/listedco/listconews/sehk/2020/1022/2020102200721.pdf
791,9261202,29/04/2020 22:04,3738,VOBILE GROUP,ANNUAL REPORT 2019,Financial Statements/ESG Information - [Annual Report],1MB,"[<Auditor(759, 9261202, Ernst & Young)>]","[<KeyAuditMatter(1849, 9261202 Very substantial acquisition)>, <KeyAuditMatter(1850, 9261202 Impairment of goodwill )>, <KeyAuditMatter(1851, 9261202 Recognition of deferred tax assets)>]","[<KeyAuditMatterTag(4407, 1849, acquisition)>, <KeyAuditMatterTag(4408, 1850, goodwill)>, <KeyAuditMatterTag(4409, 1850, impairment)>, <KeyAuditMatterTag(4410, 1851, asset)>, <KeyAuditMatterTag(4411, 1851, deferred)>, <KeyAuditMatterTag(4412, 1851, recognition)>, <KeyAuditMatterTag(4413, 1851, tax)>]",https://www1.hkexnews.hk/listedco/listconews/sehk/2020/0429/2020042903255.pdf
793,9261080,29/04/2020 21:33,1620,CTEH,Annual Report 2019,Financial Statements/ESG Information - [Annual Report],2MB,"[<Auditor(760, 9261080, BDO Limited)>]","[<KeyAuditMatter(1852, 9261080 Recognition of incentive commission receivables from airlines)>, <KeyAuditMatter(1853, 9261080 Recoverability of deferred income tax assets arising from unused tax losses and carried forward tax deductions)>]","[<KeyAuditMatterTag(4414, 1852, recognition)>, <KeyAuditMatterTag(4415, 1853, asset)>, <KeyAuditMatterTag(4416, 1853, deferred)>, <KeyAuditMatterTag(4417, 1853, income)>, <KeyAuditMatterTag(4418, 1853, recoverability)>, <KeyAuditMatterTag(4419, 1853, tax)>]",https://www1.hkexnews.hk/listedco/listconews/sehk/2020/0429/2020042903003.pdf
1069,9255324,28/04/2020 16:43,3983,CHINA BLUECHEM,Annual Report 2019,"Financial Statements/ESG Information - [Annual Report / Environmental, Social and Governance Information/Report]",6MB,"[<Auditor(1022, 9255324, BDO Limited)>]","[<KeyAuditMatter(2412, 9255324 Recognition of deferred tax assets)>]","[<KeyAuditMatterTag(5704, 2412, asset)>, <KeyAuditMatterTag(5705, 2412, deferred)>, <KeyAuditMatterTag(5706, 2412, recognition)>, <KeyAuditMatterTag(5707, 2412, tax)>]",https://www1.hkexnews.hk/listedco/listconews/sehk/2020/0428/2020042800972.pdf
1107,9255030,28/04/2020 16:27,1583,QINQIN FOODS,Annual Report 2019,"Financial Statements/ESG Information - [Annual Report / Environmental, Social and Governance Information/Report]",2MB,"[<Auditor(1058, 9255030, PricewaterhouseCoopers)>]","[<KeyAuditMatter(2478, 9255030 1. Revenue recognition  sales of goods)>, <KeyAuditMatter(2479, 9255030 Refer to Note 2(22) (Summary of significant accounting policies) and Note 5 (Revenue and segment information) of the consolidated financial statements.)>, <KeyAuditMatter(2480, 9255030 2. Recognition of deferred income tax assets)>, <KeyAuditMatter(2481, 9255030 Refer to Note 2(19) (Summary of significant accounting policies), Note 4 (Critical accounting estimates and judgements) and Note 28 (Deferred income tax) of the consolidated financial statements.)>]","[<KeyAuditMatterTag(5865, 2478, recognition)>, <KeyAuditMatterTag(5866, 2478, revenue)>, <KeyAuditMatterTag(5867, 2479, revenue)>, <KeyAuditMatterTag(5868, 2480, asset)>, <KeyAuditMatterTag(5869, 2480, deferred)>, <KeyAuditMatterTag(5870, 2480, income)>, <KeyAuditMatterTag(5871, 2480, recognition)>, <KeyAuditMatterTag(5872, 2480, tax)>, <KeyAuditMatterTag(5873, 2481, deferred)>, <KeyAuditMatterTag(5874, 2481, income)>, <KeyAuditMatterTag(5875, 2481, tax)>]",https://www1.hkexnews.hk/listedco/listconews/sehk/2020/0428/2020042800678.pdf
1133,9254323,27/04/2020 22:44,2278,HAILAN HLDGS,2019 Annual Report,"Financial Statements/ESG Information - [Annual Report / Environmental, Social and Governance Information/Report]",6MB,"[<Auditor(1083, 9254323, Mazars CPA Limited)>]","[<KeyAuditMatter(2548, 9254323 Valuation of properties under development and completed properties held for sale)>, <KeyAuditMatter(2549, 9254323 	conducting	site	visits	to	property	development	sites,	on	NRV)>, <KeyAuditMatter(2550, 9254323 Valuation of properties under development and completed properties held for sale (Continued))>, <KeyAuditMatter(2551, 9254323 Valuer)>, <KeyAuditMatter(2552, 9254323 Valuation of properties under development and completed properties held for sale (Continued))>, <KeyAuditMatter(2553, 9254323 	reviewing	the	valuation	from	the	Valuer	and	discussing	PRC)>, <KeyAuditMatter(2554, 9254323 Assessing the recoverability of deferred tax assets)>, <KeyAuditMatter(2555, 9254323 Assessing the recoverability of deferred tax assets (Continued))>, <KeyAuditMatter(2556, 9254323 	assessing	the	appropriateness	of	the	application	of	tax	)>]","[<KeyAuditMatterTag(6025, 2548, properties)>, <KeyAuditMatterTag(6026, 2548, valuation)>, <KeyAuditMatterTag(6027, 2549, property)>, <KeyAuditMatterTag(6028, 2550, properties)>, <KeyAuditMatterTag(6029, 2550, valuation)>, <KeyAuditMatterTag(6030, 2551, value)>, <KeyAuditMatterTag(6031, 2552, properties)>, <KeyAuditMatterTag(6032, 2552, valuation)>, <KeyAuditMatterTag(6033, 2553, valuation)>, <KeyAuditMatterTag(6034, 2553, value)>, <KeyAuditMatterTag(6035, 2554, asset)>, <KeyAuditMatterTag(6036, 2554, deferred)>, <KeyAuditMatterTag(6037, 2554, recoverability)>, <KeyAuditMatterTag(6038, 2554, tax)>, <KeyAuditMatterTag(6039, 2555, asset)>, <KeyAuditMatterTag(6040, 2555, deferred)>, <KeyAuditMatterTag(6041, 2555, recoverability)>, <KeyAuditMatterTag(6042, 2555, tax)>, <KeyAuditMatterTag(6043, 2556, tax)>]",https://www1.hkexnews.hk/listedco/listconews/sehk/2020/0427/2020042702971.pdf
1157,9253657,27/04/2020 18:50,3666,TANSH,2019 Annual Report,Financial Statements/ESG Information - [Annual Report],1MB,"[<Auditor(1106, 9253657, The engagement partner on the audit resulting in this independent auditors report is Lai Chee Kong.)>]","[<KeyAuditMatter(2606, 9253657 To the shareholders of TANSH GLOBAL FOOD GROUP CO., LTD(Incorporated in the Cayman Islands with limited liability))>, <KeyAuditMatter(2607, 9253657 Estimates relating to impairment testing of assets related to underperforming stores)>, <KeyAuditMatter(2608, 9253657 Estimation and disclosure with respect to deferred tax assets)>]","[<KeyAuditMatterTag(6175, 2606, land)>, <KeyAuditMatterTag(6176, 2607, asset)>, <KeyAuditMatterTag(6177, 2607, impairment)>, <KeyAuditMatterTag(6178, 2608, asset)>, <KeyAuditMatterTag(6179, 2608, deferred)>, <KeyAuditMatterTag(6180, 2608, estimation)>, <KeyAuditMatterTag(6181, 2608, tax)>]",https://www1.hkexnews.hk/listedco/listconews/sehk/2020/0427/2020042702085.pdf
1270,9252224,27/04/2020 16:32,3668,YANCOAL AUS,Annual Report 2019,Financial Statements/ESG Information - [Annual Report],10MB,"[<Auditor(1218, 9252224, ShineWing Australia)>]","[<KeyAuditMatter(2875, 9252224 significant accounting policies and other explanatory information, and the directors declaration)>, <KeyAuditMatter(2876, 9252224 Corporations Act 2001giving a true and fair view of the Groups financial position as at 31 December 2019 and of its performance )>, <KeyAuditMatter(2877, 9252224 Impairment of interest-bearing loan to Watagan Mining Company Pty Ltd (Watagan)(cid:120))>, <KeyAuditMatter(2878, 9252224 Accounting for an associate - Watagan(cid:120))>, <KeyAuditMatter(2879, 9252224 Investments in Associates and Joint Ventures(cid:120)Evaluating managements key valuation )>, <KeyAuditMatter(2880, 9252224 Watagan consolidation assessment (cid:120)Consolidated Financial Statements)>, <KeyAuditMatter(2881, 9252224 Impairment of non-current assets  (cid:120)Assessing the determination of the Groups A substantial portion of the value of the Groups non(cid:120))>, <KeyAuditMatter(2882, 9252224 Impairment of AssetsFinancial Instruments(cid:120))>, <KeyAuditMatter(2883, 9252224 (cid:120)Assessing the Groups impairment disclosures.)>, <KeyAuditMatter(2884, 9252224 Taxation  (cid:120))>, <KeyAuditMatter(2885, 9252224 (cid:120)(cid:120)estimates its tax liabilities based on the Groups interpretation of (cid:120)(cid:120)(cid:120)Assessing the Groups taxation disclosures.)>, <KeyAuditMatter(2886, 9252224 (COT) to continue to carry forward deferred tax )>]","[<KeyAuditMatterTag(6806, 2875, ecl)>, <KeyAuditMatterTag(6807, 2876, fair)>, <KeyAuditMatterTag(6808, 2877, impairment)>, <KeyAuditMatterTag(6809, 2877, mining)>, <KeyAuditMatterTag(6810, 2878, associate)>, <KeyAuditMatterTag(6811, 2879, associate)>, <KeyAuditMatterTag(6812, 2879, investment)>, <KeyAuditMatterTag(6813, 2879, joint ventures)>, <KeyAuditMatterTag(6814, 2879, valuation)>, <KeyAuditMatterTag(6815, 2880, assessment)>, <KeyAuditMatterTag(6816, 2881, asset)>, <KeyAuditMatterTag(6817, 2881, impairment)>, <KeyAuditMatterTag(6818, 2881, value)>, <KeyAuditMatterTag(6819, 2882, asset)>, <KeyAuditMatterTag(6820, 2882, impairment)>, <KeyAuditMatterTag(6821, 2883, impairment)>, <KeyAuditMatterTag(6822, 2884, tax)>, <KeyAuditMatterTag(6823, 2885, tax)>, <KeyAuditMatterTag(6824, 2886, deferred)>, <KeyAuditMatterTag(6825, 2886, tax)>]",https://www1.hkexnews.hk/listedco/listconews/sehk/2020/0427/2020042700659.pdf
1309,9251618,27/04/2020 06:16,1526,RICI HEALTH,2019 Annual Report,"Financial Statements/ESG Information - [Annual Report / Environmental, Social and Governance Information/Report]",3MB,"[<Auditor(1257, 9251618, PricewaterhouseCoopers)>]","[<KeyAuditMatter(2958, 9251618 Recognition of deferred tax assets arising from tax losses)>, <KeyAuditMatter(2959, 9251618 Impairment assessment of property and equipment and right-of-use assets)>]","[<KeyAuditMatterTag(7003, 2958, asset)>, <KeyAuditMatterTag(7004, 2958, deferred)>, <KeyAuditMatterTag(7005, 2958, recognition)>, <KeyAuditMatterTag(7006, 2958, tax)>, <KeyAuditMatterTag(7007, 2959, assessment)>, <KeyAuditMatterTag(7008, 2959, asset)>, <KeyAuditMatterTag(7009, 2959, impairment)>, <KeyAuditMatterTag(7010, 2959, property)>, <KeyAuditMatterTag(7011, 2959, right)>]",https://www1.hkexnews.hk/listedco/listconews/sehk/2020/0427/2020042700003.pdf
1373,9249806,24/04/2020 17:07,3396,LEGENDHOLDING,2019 Annual Report,Financial Statements/ESG Information - [Annual Report],5MB,"[<Auditor(1318, 9249806, PricewaterhouseCoopers)>]","[<KeyAuditMatter(3119, 9249806 Impairment assessment of goodwill and other intangible assets with indefinite useful lives)>, <KeyAuditMatter(3120, 9249806 Impairment assessment of goodwill and other intangible assets with indefinite useful lives (Continued))>, <KeyAuditMatter(3121, 9249806 Classification of investments)>, <KeyAuditMatter(3122, 9249806 Fair value measurement using of level 3 inputs for financial assets and financial liabilities)>, <KeyAuditMatter(3123, 9249806 Recognition of deferred income tax assets)>, <KeyAuditMatter(3124, 9249806 Measurement of expected credit loss of loans to customers of subsidiaries engaged in banking business)>, <KeyAuditMatter(3125, 9249806 Measurement of expected credit loss of loans to customers of subsidiaries engaged in banking business (Continued))>]","[<KeyAuditMatterTag(7355, 3119, assessment)>, <KeyAuditMatterTag(7356, 3119, asset)>, <KeyAuditMatterTag(7357, 3119, goodwill)>, <KeyAuditMatterTag(7358, 3119, impairment)>, <KeyAuditMatterTag(7359, 3120, assessment)>, <KeyAuditMatterTag(7360, 3120, asset)>, <KeyAuditMatterTag(7361, 3120, goodwill)>, <KeyAuditMatterTag(7362, 3120, impairment)>, <KeyAuditMatterTag(7363, 3121, investment)>, <KeyAuditMatterTag(7364, 3122, asset)>, <KeyAuditMatterTag(7365, 3122, fair)>, <KeyAuditMatterTag(7366, 3122, financial asset)>, <KeyAuditMatterTag(7367, 3122, measurement)>, <KeyAuditMatterTag(7368, 3122, value)>, <KeyAuditMatterTag(7369, 3123, asset)>, <KeyAuditMatterTag(7370, 3123, deferred)>, <KeyAuditMatterTag(7371, 3123, income)>, <KeyAuditMatterTag(7372, 3123, recognition)>, <KeyAuditMatterTag(7373, 3123, tax)>, <KeyAuditMatterTag(7374, 3124, expected credit loss)>, <KeyAuditMatterTag(7375, 3124, measurement)>, <KeyAuditMatterTag(7376, 3125, expected credit loss)>, <KeyAuditMatterTag(7377, 3125, measurement)>]",https://www1.hkexnews.hk/listedco/listconews/sehk/2020/0424/2020042401236.pdf
1401,9249414,24/04/2020 16:42,891,TRINITY,2019 Annual Report,Financial Statements/ESG Information - [Annual Report],10MB,"[<Auditor(1345, 9249414, PricewaterhouseCoopers)>]","[<KeyAuditMatter(3178, 9249414 Impairment assessment of intangible assets)>, <KeyAuditMatter(3179, 9249414 Recoverability of deferred tax assets arising from tax losses)>]","[<KeyAuditMatterTag(7520, 3178, assessment)>, <KeyAuditMatterTag(7521, 3178, asset)>, <KeyAuditMatterTag(7522, 3178, impairment)>, <KeyAuditMatterTag(7523, 3179, asset)>, <KeyAuditMatterTag(7524, 3179, deferred)>, <KeyAuditMatterTag(7525, 3179, recoverability)>, <KeyAuditMatterTag(7526, 3179, tax)>]",https://www1.hkexnews.hk/listedco/listconews/sehk/2020/0424/2020042400850.pdf
1457,9248364,23/04/2020 20:32,376,YUNFENG FIN,Annual Report 2019,Financial Statements/ESG Information - [Annual Report],4MB,"[<Auditor(1398, 9248364, KPMG)>]","[<KeyAuditMatter(3296, 9248364 Acquisition accounting of YF Life Insurance International Limited)>, <KeyAuditMatter(3297, 9248364 Acquisition accounting of YF Life Insurance International Limited(Continued))>, <KeyAuditMatter(3298, 9248364 Valuation of insurance contract provisions)>, <KeyAuditMatter(3299, 9248364 ntract provisions )>, <KeyAuditMatter(3300, 9248364 Assessing the fair value of investments)>, <KeyAuditMatter(3301, 9248364 Recoverability and amortisation of Value of Business Acquired)>, <KeyAuditMatter(3302, 9248364 Amortisation of deferred acquisition costs)>, <KeyAuditMatter(3303, 9248364 Impairment assessment of goodwill)>]","[<KeyAuditMatterTag(7758, 3296, acquisition)>, <KeyAuditMatterTag(7759, 3297, acquisition)>, <KeyAuditMatterTag(7760, 3298, provision)>, <KeyAuditMatterTag(7761, 3298, valuation)>, <KeyAuditMatterTag(7762, 3299, provision)>, <KeyAuditMatterTag(7763, 3300, fair)>, <KeyAuditMatterTag(7764, 3300, investment)>, <KeyAuditMatterTag(7765, 3300, value)>, <KeyAuditMatterTag(7766, 3301, recoverability)>, <KeyAuditMatterTag(7767, 3301, value)>, <KeyAuditMatterTag(7768, 3302, acquisition)>, <KeyAuditMatterTag(7769, 3302, deferred)>, <KeyAuditMatterTag(7770, 3303, assessment)>, <KeyAuditMatterTag(7771, 3303, goodwill)>, <KeyAuditMatterTag(7772, 3303, impairment)>]",https://www1.hkexnews.hk/listedco/listconews/sehk/2020/0423/2020042302171.pdf
1462,9248148,23/04/2020 19:25,1097,I-CABLE COMM,ANNUAL REPORT 2019,"Financial Statements/ESG Information - [Annual Report / Environmental, Social and Governance Information/Report]",3MB,"[<Auditor(1403, 9248148, PricewaterhouseCoopers)>]","[<KeyAuditMatter(3314, 9248148 	Assessment	of	going	concern	assumption	Assessment	of	impairment	or	property,	plant	&	equipment	(PP&E),	right-of-use	assets	and	programming	library	Assessment	of	the	recoverability	of	recognised	deferred	tax	assets)>, <KeyAuditMatter(3315, 9248148 Assessment of going concern assumption)>, <KeyAuditMatter(3316, 9248148 Assessment of impairment of PP&E, right-of-use assets and programming library)>, <KeyAuditMatter(3317, 9248148 Assessment of the recoverability of recognised deferred tax assets)>]","[<KeyAuditMatterTag(7801, 3314, assessment)>, <KeyAuditMatterTag(7802, 3314, asset)>, <KeyAuditMatterTag(7803, 3314, deferred)>, <KeyAuditMatterTag(7804, 3314, impairment)>, <KeyAuditMatterTag(7805, 3314, property)>, <KeyAuditMatterTag(7806, 3314, recoverability)>, <KeyAuditMatterTag(7807, 3314, right)>, <KeyAuditMatterTag(7808, 3314, tax)>, <KeyAuditMatterTag(7809, 3315, assessment)>, <KeyAuditMatterTag(7810, 3316, assessment)>, <KeyAuditMatterTag(7811, 3316, asset)>, <KeyAuditMatterTag(7812, 3316, impairment)>, <KeyAuditMatterTag(7813, 3316, right)>, <KeyAuditMatterTag(7814, 3317, assessment)>, <KeyAuditMatterTag(7815, 3317, asset)>, <KeyAuditMatterTag(7816, 3317, deferred)>, <KeyAuditMatterTag(7817, 3317, recoverability)>, <KeyAuditMatterTag(7818, 3317, tax)>]",https://www1.hkexnews.hk/listedco/listconews/sehk/2020/0423/2020042301955.pdf
1554,9246737,23/04/2020 16:38,1993,ASIARAY,Annual Report 2019,Financial Statements/ESG Information - [Annual Report],7MB,"[<Auditor(1491, 9246737, PricewaterhouseCoopers)>]","[<KeyAuditMatter(3514, 9246737 Impairment assessment of trade receivables)>, <KeyAuditMatter(3515, 9246737 Recognition of deferred income tax assets)>]","[<KeyAuditMatterTag(8262, 3514, assessment)>, <KeyAuditMatterTag(8263, 3514, impairment)>, <KeyAuditMatterTag(8264, 3515, asset)>, <KeyAuditMatterTag(8265, 3515, deferred)>, <KeyAuditMatterTag(8266, 3515, income)>, <KeyAuditMatterTag(8267, 3515, recognition)>, <KeyAuditMatterTag(8268, 3515, tax)>]",https://www1.hkexnews.hk/listedco/listconews/sehk/2020/0423/2020042300544.pdf
1578,9246584,23/04/2020 16:15,1738,FS ANTHRACITE,2019 Annual Report,Financial Statements/ESG Information - [Annual Report],3MB,"[<Auditor(1514, 9246584, Ernst & Young)>]","[<KeyAuditMatter(3559, 9246584 Impairment testing on property, plant and equipment (PPE))>, <KeyAuditMatter(3560, 9246584 Recognition of deferred tax assets (DTA))>]","[<KeyAuditMatterTag(8373, 3559, impairment)>, <KeyAuditMatterTag(8374, 3559, plant and equipment)>, <KeyAuditMatterTag(8375, 3559, property)>, <KeyAuditMatterTag(8376, 3560, asset)>, <KeyAuditMatterTag(8377, 3560, deferred)>, <KeyAuditMatterTag(8378, 3560, recognition)>, <KeyAuditMatterTag(8379, 3560, tax)>]",https://www1.hkexnews.hk/listedco/listconews/sehk/2020/0423/2020042300391.pdf
1743,9241933,20/04/2020 18:27,220,U-PRESID CHINA,Annual Report 2019,Financial Statements/ESG Information - [Annual Report],5MB,"[<Auditor(1675, 9241933, PricewaterhouseCoopers)>]","[<KeyAuditMatter(3877, 9241933 1. Revenue Recognition: Sales of goods1. )>, <KeyAuditMatter(3878, 9241933 2. Deferred income tax assets2. )>]","[<KeyAuditMatterTag(9171, 3877, recognition)>, <KeyAuditMatterTag(9172, 3877, revenue)>, <KeyAuditMatterTag(9173, 3878, asset)>, <KeyAuditMatterTag(9174, 3878, deferred)>, <KeyAuditMatterTag(9175, 3878, income)>, <KeyAuditMatterTag(9176, 3878, tax)>]",https://www1.hkexnews.hk/listedco/listconews/sehk/2020/0420/2020042001134.pdf
1747,9241846,20/04/2020 18:01,902,HUANENG POWER,Annual Report 2019,Financial Statements/ESG Information - [Annual Report],11MB,"[<Auditor(1679, 9241846, Ernst & Young)>]","[<KeyAuditMatter(3884, 9241846 Impairment of property, plant and equipment)>, <KeyAuditMatter(3885, 9241846 Impairment of goodwill)>, <KeyAuditMatter(3886, 9241846 Recognition of deferred tax assets)>]","[<KeyAuditMatterTag(9190, 3884, impairment)>, <KeyAuditMatterTag(9191, 3884, plant and equipment)>, <KeyAuditMatterTag(9192, 3884, property)>, <KeyAuditMatterTag(9193, 3885, goodwill)>, <KeyAuditMatterTag(9194, 3885, impairment)>, <KeyAuditMatterTag(9195, 3886, asset)>, <KeyAuditMatterTag(9196, 3886, deferred)>, <KeyAuditMatterTag(9197, 3886, recognition)>, <KeyAuditMatterTag(9198, 3886, tax)>]",https://www1.hkexnews.hk/listedco/listconews/sehk/2020/0420/2020042001047.pdf
1752,9241699,20/04/2020 17:36,1771,SUNFONDA GP,2019 Annual Report,"Financial Statements/ESG Information - [Annual Report / Environmental, Social and Governance Information/Report]",2MB,"[<Auditor(1684, 9241699, Ernst & Young)>]","[<KeyAuditMatter(3894, 9241699 Vendor rebate receivables)>, <KeyAuditMatter(3895, 9241699 Deferred tax assets)>, <KeyAuditMatter(3896, 9241699 Impairment of non-current non-financial assets (other than goodwill))>]","[<KeyAuditMatterTag(9213, 3894, rebate)>, <KeyAuditMatterTag(9214, 3895, asset)>, <KeyAuditMatterTag(9215, 3895, deferred)>, <KeyAuditMatterTag(9216, 3895, tax)>, <KeyAuditMatterTag(9217, 3896, asset)>, <KeyAuditMatterTag(9218, 3896, financial asset)>, <KeyAuditMatterTag(9219, 3896, goodwill)>, <KeyAuditMatterTag(9220, 3896, impairment)>]",https://www1.hkexnews.hk/listedco/listconews/sehk/2020/0420/2020042000900.pdf
1773,9241371,20/04/2020 16:57,291,CHINA RES BEER,2019 ANNUAL REPORT,Financial Statements/ESG Information - [Annual Report],12MB,"[<Auditor(1705, 9241371, PricewaterhouseCoopers)>]","[<KeyAuditMatter(3950, 9241371 Impairment assessment of goodwill)>, <KeyAuditMatter(3951, 9241371 Recognition of promotion and marketing expenses)>, <KeyAuditMatter(3952, 9241371 (Continued)Recognition of promotion and marketing expenses )>, <KeyAuditMatter(3953, 9241371 Impairment assessment of fixed assets and right-of-use assets)>, <KeyAuditMatter(3954, 9241371 Impairment assessment of fixed assets and right-of-use assets (Continued))>, <KeyAuditMatter(3955, 9241371 Deferred tax on tax losses)>]","[<KeyAuditMatterTag(9340, 3950, assessment)>, <KeyAuditMatterTag(9341, 3950, goodwill)>, <KeyAuditMatterTag(9342, 3950, impairment)>, <KeyAuditMatterTag(9343, 3951, recognition)>, <KeyAuditMatterTag(9344, 3952, recognition)>, <KeyAuditMatterTag(9345, 3953, assessment)>, <KeyAuditMatterTag(9346, 3953, asset)>, <KeyAuditMatterTag(9347, 3953, impairment)>, <KeyAuditMatterTag(9348, 3953, right)>, <KeyAuditMatterTag(9349, 3954, assessment)>, <KeyAuditMatterTag(9350, 3954, asset)>, <KeyAuditMatterTag(9351, 3954, impairment)>, <KeyAuditMatterTag(9352, 3954, right)>, <KeyAuditMatterTag(9353, 3955, deferred)>, <KeyAuditMatterTag(9354, 3955, tax)>]",https://www1.hkexnews.hk/listedco/listconews/sehk/2020/0420/2020042000572.pdf
1804,9240968,20/04/2020 12:00,1986,TSAKER CHEM,ANNUAL REPORT 2019,"Financial Statements/ESG Information - [Annual Report / Environmental, Social and Governance Information/Report]",3MB,"[<Auditor(1735, 9240968, Ernst & Young)>]","[<KeyAuditMatter(4025, 9240968 Key audit matter (continued)How our audit addressed the Recognition of deferred tax key audit matterassets)>, <KeyAuditMatter(4026, 9240968 Key audit matter (continued)How our audit addressed the Withholding tax for retained key audit matterprofits of subsidiaries)>]","[<KeyAuditMatterTag(9510, 4025, asset)>, <KeyAuditMatterTag(9511, 4025, deferred)>, <KeyAuditMatterTag(9512, 4025, recognition)>, <KeyAuditMatterTag(9513, 4025, tax)>, <KeyAuditMatterTag(9514, 4026, tax)>]",https://www1.hkexnews.hk/listedco/listconews/sehk/2020/0420/2020042000175.pdf
1850,9239200,17/04/2020 16:33,2388,BOC HONG KONG,2019 Annual Report,Financial Statements/ESG Information - [Annual Report],20MB,"[<Auditor(1780, 9239200, Ernst & Young)>]","[<KeyAuditMatter(4149, 9239200 Impairment assessment of advances to customers)>, <KeyAuditMatter(4150, 9239200 Valuation of financial instruments)>, <KeyAuditMatter(4151, 9239200 Recognition of deferred tax assets)>, <KeyAuditMatter(4152, 9239200 Valuation of insurance contract liabilities)>]","[<KeyAuditMatterTag(9763, 4149, assessment)>, <KeyAuditMatterTag(9764, 4149, impairment)>, <KeyAuditMatterTag(9765, 4150, valuation)>, <KeyAuditMatterTag(9766, 4151, asset)>, <KeyAuditMatterTag(9767, 4151, deferred)>, <KeyAuditMatterTag(9768, 4151, recognition)>, <KeyAuditMatterTag(9769, 4151, tax)>, <KeyAuditMatterTag(9770, 4152, valuation)>]",https://www1.hkexnews.hk/listedco/listconews/sehk/2020/0417/2020041700558.pdf
1880,9237835,16/04/2020 17:57,1385,SHANGHAI FUDAN,ANNUAL REPORT 2019,"Financial Statements/ESG Information - [Annual Report / Environmental, Social and Governance Information/Report]",2MB,"[<Auditor(1808, 9237835, Ernst & Young)>]","[<KeyAuditMatter(4226, 9237835 Deferred development costs)>, <KeyAuditMatter(4227, 9237835 Intangible Assets)>, <KeyAuditMatter(4228, 9237835 Provision for inventories)>]","[<KeyAuditMatterTag(9927, 4226, deferred)>, <KeyAuditMatterTag(9928, 4227, asset)>, <KeyAuditMatterTag(9929, 4228, inventories)>, <KeyAuditMatterTag(9930, 4228, provision)>]",https://www1.hkexnews.hk/listedco/listconews/sehk/2020/0416/2020041600966.pdf
1890,9237540,16/04/2020 17:02,830,CSC DEVELOPMENT,2019 Annual Report,"Financial Statements/ESG Information - [Annual Report / Environmental, Social and Governance Information/Report]",16MB,"[<Auditor(1816, 9237540, PricewaterhouseCoopers)>]","[<KeyAuditMatter(4255, 9237540 Revenue recognition from construction works)>, <KeyAuditMatter(4256, 9237540 Recoverability of trade receivables and contract assets)>, <KeyAuditMatter(4257, 9237540 Assessment of the carrying amount of deferred tax assets of Gamma USA, Inc. and impairment of goodwill in Gamma North America, Inc.)>]","[<KeyAuditMatterTag(9987, 4255, recognition)>, <KeyAuditMatterTag(9988, 4255, revenue)>, <KeyAuditMatterTag(9989, 4256, asset)>, <KeyAuditMatterTag(9990, 4256, recoverability)>, <KeyAuditMatterTag(9991, 4257, assessment)>, <KeyAuditMatterTag(9992, 4257, asset)>, <KeyAuditMatterTag(9993, 4257, deferred)>, <KeyAuditMatterTag(9994, 4257, goodwill)>, <KeyAuditMatterTag(9995, 4257, impairment)>, <KeyAuditMatterTag(9996, 4257, tax)>]",https://www1.hkexnews.hk/listedco/listconews/sehk/2020/0416/2020041600673.pdf
1935,9236014,15/04/2020 18:04,573,TAO HEUNG HLDGS,Annual Report 2019,Financial Statements/ESG Information - [Annual Report],804KB,"[<Auditor(1861, 9236014, Ernst & Young)>]","[<KeyAuditMatter(4350, 9236014 To the shareholders of Tao Heung Holdings Limited(Incorporated in the Cayman Islands with limited liability))>, <KeyAuditMatter(4351, 9236014 Impairment of property, plant and equipment and right-of-use assets)>, <KeyAuditMatter(4352, 9236014 Recognition of deferred tax assets)>]","[<KeyAuditMatterTag(10211, 4350, land)>, <KeyAuditMatterTag(10212, 4351, asset)>, <KeyAuditMatterTag(10213, 4351, impairment)>, <KeyAuditMatterTag(10214, 4351, plant and equipment)>, <KeyAuditMatterTag(10215, 4351, property)>, <KeyAuditMatterTag(10216, 4351, right)>, <KeyAuditMatterTag(10217, 4352, asset)>, <KeyAuditMatterTag(10218, 4352, deferred)>, <KeyAuditMatterTag(10219, 4352, recognition)>, <KeyAuditMatterTag(10220, 4352, tax)>]",https://www1.hkexnews.hk/listedco/listconews/sehk/2020/0415/2020041500922.pdf
2032,9229997,08/04/2020 17:18,3833,XINXIN MINING,Annual Report 2019,Financial Statements/ESG Information - [Annual Report],2MB,[],"[<KeyAuditMatter(4543, 9229997 Key Audit MatterHow our audit addressed the Key Audit MatterImpairment of goodwill and other long-term assets)>, <KeyAuditMatter(4544, 9229997 Key Audit Matters (Contd)How our audit addressed the Key Audit Matter (Contd)Impairment of goodwill and other long-term assets (Contd))>, <KeyAuditMatter(4545, 9229997 Key Audit Matters (Contd)How our audit addressed the Key Audit Matter (Contd)Deferred tax assets)>, <KeyAuditMatter(4546, 9229997 Key Audit Matters (Contd)How our audit addressed the Key Audit Matter (Contd)Deferred tax assets (Contd))>]","[<KeyAuditMatterTag(10678, 4543, asset)>, <KeyAuditMatterTag(10679, 4543, goodwill)>, <KeyAuditMatterTag(10680, 4543, impairment)>, <KeyAuditMatterTag(10681, 4544, asset)>, <KeyAuditMatterTag(10682, 4544, goodwill)>, <KeyAuditMatterTag(10683, 4544, impairment)>, <KeyAuditMatterTag(10684, 4545, asset)>, <KeyAuditMatterTag(10685, 4545, deferred)>, <KeyAuditMatterTag(10686, 4545, tax)>, <KeyAuditMatterTag(10687, 4546, asset)>, <KeyAuditMatterTag(10688, 4546, deferred)>, <KeyAuditMatterTag(10689, 4546, tax)>]",https://www1.hkexnews.hk/listedco/listconews/sehk/2020/0408/2020040800633.pdf
2038,9229890,08/04/2020 17:02,669,TECHTRONIC IND,Annual Report 2019,Financial Statements/ESG Information - [Annual Report],19MB,"[<Auditor(1958, 9229890, Deloitte Touche Tohmatsu)>]","[<KeyAuditMatter(4558, 9229890 Capitalization of Deferred Development Costs)>, <KeyAuditMatter(4559, 9229890 Recognition of income and deferred tax)>]","[<KeyAuditMatterTag(10713, 4558, deferred)>, <KeyAuditMatterTag(10714, 4559, deferred)>, <KeyAuditMatterTag(10715, 4559, income)>, <KeyAuditMatterTag(10716, 4559, recognition)>, <KeyAuditMatterTag(10717, 4559, tax)>]",https://www1.hkexnews.hk/listedco/listconews/sehk/2020/0408/2020040800526.pdf
2061,9228782,07/04/2020 18:27,1233,TIMES CHINA,ANNUAL REPORT 2019,"Financial Statements/ESG Information - [Annual Report / Environmental, Social and Governance Information/Report]",3MB,"[<Auditor(1980, 9228782, Ernst & Young)>]","[<KeyAuditMatter(4606, 9228782 To the shareholders of Times China Holdings Limited(Incorporated in the Cayman Islands with limited liability))>, <KeyAuditMatter(4607, 9228782 PRC land appreciation tax ()LAT)>, <KeyAuditMatter(4608, 9228782 To the shareholders of Times China Holdings Limited(Incorporated in the Cayman Islands with limited liability))>, <KeyAuditMatter(4609, 9228782 Deferred tax assets)>]","[<KeyAuditMatterTag(10811, 4606, land)>, <KeyAuditMatterTag(10812, 4607, appreciation)>, <KeyAuditMatterTag(10813, 4607, land)>, <KeyAuditMatterTag(10814, 4607, tax)>, <KeyAuditMatterTag(10815, 4608, land)>, <KeyAuditMatterTag(10816, 4609, asset)>, <KeyAuditMatterTag(10817, 4609, deferred)>, <KeyAuditMatterTag(10818, 4609, tax)>]",https://www1.hkexnews.hk/listedco/listconews/sehk/2020/0407/2020040700907.pdf
2087,9225286,03/04/2020 18:00,2133,GREENWAY MINING,2019 ANNUAL REPORT,"Financial Statements/ESG Information - [Annual Report / Environmental, Social and Governance Information/Report]",8MB,"[<Auditor(2006, 9225286, Ernst & Young)>]","[<KeyAuditMatter(4666, 9225286 Independent Auditors ReportTo the shareholders of Greenway Mining Group Limited(Incorporated in the Cayman Islands with limited liability))>, <KeyAuditMatter(4667, 9225286 Impairment assessment of non-current assets)>, <KeyAuditMatter(4668, 9225286 Estimation of mineral reserves)>, <KeyAuditMatter(4669, 9225286 Deferred tax assets)>]","[<KeyAuditMatterTag(10951, 4666, land)>, <KeyAuditMatterTag(10952, 4666, mining)>, <KeyAuditMatterTag(10953, 4667, assessment)>, <KeyAuditMatterTag(10954, 4667, asset)>, <KeyAuditMatterTag(10955, 4667, impairment)>, <KeyAuditMatterTag(10956, 4668, estimation)>, <KeyAuditMatterTag(10957, 4669, asset)>, <KeyAuditMatterTag(10958, 4669, deferred)>, <KeyAuditMatterTag(10959, 4669, tax)>]",https://www1.hkexnews.hk/listedco/listconews/sehk/2020/0403/2020040301475.pdf
2102,9222770,02/04/2020 17:40,799,IGG,2019 Annual Report,"Financial Statements/ESG Information - [Annual Report / Environmental, Social and Governance Information/Report]",6MB,[],"[<KeyAuditMatter(4696, 9222770 Revenue recognition and computation of deferred revenue)>, <KeyAuditMatter(4697, 9222770 Revenue recognition and computation of deferred revenue )>]","[<KeyAuditMatterTag(11042, 4696, deferred)>, <KeyAuditMatterTag(11043, 4696, recognition)>, <KeyAuditMatterTag(11044, 4696, revenue)>, <KeyAuditMatterTag(11045, 4697, deferred)>, <KeyAuditMatterTag(11046, 4697, recognition)>, <KeyAuditMatterTag(11047, 4697, revenue)>]",https://www1.hkexnews.hk/listedco/listconews/sehk/2020/0402/2020040201791.pdf
2225,9209863,30/03/2020 16:35,460,SIHUAN PHARM,Annual Report 2019,Financial Statements/ESG Information - [Annual Report],7MB,"[<Auditor(2138, 9209863, Ernst & Young)>]","[<KeyAuditMatter(4966, 9209863 Impairment	of	goodwill)>, <KeyAuditMatter(4967, 9209863 impairment	analysis,	in	particular	discount	rate	and	long-term	)>, <KeyAuditMatter(4968, 9209863 the	respective	CGUs	to	which	the	goodwill	was	allocated.)>, <KeyAuditMatter(4969, 9209863 Please	refer	to	Note	2.5	Business	combinations	and	goodwill,	Note	4(b)	Goodwill	impairment	and	Note	9	Goodwill	to	the	)>, <KeyAuditMatter(4970, 9209863 the	Group	with	IAS	38,	evaluated	management	judgement	mentioned	in	Note	2.10(a)	Research	and	development	were	satisfied.	Significant	management	estimation	and	judgement	)>, <KeyAuditMatter(4971, 9209863 Please	refer	to	Note	2.10(a)	Research	and	development,	Note	4(e)	Capitalisation	of	development	costs	and	Note	10Intangible	assets	to	the	consolidated	financial	statements	for	)>, <KeyAuditMatter(4972, 9209863 Impairment	of	intangible	assets)>, <KeyAuditMatter(4973, 9209863 products	projected	market	share,	expected	selling	price	and	)>, <KeyAuditMatter(4974, 9209863 Please	refer	to	Note	2.10	Intangible	assets,	Note	4(a)	Impairment	of	deferred	development	costs	and	Note	10	Intangible	assets	to	the	consolidated	financial	statements	for	)>]","[<KeyAuditMatterTag(11602, 4966, goodwill)>, <KeyAuditMatterTag(11603, 4966, impairment)>, <KeyAuditMatterTag(11604, 4967, impairment)>, <KeyAuditMatterTag(11605, 4968, goodwill)>, <KeyAuditMatterTag(11606, 4969, goodwill)>, <KeyAuditMatterTag(11607, 4969, impairment)>, <KeyAuditMatterTag(11608, 4970, estimation)>, <KeyAuditMatterTag(11609, 4971, asset)>, <KeyAuditMatterTag(11610, 4972, asset)>, <KeyAuditMatterTag(11611, 4972, impairment)>, <KeyAuditMatterTag(11612, 4973, price)>, <KeyAuditMatterTag(11613, 4974, asset)>, <KeyAuditMatterTag(11614, 4974, deferred)>, <KeyAuditMatterTag(11615, 4974, impairment)>]",https://www1.hkexnews.hk/listedco/listconews/sehk/2020/0330/2020033000450.pdf
2289,9202278,25/03/2020 17:00,869,PLAYMATES TOYS,2019 ANNUAL REPORT,"Financial Statements/ESG Information - [Annual Report / Environmental, Social and Governance Information/Report]",18MB,"[<Auditor(2201, 9202278, Grant Thornton Hong Kong Limited)>]","[<KeyAuditMatter(5109, 9202278 Revenue recognition)>, <KeyAuditMatter(5110, 9202278 Recognition of deferred tax assets)>]","[<KeyAuditMatterTag(11896, 5109, recognition)>, <KeyAuditMatterTag(11897, 5109, revenue)>, <KeyAuditMatterTag(11898, 5110, asset)>, <KeyAuditMatterTag(11899, 5110, deferred)>, <KeyAuditMatterTag(11900, 5110, recognition)>, <KeyAuditMatterTag(11901, 5110, tax)>]",https://www1.hkexnews.hk/listedco/listconews/sehk/2020/0325/2020032500658.pdf
