id,news_id,date_time,stock_code,stock_name,title,long_text,file_info,audit_firms,kams,kam_tags,file_link
124,9377357,31/07/2020 12:15,391,MEI AH ENTER,2020 Annual Report,Financial Statements/ESG Information - [Annual Report],4MB,"[<Auditor(114, 9377357, PricewaterhouseCoopers)>]","[<KeyAuditMatter(226, 9377357 Impairment of film rights and films in progress)>, <KeyAuditMatter(227, 9377357 Impairment of film rights and films in progress)>, <KeyAuditMatter(228, 9377357 Impairment of film rights and films in progress)>, <KeyAuditMatter(229, 9377357 Assessment of going concern assumptions)>, <KeyAuditMatter(230, 9377357 Assessment of going concern assumptions)>, <KeyAuditMatter(231, 9377357 Assessment of going concern assumptions)>]","[<KeyAuditMatterTag(532, 226, film)>, <KeyAuditMatterTag(533, 226, impairment)>, <KeyAuditMatterTag(534, 226, right)>, <KeyAuditMatterTag(535, 227, film)>, <KeyAuditMatterTag(536, 227, impairment)>, <KeyAuditMatterTag(537, 227, right)>, <KeyAuditMatterTag(538, 228, film)>, <KeyAuditMatterTag(539, 228, impairment)>, <KeyAuditMatterTag(540, 228, right)>, <KeyAuditMatterTag(541, 229, assessment)>, <KeyAuditMatterTag(542, 230, assessment)>, <KeyAuditMatterTag(543, 231, assessment)>]",https://www1.hkexnews.hk/listedco/listconews/sehk/2020/0731/2020073100241.pdf
208,9373006,28/07/2020 18:40,1060,ALI PICTURES,Annual Report 2019/20,"Financial Statements/ESG Information - [Annual Report / Environmental, Social and Governance Information/Report]",2MB,"[<Auditor(198, 9373006, PricewaterhouseCoopers)>]","[<KeyAuditMatter(467, 9373006 Goodwill impairment assessment)>, <KeyAuditMatter(468, 9373006 (Continued)will impairment assessment )>, <KeyAuditMatter(469, 9373006 Impairment assessment of film and TV rights)>, <KeyAuditMatter(470, 9373006 Impairment assessment of investments accounted for using the equity method)>, <KeyAuditMatter(471, 9373006 Expected credit losses assessment of trade receivables)>]","[<KeyAuditMatterTag(1111, 467, assessment)>, <KeyAuditMatterTag(1112, 467, goodwill)>, <KeyAuditMatterTag(1113, 467, impairment)>, <KeyAuditMatterTag(1114, 468, assessment)>, <KeyAuditMatterTag(1115, 468, impairment)>, <KeyAuditMatterTag(1116, 469, assessment)>, <KeyAuditMatterTag(1117, 469, film)>, <KeyAuditMatterTag(1118, 469, impairment)>, <KeyAuditMatterTag(1119, 469, right)>, <KeyAuditMatterTag(1120, 470, assessment)>, <KeyAuditMatterTag(1121, 470, impairment)>, <KeyAuditMatterTag(1122, 470, investment)>, <KeyAuditMatterTag(1123, 471, assessment)>, <KeyAuditMatterTag(1124, 471, expected credit loss)>]",https://www1.hkexnews.hk/listedco/listconews/sehk/2020/0728/2020072800808.pdf
216,9372530,28/07/2020 16:35,907,ELEGANCEOPTICAL,Annual Report 2019/2020,"Financial Statements/ESG Information - [Annual Report / Environmental, Social and Governance Information/Report]",2MB,"[<Auditor(206, 9372530, CCTH CPA Limited)>]","[<KeyAuditMatter(499, 9372530 Impairment of trade and other receivables and loan and interest receivables)>, <KeyAuditMatter(500, 9372530 Impairment of trade and other receivables and loan and interest receivables (Continued))>, <KeyAuditMatter(501, 9372530 Provision for obsolete and slow moving inventories)>, <KeyAuditMatter(502, 9372530 Impairment of property, plant and equipment and right-of-use assets)>, <KeyAuditMatter(503, 9372530 Impairment of property, plant and equipment and right-of-use assets (Continued))>, <KeyAuditMatter(504, 9372530 Impairment assessment of investment in an associate)>, <KeyAuditMatter(505, 9372530 Fair value measurement of investments in film production)>, <KeyAuditMatter(506, 9372530 Fair value measurement of investments in film production (Continued))>]","[<KeyAuditMatterTag(1188, 499, impairment)>, <KeyAuditMatterTag(1189, 500, impairment)>, <KeyAuditMatterTag(1190, 501, inventories)>, <KeyAuditMatterTag(1191, 501, provision)>, <KeyAuditMatterTag(1192, 502, asset)>, <KeyAuditMatterTag(1193, 502, impairment)>, <KeyAuditMatterTag(1194, 502, plant and equipment)>, <KeyAuditMatterTag(1195, 502, property)>, <KeyAuditMatterTag(1196, 502, right)>, <KeyAuditMatterTag(1197, 503, asset)>, <KeyAuditMatterTag(1198, 503, impairment)>, <KeyAuditMatterTag(1199, 503, plant and equipment)>, <KeyAuditMatterTag(1200, 503, property)>, <KeyAuditMatterTag(1201, 503, right)>, <KeyAuditMatterTag(1202, 504, assessment)>, <KeyAuditMatterTag(1203, 504, associate)>, <KeyAuditMatterTag(1204, 504, impairment)>, <KeyAuditMatterTag(1205, 504, investment)>, <KeyAuditMatterTag(1206, 505, fair)>, <KeyAuditMatterTag(1207, 505, film)>, <KeyAuditMatterTag(1208, 505, investment)>, <KeyAuditMatterTag(1209, 505, measurement)>, <KeyAuditMatterTag(1210, 505, value)>, <KeyAuditMatterTag(1211, 506, fair)>, <KeyAuditMatterTag(1212, 506, film)>, <KeyAuditMatterTag(1213, 506, investment)>, <KeyAuditMatterTag(1214, 506, measurement)>, <KeyAuditMatterTag(1215, 506, value)>]",https://www1.hkexnews.hk/listedco/listconews/sehk/2020/0728/2020072800342.pdf
503,9333658,29/06/2020 18:39,8228,NATIONAL ARTS,Annual Report 2019,"Financial Statements/ESG Information - [Annual Report / Environmental, Social and Governance Information/Report]",7MB,"[<Auditor(481, 9333658, Elite Partners CPA Limited)>]","[<KeyAuditMatter(1189, 9333658 Fair value of hotel properties and film studio)>, <KeyAuditMatter(1190, 9333658 Impairment assessment of long-term other receivables)>, <KeyAuditMatter(1191, 9333658 Carrying amounts of right-of-use assets)>]","[<KeyAuditMatterTag(2836, 1189, fair)>, <KeyAuditMatterTag(2837, 1189, film)>, <KeyAuditMatterTag(2838, 1189, properties)>, <KeyAuditMatterTag(2839, 1189, value)>, <KeyAuditMatterTag(2840, 1190, assessment)>, <KeyAuditMatterTag(2841, 1190, impairment)>, <KeyAuditMatterTag(2842, 1191, asset)>, <KeyAuditMatterTag(2843, 1191, right)>]",https://www1.hkexnews.hk/listedco/listconews/gem/2020/0629/2020062901250.pdf
523,9333072,29/06/2020 16:49,8130,DADI INTL GROUP,Annual Report 2020,Financial Statements/ESG Information - [Annual Report],904KB,"[<Auditor(501, 9333072, HLB Hodgson Impey Cheng Limited)>]","[<KeyAuditMatter(1225, 9333072 Impairment assessment on goodwill)>, <KeyAuditMatter(1226, 9333072 Assessment of expected credit losses (ECL) of trade and other receivables and deposits, deposit for film production and deposit for purchase of film rights)>]","[<KeyAuditMatterTag(2916, 1225, assessment)>, <KeyAuditMatterTag(2917, 1225, goodwill)>, <KeyAuditMatterTag(2918, 1225, impairment)>, <KeyAuditMatterTag(2919, 1226, assessment)>, <KeyAuditMatterTag(2920, 1226, ecl)>, <KeyAuditMatterTag(2921, 1226, expected credit loss)>, <KeyAuditMatterTag(2922, 1226, film)>, <KeyAuditMatterTag(2923, 1226, purchase)>, <KeyAuditMatterTag(2924, 1226, right)>]",https://www1.hkexnews.hk/listedco/listconews/gem/2020/0629/2020062900664.pdf
618,9291483,25/05/2020 16:34,1159,STARLIGHT CUL,Annual Report 2019,"Financial Statements/ESG Information - [Annual Report / Environmental, Social and Governance Information/Report]",18MB,"[<Auditor(593, 9291483, Ernst & Young)>]","[<KeyAuditMatter(1405, 9291483 Impairment of film and TV drama series investments and products)>, <KeyAuditMatter(1406, 9291483 Impairment of film and TV drama series investments and products )>]","[<KeyAuditMatterTag(3369, 1405, film)>, <KeyAuditMatterTag(3370, 1405, impairment)>, <KeyAuditMatterTag(3371, 1405, investment)>, <KeyAuditMatterTag(3372, 1406, film)>, <KeyAuditMatterTag(3373, 1406, impairment)>, <KeyAuditMatterTag(3374, 1406, investment)>]",https://www1.hkexnews.hk/listedco/listconews/sehk/2020/0525/2020052500400.pdf
982,9256325,28/04/2020 17:31,1132,ORANGE SKY G H,2019 Annual Report,"Financial Statements/ESG Information - [Annual Report / Environmental, Social and Governance Information/Report]",8MB,"[<Auditor(935, 9256325, kPMG)>]","[<KeyAuditMatter(2205, 9256325 Assessing potential impairment of goodwill)>, <KeyAuditMatter(2206, 9256325 Impairment assessment of property, plant and equipment and right-of-use assets relating to film exhibition operations)>, <KeyAuditMatter(2207, 9256325 	with	the	assistance	of	our	internal	valuation	specialists,	)>, <KeyAuditMatter(2208, 9256325 Impairment assessment of property, plant and equipment and right-of-use assets relating to film exhibition operations)>]","[<KeyAuditMatterTag(5199, 2205, goodwill)>, <KeyAuditMatterTag(5200, 2205, impairment)>, <KeyAuditMatterTag(5201, 2206, assessment)>, <KeyAuditMatterTag(5202, 2206, asset)>, <KeyAuditMatterTag(5203, 2206, film)>, <KeyAuditMatterTag(5204, 2206, impairment)>, <KeyAuditMatterTag(5205, 2206, plant and equipment)>, <KeyAuditMatterTag(5206, 2206, property)>, <KeyAuditMatterTag(5207, 2206, right)>, <KeyAuditMatterTag(5208, 2207, valuation)>, <KeyAuditMatterTag(5209, 2208, assessment)>, <KeyAuditMatterTag(5210, 2208, asset)>, <KeyAuditMatterTag(5211, 2208, film)>, <KeyAuditMatterTag(5212, 2208, impairment)>, <KeyAuditMatterTag(5213, 2208, plant and equipment)>, <KeyAuditMatterTag(5214, 2208, property)>, <KeyAuditMatterTag(5215, 2208, right)>]",https://www1.hkexnews.hk/listedco/listconews/sehk/2020/0428/2020042801971.pdf
985,9256282,28/04/2020 17:27,326,CHINA STAR ENT,ANNUAL REPORT 2019,Financial Statements/ESG Information - [Annual Report],5MB,"[<Auditor(938, 9256282, HLB Hodgson Impey Cheng Limited)>]","[<KeyAuditMatter(2218, 9256282 Carrying amounts of stock of properties)>, <KeyAuditMatter(2219, 9256282 Carrying amounts of stock of properties )>, <KeyAuditMatter(2220, 9256282 ts of stock of properties )>, <KeyAuditMatter(2221, 9256282 Impairment assessment on film rights and films in progress)>]","[<KeyAuditMatterTag(5230, 2218, properties)>, <KeyAuditMatterTag(5231, 2219, properties)>, <KeyAuditMatterTag(5232, 2220, properties)>, <KeyAuditMatterTag(5233, 2221, assessment)>, <KeyAuditMatterTag(5234, 2221, film)>, <KeyAuditMatterTag(5235, 2221, impairment)>, <KeyAuditMatterTag(5236, 2221, right)>]",https://www1.hkexnews.hk/listedco/listconews/sehk/2020/0428/2020042801928.pdf
1136,9254240,27/04/2020 22:11,1003,HUANXI MEDIA,ANNUAL REPORT 2019,"Financial Statements/ESG Information - [Annual Report / Environmental, Social and Governance Information/Report]",5MB,"[<Auditor(1085, 9254240, PricewaterhouseCoopers)>]","[<KeyAuditMatter(2565, 9254240 Valuation and measurement of film and TV programmes rights classified as intangible assets and other intangible assets)>, <KeyAuditMatter(2566, 9254240 Film and TV programmes rights completed and under production)>, <KeyAuditMatter(2567, 9254240 Valuation and measurement of film and TV programmes rights classified as intangible assets and other intangible assets(Continued))>, <KeyAuditMatter(2568, 9254240 Film and TV programmes rights Film and TV programmes rights completedunder production)>, <KeyAuditMatter(2569, 9254240 Film and TV programmes rights under production)>, <KeyAuditMatter(2570, 9254240 Licensed film and TV programmes rights and other intangible assets)>, <KeyAuditMatter(2571, 9254240 Valuation and measurement of film and TV programmes rights classified as intangible assets and other intangible assets(Continued))>, <KeyAuditMatter(2572, 9254240 Licensed film and TV programmes rights and other intangible assets)>, <KeyAuditMatter(2573, 9254240 Valuation and measurement of film and TV programmes rights classified as intangible assets and other intangible assets(Continued))>, <KeyAuditMatter(2574, 9254240 Impairment of prepayments for film and TV programmes rights)>]","[<KeyAuditMatterTag(6057, 2565, asset)>, <KeyAuditMatterTag(6058, 2565, film)>, <KeyAuditMatterTag(6059, 2565, measurement)>, <KeyAuditMatterTag(6060, 2565, right)>, <KeyAuditMatterTag(6061, 2565, valuation)>, <KeyAuditMatterTag(6062, 2566, film)>, <KeyAuditMatterTag(6063, 2566, right)>, <KeyAuditMatterTag(6064, 2567, asset)>, <KeyAuditMatterTag(6065, 2567, film)>, <KeyAuditMatterTag(6066, 2567, measurement)>, <KeyAuditMatterTag(6067, 2567, right)>, <KeyAuditMatterTag(6068, 2567, valuation)>, <KeyAuditMatterTag(6069, 2568, film)>, <KeyAuditMatterTag(6070, 2568, right)>, <KeyAuditMatterTag(6071, 2569, film)>, <KeyAuditMatterTag(6072, 2569, right)>, <KeyAuditMatterTag(6073, 2570, asset)>, <KeyAuditMatterTag(6074, 2570, film)>, <KeyAuditMatterTag(6075, 2570, right)>, <KeyAuditMatterTag(6076, 2571, asset)>, <KeyAuditMatterTag(6077, 2571, film)>, <KeyAuditMatterTag(6078, 2571, measurement)>, <KeyAuditMatterTag(6079, 2571, right)>, <KeyAuditMatterTag(6080, 2571, valuation)>, <KeyAuditMatterTag(6081, 2572, asset)>, <KeyAuditMatterTag(6082, 2572, film)>, <KeyAuditMatterTag(6083, 2572, right)>, <KeyAuditMatterTag(6084, 2573, asset)>, <KeyAuditMatterTag(6085, 2573, film)>, <KeyAuditMatterTag(6086, 2573, measurement)>, <KeyAuditMatterTag(6087, 2573, right)>, <KeyAuditMatterTag(6088, 2573, valuation)>, <KeyAuditMatterTag(6089, 2574, film)>, <KeyAuditMatterTag(6090, 2574, impairment)>, <KeyAuditMatterTag(6091, 2574, right)>]",https://www1.hkexnews.hk/listedco/listconews/sehk/2020/0427/2020042702814.pdf
1164,9253540,27/04/2020 18:29,772,CHINA LIT,Annual Report 2019,"Financial Statements/ESG Information - [Annual Report / Environmental, Social and Governance Information/Report]",1MB,"[<Auditor(1113, 9253540, PricewaterhouseCoopers)>]","[<KeyAuditMatter(2622, 9253540 unnAImpairment assessment of goodwill)>, <KeyAuditMatter(2623, 9253540 Key Audit MatterHow our audit addressed the Key Audit MatterFair value measurement of financial assets at fair value through profit or loss  investments in redeemable shares of associates)>, <KeyAuditMatter(2624, 9253540 unnAFair value measurement of financial liabilities at fair value through profit or loss  contingent )>, <KeyAuditMatter(2625, 9253540 Key Audit MatterHow our audit addressed the Key Audit MatterImpairment assessment of television series and film rights and adaptation rights and scripts)>]","[<KeyAuditMatterTag(6211, 2622, assessment)>, <KeyAuditMatterTag(6212, 2622, goodwill)>, <KeyAuditMatterTag(6213, 2622, impairment)>, <KeyAuditMatterTag(6214, 2623, asset)>, <KeyAuditMatterTag(6215, 2623, associate)>, <KeyAuditMatterTag(6216, 2623, fair)>, <KeyAuditMatterTag(6217, 2623, financial asset)>, <KeyAuditMatterTag(6218, 2623, investment)>, <KeyAuditMatterTag(6219, 2623, measurement)>, <KeyAuditMatterTag(6220, 2623, value)>, <KeyAuditMatterTag(6221, 2624, fair)>, <KeyAuditMatterTag(6222, 2624, measurement)>, <KeyAuditMatterTag(6223, 2624, value)>, <KeyAuditMatterTag(6224, 2625, assessment)>, <KeyAuditMatterTag(6225, 2625, film)>, <KeyAuditMatterTag(6226, 2625, impairment)>, <KeyAuditMatterTag(6227, 2625, right)>]",https://www1.hkexnews.hk/listedco/listconews/sehk/2020/0427/2020042701968.pdf
1202,9252940,27/04/2020 17:15,953,SHAW BROTHERS,ANNUAL REPORT 2019,"Financial Statements/ESG Information - [Annual Report / Environmental, Social and Governance Information/Report]",7MB,"[<Auditor(1151, 9252940, SHINEWING (HK) CPA Limited)>]","[<KeyAuditMatter(2709, 9252940 IMPAIRMENT OF INVESTMENTS IN FILMS, DRAMA AND NON-DRAMA AND PRODUCTION IN PROGRESS)>]","[<KeyAuditMatterTag(6411, 2709, film)>, <KeyAuditMatterTag(6412, 2709, impairment)>, <KeyAuditMatterTag(6413, 2709, investment)>]",https://www1.hkexnews.hk/listedco/listconews/sehk/2020/0427/2020042701375.pdf
1255,9252336,27/04/2020 16:38,317,COMEC,Annual Report 2019,Financial Statements/ESG Information - [Annual Report],5MB,"[<Auditor(1203, 9252336, WUYIGE)>]","[<KeyAuditMatter(2838, 9252336 1. Recognition of revenue from the fulfilment of obligations)>]","[<KeyAuditMatterTag(6712, 2838, film)>, <KeyAuditMatterTag(6713, 2838, recognition)>, <KeyAuditMatterTag(6714, 2838, revenue)>]",https://www1.hkexnews.hk/listedco/listconews/sehk/2020/0427/2020042700771.pdf
1419,9249259,24/04/2020 16:33,1616,STARRISE MEDIA,ANNUAL REPORT 2019,Financial Statements/ESG Information - [Annual Report],944KB,"[<Auditor(1363, 9249259, KPMG)>]","[<KeyAuditMatter(3210, 9249259 Timing of revenue recognition: licensing income from drama series and films)>, <KeyAuditMatter(3211, 9249259 Assessing potential impairment of goodwill)>, <KeyAuditMatter(3212, 9249259 Assessing potential impairment of goodwil (continued))>]","[<KeyAuditMatterTag(7588, 3210, film)>, <KeyAuditMatterTag(7589, 3210, income)>, <KeyAuditMatterTag(7590, 3210, recognition)>, <KeyAuditMatterTag(7591, 3210, revenue)>, <KeyAuditMatterTag(7592, 3211, goodwill)>, <KeyAuditMatterTag(7593, 3211, impairment)>, <KeyAuditMatterTag(7594, 3212, impairment)>]",https://www1.hkexnews.hk/listedco/listconews/sehk/2020/0424/2020042400695.pdf
1684,9243706,21/04/2020 18:32,511,TVB,2019 Annual Report,"Financial Statements/ESG Information - [Annual Report / Environmental, Social and Governance Information/Report]",8MB,"[<Auditor(1616, 9243706, PricewaterhouseCoopers)>]","[<KeyAuditMatter(3765, 9243706 Key Audit MatterHow our audit addressed the Key Audit MatterProgramme costs and film rights)>]","[<KeyAuditMatterTag(8879, 3765, film)>, <KeyAuditMatterTag(8880, 3765, right)>]",https://www1.hkexnews.hk/listedco/listconews/sehk/2020/0421/2020042101035.pdf
1719,9243014,21/04/2020 16:35,76,ELATE HOLDINGS,2019 Annual Report,Financial Statements/ESG Information - [Annual Report],1MB,"[<Auditor(1651, 9243014, BDO Limited)>]","[<KeyAuditMatter(3835, 9243014 Impairment of inventories in Madagascar)>, <KeyAuditMatter(3836, 9243014 KEY AUDIT MATTERS Impairment of intangible asset  film right)>]","[<KeyAuditMatterTag(9078, 3835, impairment)>, <KeyAuditMatterTag(9079, 3835, inventories)>, <KeyAuditMatterTag(9080, 3836, asset)>, <KeyAuditMatterTag(9081, 3836, film)>, <KeyAuditMatterTag(9082, 3836, impairment)>, <KeyAuditMatterTag(9083, 3836, right)>]",https://www1.hkexnews.hk/listedco/listconews/sehk/2020/0421/2020042100369.pdf
2394,9072619,20/11/2019 17:23,571,ESUN HOLDINGS,Annual Report Year ended 31 July 2019,"Financial Statements/ESG Information - [Annual Report / Environmental, Social and Governance Information/Report]",9MB,"[<Auditor(2296, 9072619, Ernst & Young)>]","[<KeyAuditMatter(5310, 9072619 Key audit matterHow our audit addressed the key audit matterEstimation of fair value of investment properties)>, <KeyAuditMatter(5311, 9072619 Land appreciation tax in Mainland ChinaLAT)>, <KeyAuditMatter(5312, 9072619 Key audit matterHow our audit addressed the key audit matterImpairment of film rights, film products and films under production)>]","[<KeyAuditMatterTag(12329, 5310, estimation)>, <KeyAuditMatterTag(12330, 5310, fair)>, <KeyAuditMatterTag(12331, 5310, investment)>, <KeyAuditMatterTag(12332, 5310, properties)>, <KeyAuditMatterTag(12333, 5310, value)>, <KeyAuditMatterTag(12334, 5311, appreciation)>, <KeyAuditMatterTag(12335, 5311, land)>, <KeyAuditMatterTag(12336, 5311, tax)>, <KeyAuditMatterTag(12337, 5312, film)>, <KeyAuditMatterTag(12338, 5312, impairment)>, <KeyAuditMatterTag(12339, 5312, right)>]",https://www1.hkexnews.hk/listedco/listconews/sehk/2019/1120/2019112000406.pdf
2414,9049832,30/10/2019 16:38,8075,MEDIA ASIA,ANNUAL REPORT YEAR ENDED 31 JULY 2019,"Financial Statements/ESG Information - [Annual Report / Environmental, Social and Governance Information/Report]",4MB,"[<Auditor(2316, 9049832, Ernst & Young)>]","[<KeyAuditMatter(5361, 9049832 To the shareholders of Media Asia Group Holdings Limited(Incorporated in the Cayman Islands and continued in Bermuda with limited liability))>, <KeyAuditMatter(5362, 9049832 (continued)Key audit matterHow our audit addressed the key audit matterImpairment of film and TV program products and films and TV programs under production)>]","[<KeyAuditMatterTag(12478, 5361, land)>, <KeyAuditMatterTag(12479, 5362, film)>, <KeyAuditMatterTag(12480, 5362, impairment)>]",https://www1.hkexnews.hk/listedco/listconews/gem/2019/1030/2019103000526.pdf
2460,9283628,15/05/2020 22:45,8087,CHINA 33MEDIA,ANNUAL REPORT 2019,"Financial Statements/ESG Information - [Annual Report / Environmental, Social and Governance Information/Report]",1MB,"[<Auditor(2361, 9283628, HLB Hodgson Impey Cheng Limited)>]","[<KeyAuditMatter(5481, 9283628 Valuation of film rights)>, <KeyAuditMatter(5482, 9283628 Prepayment for film and entertainment business)>, <KeyAuditMatter(5483, 9283628 Impairment assessment on trade receivables)>]","[<KeyAuditMatterTag(12751, 5481, film)>, <KeyAuditMatterTag(12752, 5481, right)>, <KeyAuditMatterTag(12753, 5481, valuation)>, <KeyAuditMatterTag(12754, 5482, film)>, <KeyAuditMatterTag(12755, 5483, assessment)>, <KeyAuditMatterTag(12756, 5483, impairment)>]",https://www1.hkexnews.hk/listedco/listconews/gem/2020/0515/2020051502327.pdf
