id,news_id,date_time,stock_code,stock_name,title,long_text,file_info,audit_firms,kams,kam_tags,file_link
307,9365262,22/07/2020 12:19,899,ASIA RESOURCES,Annual Report 2020,Financial Statements/ESG Information - [Annual Report],5MB,"[<Auditor(293, 9365262, Lau & Au Yeung C.P.A. Limited)>]","[<KeyAuditMatter(751, 9365262 Recoverability of properties under development and completed properties held for sale)>, <KeyAuditMatter(752, 9365262 Recoverability of properties under development and completed properties held for sale (continued))>, <KeyAuditMatter(753, 9365262 Impairment assessment of water mining licence included in intangible assets)>, <KeyAuditMatter(754, 9365262 Impairment assessment of water mining licence included in intangible assets (continued))>, <KeyAuditMatter(755, 9365262 Impairment assessment of interests in associates)>, <KeyAuditMatter(756, 9365262 Impairment assessment of interests in associates (continued))>, <KeyAuditMatter(757, 9365262 Impairment assessment on deposit paid for the acquisition of Shenyang Properties)>]","[<KeyAuditMatterTag(1820, 751, properties)>, <KeyAuditMatterTag(1821, 751, recoverability)>, <KeyAuditMatterTag(1822, 752, properties)>, <KeyAuditMatterTag(1823, 752, recoverability)>, <KeyAuditMatterTag(1824, 753, assessment)>, <KeyAuditMatterTag(1825, 753, asset)>, <KeyAuditMatterTag(1826, 753, impairment)>, <KeyAuditMatterTag(1827, 753, licence)>, <KeyAuditMatterTag(1828, 753, mining)>, <KeyAuditMatterTag(1829, 754, assessment)>, <KeyAuditMatterTag(1830, 754, asset)>, <KeyAuditMatterTag(1831, 754, impairment)>, <KeyAuditMatterTag(1832, 754, licence)>, <KeyAuditMatterTag(1833, 754, mining)>, <KeyAuditMatterTag(1834, 755, assessment)>, <KeyAuditMatterTag(1835, 755, associate)>, <KeyAuditMatterTag(1836, 755, impairment)>, <KeyAuditMatterTag(1837, 756, assessment)>, <KeyAuditMatterTag(1838, 756, associate)>, <KeyAuditMatterTag(1839, 756, impairment)>, <KeyAuditMatterTag(1840, 757, acquisition)>, <KeyAuditMatterTag(1841, 757, assessment)>, <KeyAuditMatterTag(1842, 757, impairment)>, <KeyAuditMatterTag(1843, 757, properties)>]",https://www1.hkexnews.hk/listedco/listconews/sehk/2020/0722/2020072200165.pdf
341,9361064,17/07/2020 16:59,77,AMS TRANSPORT,ANNUAL REPORT 2019/2020,"Financial Statements/ESG Information - [Annual Report / Environmental, Social and Governance Information/Report]",1MB,"[<Auditor(326, 9361064, Grant Thornton Hong Kong Limited)>]","[<KeyAuditMatter(850, 9361064 To the members of AMS Public Transport Holdings Limited(incorporated in the Cayman Islands with limited liability))>, <KeyAuditMatter(851, 9361064 Valuation of PLB licencesRefer to note 17 to the consolidated financial statements, the accounting policies in note 2.7 and the accounting estimates and judgement in note 4.)>, <KeyAuditMatter(852, 9361064 Goodwill impairment assessment Refer to note 21 to the consolidated financial statements, the accounting policies in note 2.16 and the accounting estimates and judgement in note 4.)>]","[<KeyAuditMatterTag(2055, 850, land)>, <KeyAuditMatterTag(2056, 851, licence)>, <KeyAuditMatterTag(2057, 851, valuation)>, <KeyAuditMatterTag(2058, 852, assessment)>, <KeyAuditMatterTag(2059, 852, goodwill)>, <KeyAuditMatterTag(2060, 852, impairment)>]",https://www1.hkexnews.hk/listedco/listconews/sehk/2020/0717/2020071700637.pdf
1242,9252452,27/04/2020 16:43,458,TRISTATE HOLD,Annual Report 2019,"Financial Statements/ESG Information - [Annual Report / Environmental, Social and Governance Information/Report]",836KB,"[<Auditor(1191, 9252452, KPMG)>]","[<KeyAuditMatter(2813, 9252452 Assessment of potential impairment of property, plant and equipment (PP&E) and licence rights relating to the loss-making units in brands business)>, <KeyAuditMatter(2814, 9252452 Key Audit Matters Assessment of potential impairment of property, plant and equipment (PP&E) and licence rights relating to the loss-making units in brands business The Key Audit Matter How the matter was addressed in our audit )>]","[<KeyAuditMatterTag(6655, 2813, assessment)>, <KeyAuditMatterTag(6656, 2813, impairment)>, <KeyAuditMatterTag(6657, 2813, licence)>, <KeyAuditMatterTag(6658, 2813, plant and equipment)>, <KeyAuditMatterTag(6659, 2813, property)>, <KeyAuditMatterTag(6660, 2813, right)>, <KeyAuditMatterTag(6661, 2814, assessment)>, <KeyAuditMatterTag(6662, 2814, impairment)>, <KeyAuditMatterTag(6663, 2814, licence)>, <KeyAuditMatterTag(6664, 2814, plant and equipment)>, <KeyAuditMatterTag(6665, 2814, property)>, <KeyAuditMatterTag(6666, 2814, right)>]",https://www1.hkexnews.hk/listedco/listconews/sehk/2020/0427/2020042700887.pdf
2213,9209981,30/03/2020 16:52,27,GALAXY ENT,Annual Report 2019,"Financial Statements/ESG Information - [Annual Report / Environmental, Social and Governance Information/Report]",11MB,"[<Auditor(2126, 9209981, PricewaterhouseCoopers)>]","[<KeyAuditMatter(4941, 9209981 Assessment of recoverable amounts of hotel properties, gaming licence and reacquired right)>]","[<KeyAuditMatterTag(11554, 4941, assessment)>, <KeyAuditMatterTag(11555, 4941, licence)>, <KeyAuditMatterTag(11556, 4941, properties)>, <KeyAuditMatterTag(11557, 4941, right)>]",https://www1.hkexnews.hk/listedco/listconews/sehk/2020/0330/2020033000568.pdf
2396,9071926,19/11/2019 18:27,850,TOURONG CHANGFU,ANNUAL REPORT 2018-2019,"Financial Statements/ESG Information - [Annual Report / Environmental, Social and Governance Information/Report]",3MB,"[<Auditor(2298, 9071926, Moore Stephens CPA Limited)>]","[<KeyAuditMatter(5315, 9071926 Impairment assessment of oil properties and construction-in-progress included in property, plant and equipment and oil exploitation licences included in intangible assets relating to the crude oil segment)>, <KeyAuditMatter(5316, 9071926 Impairment assessment of oil properties and construction-in-progress included in property, plant and equipment and oil exploitation licences included in intangible assets relating to the crude oil segment (Continued))>, <KeyAuditMatter(5317, 9071926 Assessment of loss allowances for expected credit losses on trade receivables)>, <KeyAuditMatter(5318, 9071926 Assessment of loss allowances for expected credit losses on loans receivables)>, <KeyAuditMatter(5319, 9071926 Assessment of loss allowances for expected credit losses on loans receivables )>, <KeyAuditMatter(5320, 9071926 Loss of assets)>, <KeyAuditMatter(5321, 9071926 Loss of assets )>]","[<KeyAuditMatterTag(12348, 5315, assessment)>, <KeyAuditMatterTag(12349, 5315, asset)>, <KeyAuditMatterTag(12350, 5315, impairment)>, <KeyAuditMatterTag(12351, 5315, licence)>, <KeyAuditMatterTag(12352, 5315, plant and equipment)>, <KeyAuditMatterTag(12353, 5315, properties)>, <KeyAuditMatterTag(12354, 5315, property)>, <KeyAuditMatterTag(12355, 5316, assessment)>, <KeyAuditMatterTag(12356, 5316, asset)>, <KeyAuditMatterTag(12357, 5316, impairment)>, <KeyAuditMatterTag(12358, 5316, licence)>, <KeyAuditMatterTag(12359, 5316, plant and equipment)>, <KeyAuditMatterTag(12360, 5316, properties)>, <KeyAuditMatterTag(12361, 5316, property)>, <KeyAuditMatterTag(12362, 5317, assessment)>, <KeyAuditMatterTag(12363, 5317, expected credit loss)>, <KeyAuditMatterTag(12364, 5318, assessment)>, <KeyAuditMatterTag(12365, 5318, expected credit loss)>, <KeyAuditMatterTag(12366, 5319, assessment)>, <KeyAuditMatterTag(12367, 5319, expected credit loss)>, <KeyAuditMatterTag(12368, 5320, asset)>, <KeyAuditMatterTag(12369, 5321, asset)>]",https://www1.hkexnews.hk/listedco/listconews/sehk/2019/1119/2019111900648.pdf
2397,9071904,19/11/2019 18:15,850,TOURONG CHANGFU,ANNUAL REPORT 2017-2018,"Financial Statements/ESG Information - [Annual Report / Environmental, Social and Governance Information/Report]",4MB,"[<Auditor(2299, 9071904, Moore Stephens CPA Limited)>]","[<KeyAuditMatter(5322, 9071904 Impairment assessment of oil properties and construction-in-progress included in property, plant and equipment and oil exploitation licences included in intangible assets relating to the crude oil segment )>, <KeyAuditMatter(5323, 9071904 Impairment assessment of oil properties and construction-in-progress included in property, plant and equipment and oil exploitation licences included in intangible assets relating to the crude oil segment (Continued))>, <KeyAuditMatter(5324, 9071904 Assessment of loss allowance for expected credit losses on trade receivables)>, <KeyAuditMatter(5325, 9071904 Assessment of loss allowances for expected credit losses on loans receivable)>, <KeyAuditMatter(5326, 9071904 Assessment of loss allowances for expected credit losses on loans receivable )>, <KeyAuditMatter(5327, 9071904 Assessment of loss allowances for expected credit losses on loans receivable )>]","[<KeyAuditMatterTag(12370, 5322, assessment)>, <KeyAuditMatterTag(12371, 5322, asset)>, <KeyAuditMatterTag(12372, 5322, impairment)>, <KeyAuditMatterTag(12373, 5322, licence)>, <KeyAuditMatterTag(12374, 5322, plant and equipment)>, <KeyAuditMatterTag(12375, 5322, properties)>, <KeyAuditMatterTag(12376, 5322, property)>, <KeyAuditMatterTag(12377, 5323, assessment)>, <KeyAuditMatterTag(12378, 5323, asset)>, <KeyAuditMatterTag(12379, 5323, impairment)>, <KeyAuditMatterTag(12380, 5323, licence)>, <KeyAuditMatterTag(12381, 5323, plant and equipment)>, <KeyAuditMatterTag(12382, 5323, properties)>, <KeyAuditMatterTag(12383, 5323, property)>, <KeyAuditMatterTag(12384, 5324, assessment)>, <KeyAuditMatterTag(12385, 5324, expected credit loss)>, <KeyAuditMatterTag(12386, 5325, assessment)>, <KeyAuditMatterTag(12387, 5325, expected credit loss)>, <KeyAuditMatterTag(12388, 5326, assessment)>, <KeyAuditMatterTag(12389, 5326, expected credit loss)>, <KeyAuditMatterTag(12390, 5327, assessment)>, <KeyAuditMatterTag(12391, 5327, expected credit loss)>]",https://www1.hkexnews.hk/listedco/listconews/sehk/2019/1119/2019111900626.pdf
