id,news_id,date_time,stock_code,stock_name,title,long_text,file_info,audit_firms,kams,kam_tags,file_link
237,9371229,27/07/2020 16:47,599,E. BON HOLDINGS,2020 Annual Report,"Financial Statements/ESG Information - [Annual Report / Environmental, Social and Governance Information/Report]",9MB,"[<Auditor(226, 9371229, PricewaterhouseCoopers)>]","[<KeyAuditMatter(558, 9371229 Provision for inventory obsolescenceRefer to notes 2.11 and 4.1 to the consolidated financial statements for the disclosures of the related accounting policies, )>, <KeyAuditMatter(559, 9371229 Provision for impairment of trade and retention receivables and contract assetsRefer to notes 2.8 and 4.2 to the consolidated financial statements for the disclosures of the related accounting policies, )>]","[<KeyAuditMatterTag(1331, 558, inventory)>, <KeyAuditMatterTag(1332, 558, obsolescence)>, <KeyAuditMatterTag(1333, 558, provision)>, <KeyAuditMatterTag(1334, 559, asset)>, <KeyAuditMatterTag(1335, 559, impairment)>, <KeyAuditMatterTag(1336, 559, provision)>]",https://www1.hkexnews.hk/listedco/listconews/sehk/2020/0727/2020072700551.pdf
380,9357451,15/07/2020 14:30,403,STARLITE HOLD,"ANNUAL REPORT FOR THE YEAR ENDED 31ST MARCH, 2020",Financial Statements/ESG Information - [Annual Report],6MB,"[<Auditor(362, 9357451, PricewaterhouseCoopers)>]","[<KeyAuditMatter(928, 9357451 Impairment assessment of property, plant and equipment and right-of-use assets)>, <KeyAuditMatter(929, 9357451 Impairment assessment of property, plant and equipment and right-of-use assets (continued))>, <KeyAuditMatter(930, 9357451 Impairment assessment of property, plant and equipment and right-of-use assets (continued))>, <KeyAuditMatter(931, 9357451 Provision for inventory obsolescence)>]","[<KeyAuditMatterTag(2238, 928, assessment)>, <KeyAuditMatterTag(2239, 928, asset)>, <KeyAuditMatterTag(2240, 928, impairment)>, <KeyAuditMatterTag(2241, 928, plant and equipment)>, <KeyAuditMatterTag(2242, 928, property)>, <KeyAuditMatterTag(2243, 928, right)>, <KeyAuditMatterTag(2244, 929, assessment)>, <KeyAuditMatterTag(2245, 929, asset)>, <KeyAuditMatterTag(2246, 929, impairment)>, <KeyAuditMatterTag(2247, 929, plant and equipment)>, <KeyAuditMatterTag(2248, 929, property)>, <KeyAuditMatterTag(2249, 929, right)>, <KeyAuditMatterTag(2250, 930, assessment)>, <KeyAuditMatterTag(2251, 930, asset)>, <KeyAuditMatterTag(2252, 930, impairment)>, <KeyAuditMatterTag(2253, 930, plant and equipment)>, <KeyAuditMatterTag(2254, 930, property)>, <KeyAuditMatterTag(2255, 930, right)>, <KeyAuditMatterTag(2256, 931, inventory)>, <KeyAuditMatterTag(2257, 931, obsolescence)>, <KeyAuditMatterTag(2258, 931, provision)>]",https://www1.hkexnews.hk/listedco/listconews/sehk/2020/0715/2020071500329.pdf
678,9280780,14/05/2020 20:13,1906,BONNY HLDG,ANNUAL REPORT 2019,"Financial Statements/ESG Information - [Annual Report / Environmental, Social and Governance Information/Report]",2MB,"[<Auditor(651, 9280780, Ernst & Young)>]","[<KeyAuditMatter(1568, 9280780 Impairment assessment for trade receivables)>, <KeyAuditMatter(1569, 9280780 Inventory obsolescence provisions)>]","[<KeyAuditMatterTag(3726, 1568, assessment)>, <KeyAuditMatterTag(3727, 1568, impairment)>, <KeyAuditMatterTag(3728, 1569, inventory)>, <KeyAuditMatterTag(3729, 1569, obsolescence)>, <KeyAuditMatterTag(3730, 1569, provision)>]",https://www1.hkexnews.hk/listedco/listconews/sehk/2020/0514/2020051401739.pdf
1609,9245520,22/04/2020 18:10,2885,PEIPORT HOLD,ANNUAL REPORT 2019,Financial Statements/ESG Information - [Annual Report],3MB,"[<Auditor(1543, 9245520, Ernst & Young)>]","[<KeyAuditMatter(3618, 9245520 Impairment assessment of trade and bills receivables)>, <KeyAuditMatter(3619, 9245520 Allowance for inventory obsolescence)>]","[<KeyAuditMatterTag(8502, 3618, assessment)>, <KeyAuditMatterTag(8503, 3618, impairment)>, <KeyAuditMatterTag(8504, 3619, inventory)>, <KeyAuditMatterTag(8505, 3619, obsolescence)>]",https://www1.hkexnews.hk/listedco/listconews/sehk/2020/0422/2020042201242.pdf
1810,9240568,17/04/2020 22:58,8283,ZHENG LI HLDG,2019 Annual Report,Financial Statements/ESG Information - [Annual Report],5MB,"[<Auditor(1741, 9240568, Ernst & Young)>]","[<KeyAuditMatter(4032, 9240568 (Incorporated in the Cayman Islands with limited liability))>, <KeyAuditMatter(4033, 9240568 Allowance for inventory obsolescence)>]","[<KeyAuditMatterTag(9527, 4032, land)>, <KeyAuditMatterTag(9528, 4033, inventory)>, <KeyAuditMatterTag(9529, 4033, obsolescence)>]",https://www1.hkexnews.hk/listedco/listconews/gem/2020/0417/2020041701998.pdf
