id,news_id,date_time,stock_code,stock_name,title,long_text,file_info,audit_firms,kams,kam_tags,file_link
714,9279694,14/05/2020 16:43,3663,XIEZHONG INTL,Annual Report 2019,Financial Statements/ESG Information - [Annual Report],2MB,"[<Auditor(687, 9279694, KPMG)>]","[<KeyAuditMatter(1648, 9279694 Assessment of the Groups ability to continue as a going concern)>, <KeyAuditMatter(1649, 9279694 Assessment of the Groups ability to continue as a going concern (continued))>, <KeyAuditMatter(1650, 9279694 Valuation of inventories)>, <KeyAuditMatter(1651, 9279694 Valuation of inventories (continued))>, <KeyAuditMatter(1652, 9279694 Impairment assessment of goodwill, property, plant and equipment and intangible assets related to HVAC business)>, <KeyAuditMatter(1653, 9279694 Impairment assessment of goodwill, property, plant and equipment and intangible assets related to HVAC business (continued))>, <KeyAuditMatter(1654, 9279694 Recognition of vendor rebates from automobile manufacturers)>]","[<KeyAuditMatterTag(3905, 1648, assessment)>, <KeyAuditMatterTag(3906, 1649, assessment)>, <KeyAuditMatterTag(3907, 1650, inventories)>, <KeyAuditMatterTag(3908, 1650, valuation)>, <KeyAuditMatterTag(3909, 1651, inventories)>, <KeyAuditMatterTag(3910, 1651, valuation)>, <KeyAuditMatterTag(3911, 1652, assessment)>, <KeyAuditMatterTag(3912, 1652, asset)>, <KeyAuditMatterTag(3913, 1652, goodwill)>, <KeyAuditMatterTag(3914, 1652, impairment)>, <KeyAuditMatterTag(3915, 1652, plant and equipment)>, <KeyAuditMatterTag(3916, 1652, property)>, <KeyAuditMatterTag(3917, 1653, assessment)>, <KeyAuditMatterTag(3918, 1653, asset)>, <KeyAuditMatterTag(3919, 1653, goodwill)>, <KeyAuditMatterTag(3920, 1653, impairment)>, <KeyAuditMatterTag(3921, 1653, plant and equipment)>, <KeyAuditMatterTag(3922, 1653, property)>, <KeyAuditMatterTag(3923, 1654, rebate)>, <KeyAuditMatterTag(3924, 1654, recognition)>]",https://www1.hkexnews.hk/listedco/listconews/sehk/2020/0514/2020051400663.pdf
744,9278468,13/05/2020 18:14,1728,ZHENGTONGAUTO,ANNUAL REPORT 2019,"Financial Statements/ESG Information - [Annual Report / Environmental, Social and Governance Information/Report]",13MB,"[<Auditor(716, 9278468, KPMG)>]","[<KeyAuditMatter(1717, 9278468 Impairment of goodwill and intangible assets  car dealerships)>, <KeyAuditMatter(1718, 9278468 Recognition of vendor rebates)>, <KeyAuditMatter(1719, 9278468 ECL)>]","[<KeyAuditMatterTag(4086, 1717, asset)>, <KeyAuditMatterTag(4087, 1717, goodwill)>, <KeyAuditMatterTag(4088, 1717, impairment)>, <KeyAuditMatterTag(4089, 1718, rebate)>, <KeyAuditMatterTag(4090, 1718, recognition)>, <KeyAuditMatterTag(4091, 1719, ecl)>]",https://www1.hkexnews.hk/listedco/listconews/sehk/2020/0513/2020051300889.pdf
1045,9255484,28/04/2020 16:49,3836,HARMONY AUTO,Annual Report 2019,"Financial Statements/ESG Information - [Annual Report / Environmental, Social and Governance Information/Report]",7MB,"[<Auditor(998, 9255484, ZHONGHUI ANDA CPA Limited)>]","[<KeyAuditMatter(2369, 9255484 Estimation of rebates)>, <KeyAuditMatter(2370, 9255484 Investments at fair value through profit or loss)>]","[<KeyAuditMatterTag(5611, 2369, estimation)>, <KeyAuditMatterTag(5612, 2369, rebate)>, <KeyAuditMatterTag(5613, 2370, fair)>, <KeyAuditMatterTag(5614, 2370, investment)>, <KeyAuditMatterTag(5615, 2370, value)>]",https://www1.hkexnews.hk/listedco/listconews/sehk/2020/0428/2020042801132.pdf
1077,9255190,28/04/2020 16:37,1293,GRAND BAOXIN,2019 ANNUAL REPORT,Financial Statements/ESG Information - [Annual Report],4MB,"[<Auditor(1030, 9255190, Ernst & Young)>]","[<KeyAuditMatter(2423, 9255190 To the shareholders of Grand Baoxin Auto Group Limited(Incorporated in the Cayman Islands as an exempted company with limited liability))>, <KeyAuditMatter(2424, 9255190 Impairment assessment of goodwill)>, <KeyAuditMatter(2425, 9255190 Vendor rebates)>]","[<KeyAuditMatterTag(5732, 2423, land)>, <KeyAuditMatterTag(5733, 2424, assessment)>, <KeyAuditMatterTag(5734, 2424, goodwill)>, <KeyAuditMatterTag(5735, 2424, impairment)>, <KeyAuditMatterTag(5736, 2425, rebate)>]",https://www1.hkexnews.hk/listedco/listconews/sehk/2020/0428/2020042800838.pdf
1369,9249829,24/04/2020 17:08,1446,HUNGFOOKTONG,2019 ANNUAL REPORT,Financial Statements/ESG Information - [Annual Report],16MB,"[<Auditor(1314, 9249829, PricewaterhouseCoopers)>]","[<KeyAuditMatter(3112, 9249829 Key Audit MatterHow our audit addressed the Key Audit MatterRecoverability of trade receivables)>, <KeyAuditMatter(3113, 9249829 Key Audit MatterHow our audit addressed the Key Audit MatterSales rebates and discounts in wholesale of bottled drinks)>, <KeyAuditMatter(3114, 9249829 Key Audit MatterHow our audit addressed the Key Audit MatterRevenue recognition for the sales of goods through pre-paid coupons and credits)>, <KeyAuditMatter(3115, 9249829 Key Audit MatterHow our audit addressed the Key Audit MatterRevenue recognition for the sales of goods through pre-paid coupons and credits (Continued))>]","[<KeyAuditMatterTag(7342, 3112, recoverability)>, <KeyAuditMatterTag(7343, 3113, discounts)>, <KeyAuditMatterTag(7344, 3113, rebate)>, <KeyAuditMatterTag(7345, 3113, sales rebates)>, <KeyAuditMatterTag(7346, 3114, recognition)>, <KeyAuditMatterTag(7347, 3114, revenue)>, <KeyAuditMatterTag(7348, 3115, recognition)>, <KeyAuditMatterTag(7349, 3115, revenue)>]",https://www1.hkexnews.hk/listedco/listconews/sehk/2020/0424/2020042401257.pdf
1752,9241699,20/04/2020 17:36,1771,SUNFONDA GP,2019 Annual Report,"Financial Statements/ESG Information - [Annual Report / Environmental, Social and Governance Information/Report]",2MB,"[<Auditor(1684, 9241699, Ernst & Young)>]","[<KeyAuditMatter(3894, 9241699 Vendor rebate receivables)>, <KeyAuditMatter(3895, 9241699 Deferred tax assets)>, <KeyAuditMatter(3896, 9241699 Impairment of non-current non-financial assets (other than goodwill))>]","[<KeyAuditMatterTag(9213, 3894, rebate)>, <KeyAuditMatterTag(9214, 3895, asset)>, <KeyAuditMatterTag(9215, 3895, deferred)>, <KeyAuditMatterTag(9216, 3895, tax)>, <KeyAuditMatterTag(9217, 3896, asset)>, <KeyAuditMatterTag(9218, 3896, financial asset)>, <KeyAuditMatterTag(9219, 3896, goodwill)>, <KeyAuditMatterTag(9220, 3896, impairment)>]",https://www1.hkexnews.hk/listedco/listconews/sehk/2020/0420/2020042000900.pdf
1808,9240632,19/04/2020 18:35,1959,CENT UNIT HLDG,Annual Report 2019,Financial Statements/ESG Information - [Annual Report],2MB,"[<Auditor(1739, 9240632, Ernst & Young)>]","[<KeyAuditMatter(4029, 9240632 Timing of revenue recognition)>, <KeyAuditMatter(4030, 9240632 Recognition of vendor rebates)>]","[<KeyAuditMatterTag(9520, 4029, recognition)>, <KeyAuditMatterTag(9521, 4029, revenue)>, <KeyAuditMatterTag(9522, 4030, rebate)>, <KeyAuditMatterTag(9523, 4030, recognition)>]",https://www1.hkexnews.hk/listedco/listconews/sehk/2020/0419/2020041900049.pdf
1997,9232285,09/04/2020 19:03,1268,MEIDONG AUTO,ANNUAL REPORT 2019,Financial Statements/ESG Information - [Annual Report],8MB,"[<Auditor(1921, 9232285, KPMG)>]","[<KeyAuditMatter(4475, 9232285 Timing of revenue recognition)>, <KeyAuditMatter(4476, 9232285 Timing of revenue recognition)>, <KeyAuditMatter(4477, 9232285 Recognition of vendor rebates)>, <KeyAuditMatter(4478, 9232285 Recognition of vendor rebates)>]","[<KeyAuditMatterTag(10507, 4475, recognition)>, <KeyAuditMatterTag(10508, 4475, revenue)>, <KeyAuditMatterTag(10509, 4476, recognition)>, <KeyAuditMatterTag(10510, 4476, revenue)>, <KeyAuditMatterTag(10511, 4477, rebate)>, <KeyAuditMatterTag(10512, 4477, recognition)>, <KeyAuditMatterTag(10513, 4478, rebate)>, <KeyAuditMatterTag(10514, 4478, recognition)>]",https://www1.hkexnews.hk/listedco/listconews/sehk/2020/0409/2020040901057.pdf
2324,9191130,17/03/2020 17:18,236,SAN MIGUEL HK,ANNUAL REPORT 2019,Financial Statements/ESG Information - [Annual Report],9MB,"[<Auditor(2234, 9191130, KPMg)>]","[<KeyAuditMatter(5184, 9191130 Assessing potential impairment of property, plant and equipment  Hong Kong brewery operations)>, <KeyAuditMatter(5185, 9191130 Assessing potential impairment of property, plant and equipment  Hong Kong brewery operations )>, <KeyAuditMatter(5186, 9191130 Accounting for discounts, rebates and promotional incentives)>, <KeyAuditMatter(5187, 9191130 Accounting for discounts, rebates and promotional incentives )>]","[<KeyAuditMatterTag(12047, 5184, impairment)>, <KeyAuditMatterTag(12048, 5184, plant and equipment)>, <KeyAuditMatterTag(12049, 5184, property)>, <KeyAuditMatterTag(12050, 5185, impairment)>, <KeyAuditMatterTag(12051, 5185, plant and equipment)>, <KeyAuditMatterTag(12052, 5185, property)>, <KeyAuditMatterTag(12053, 5186, discounts)>, <KeyAuditMatterTag(12054, 5186, rebate)>, <KeyAuditMatterTag(12055, 5187, discounts)>, <KeyAuditMatterTag(12056, 5187, rebate)>]",https://www1.hkexnews.hk/listedco/listconews/sehk/2020/0317/2020031700781.pdf
2494,9269710,06/05/2020 19:01,8126,G. A. HOLDINGS,ANNUAL REPORT 2019,Financial Statements/ESG Information - [Annual Report],3MB,"[<Auditor(2395, 9269710, Grant Thornton Hong Kong Limited)>]","[<KeyAuditMatter(5537, 9269710 To the members of G.A. Holdings Limited(incorporated in the Cayman Islands with limited liability))>, <KeyAuditMatter(5538, 9269710 Recoverability of the amounts due from Zhong Bao Group)>, <KeyAuditMatter(5539, 9269710 Recognition of vendor rebates)>]","[<KeyAuditMatterTag(12886, 5537, land)>, <KeyAuditMatterTag(12887, 5538, recoverability)>, <KeyAuditMatterTag(12888, 5539, rebate)>, <KeyAuditMatterTag(12889, 5539, recognition)>]",https://www1.hkexnews.hk/listedco/listconews/gem/2020/0506/2020050601870.pdf
