,id,news_id,date_time,stock_code,stock_name,title,long_text,file_info,audit_firms,kams,kam_tags,file_link
0,193,9373986,29/07/2020 16:56,1140,OP FINANCIAL,Annual Report 2019/2020,Financial Statements/ESG Information - [Annual Report],2MB,"[<Auditor(183, 9373986, PricewaterhouseCoopers)>]","[<KeyAuditMatter(407, 9373986 Valuation of level 3 financial instruments)>, <KeyAuditMatter(408, 9373986 Valuation of level 3 financial instruments)>, <KeyAuditMatter(409, 9373986 Assessment of expected credit losses of debt investments)>, <KeyAuditMatter(410, 9373986 Assessment of expected credit losses of debt investments)>]","[<KeyAuditMatterTag(983, 407, valuation)>, <KeyAuditMatterTag(984, 408, valuation)>, <KeyAuditMatterTag(985, 409, assessment)>, <KeyAuditMatterTag(986, 409, debt investments)>, <KeyAuditMatterTag(987, 409, expected credit loss)>, <KeyAuditMatterTag(988, 409, investment)>, <KeyAuditMatterTag(989, 410, assessment)>, <KeyAuditMatterTag(990, 410, debt investments)>, <KeyAuditMatterTag(991, 410, expected credit loss)>, <KeyAuditMatterTag(992, 410, investment)>]",https://www1.hkexnews.hk/listedco/listconews/sehk/2020/0729/2020072900475.pdf
1,987,9256256,28/04/2020 17:27,993,HUARONG INT FIN,Annual Report 2019,"Financial Statements/ESG Information - [Annual Report / Environmental, Social and Governance Information/Report]",9MB,"[<Auditor(940, 9256256, Deloitte Touche Tohmatsu)>]","[<KeyAuditMatter(2226, 9256256 Key audit matterHow our audit addressed the key audit matterExpected Credit Loss (ECL) on advances to customers in margin financing, other loans and receivables, amount due from an associate (collectively referred to Loans and Advances) and debt investments classified as financial assets at fair value through other comprehensive income (Debt Investment Securities))>, <KeyAuditMatter(2227, 9256256 Key audit matterHow our audit addressed the key audit matterValuation of Level 3 financial instruments)>]","[<KeyAuditMatterTag(5245, 2226, asset)>, <KeyAuditMatterTag(5246, 2226, associate)>, <KeyAuditMatterTag(5247, 2226, debt investments)>, <KeyAuditMatterTag(5248, 2226, ecl)>, <KeyAuditMatterTag(5249, 2226, expected credit loss)>, <KeyAuditMatterTag(5250, 2226, fair)>, <KeyAuditMatterTag(5251, 2226, financial asset)>, <KeyAuditMatterTag(5252, 2226, income)>, <KeyAuditMatterTag(5253, 2226, investment)>, <KeyAuditMatterTag(5254, 2226, value)>, <KeyAuditMatterTag(5255, 2227, valuation)>]",https://www1.hkexnews.hk/listedco/listconews/sehk/2020/0428/2020042801902.pdf
2,1161,9253621,27/04/2020 18:45,03968<br/>04614,CM BANK<br/>CMB 17USDPREF,Annual Report 2019,Financial Statements/ESG Information - [Annual Report],6MB,"[<Auditor(1110, 9253621, Deloitte Touche Tohmatsu)>]","[<KeyAuditMatter(2614, 9253621 Key audit matterHow our audit addressed the key audit matterExpected credit loss allowance of loans and advances  to customers at amortised cost and debt investments  at amortised cost)>, <KeyAuditMatter(2615, 9253621 Key audit matterHow our audit addressed the key audit matterValuation of financial instruments)>]","[<KeyAuditMatterTag(6192, 2614, debt investments)>, <KeyAuditMatterTag(6193, 2614, expected credit loss)>, <KeyAuditMatterTag(6194, 2614, investment)>, <KeyAuditMatterTag(6195, 2615, valuation)>]",https://www1.hkexnews.hk/listedco/listconews/sehk/2020/0427/2020042702049.pdf
3,1491,9247492,23/04/2020 17:30,3329,BOCOM INTL,2019 Annual Report,"Financial Statements/ESG Information - [Annual Report / Environmental, Social and Governance Information/Report]",8MB,"[<Auditor(1430, 9247492, PricewaterhouseCoopers)>]","[<KeyAuditMatter(3362, 9247492 Impairment assessment of margin loans to customers and financial assets at fair value through other comprehensive income (debt investments))>, <KeyAuditMatter(3363, 9247492 Valuation assessment of Level 3 financial instruments )>]","[<KeyAuditMatterTag(7938, 3362, assessment)>, <KeyAuditMatterTag(7939, 3362, asset)>, <KeyAuditMatterTag(7940, 3362, debt investments)>, <KeyAuditMatterTag(7941, 3362, fair)>, <KeyAuditMatterTag(7942, 3362, financial asset)>, <KeyAuditMatterTag(7943, 3362, impairment)>, <KeyAuditMatterTag(7944, 3362, income)>, <KeyAuditMatterTag(7945, 3362, investment)>, <KeyAuditMatterTag(7946, 3362, value)>, <KeyAuditMatterTag(7947, 3363, assessment)>, <KeyAuditMatterTag(7948, 3363, valuation)>]",https://www1.hkexnews.hk/listedco/listconews/sehk/2020/0423/2020042301299.pdf
4,1961,9235383,15/04/2020 12:10,329,OCI INTL,ANNUAL REPORT 2019,"Financial Statements/ESG Information - [Annual Report / Environmental, Social and Governance Information/Report]",2MB,"[<Auditor(1885, 9235383, Crowe (HK) CPA Limited)>]","[<KeyAuditMatter(4397, 9235383 Allowance for expected credit loss of debt investments at amortised cost)>]","[<KeyAuditMatterTag(10344, 4397, debt investments)>, <KeyAuditMatterTag(10345, 4397, expected credit loss)>, <KeyAuditMatterTag(10346, 4397, investment)>]",https://www1.hkexnews.hk/listedco/listconews/sehk/2020/0415/2020041500305.pdf
