,id,news_id,date_time,stock_code,stock_name,title,long_text,file_info,audit_firms,kams,kam_tags,file_link
0,19,9473283,14/10/2020 17:21,1023,SITOY GROUP,ANNUAL REPORT 2020,"Financial Statements/ESG Information - [Annual Report / Environmental, Social and Governance Information/Report]",4MB,"[<Auditor(19, 9473283, Ernst & Young)>]","[<KeyAuditMatter(34, 9473283 Valuation of investment properties)>, <KeyAuditMatter(35, 9473283 Inventory provision)>, <KeyAuditMatter(36, 9473283 Impairment of non-financial assets)>]","[<KeyAuditMatterTag(103, 34, investment)>, <KeyAuditMatterTag(104, 34, properties)>, <KeyAuditMatterTag(105, 34, valuation)>, <KeyAuditMatterTag(106, 35, inventory)>, <KeyAuditMatterTag(107, 35, provision)>, <KeyAuditMatterTag(108, 36, asset)>, <KeyAuditMatterTag(109, 36, financial asset)>, <KeyAuditMatterTag(110, 36, impairment)>]",https://www1.hkexnews.hk/listedco/listconews/sehk/2020/1014/2020101400605.pdf
1,23,9472986,14/10/2020 16:31,592,BOSSINI INT'L,ANNUAL REPORT 2019/20,Financial Statements/ESG Information - [Annual Report],4MB,"[<Auditor(23, 9472986, Ernst & Young)>]","[<KeyAuditMatter(44, 9472986 slInventory provision)>, <KeyAuditMatter(45, 9472986 Property, plant and equipment and right-of-use assets impairment assessment)>]","[<KeyAuditMatterTag(126, 44, inventory)>, <KeyAuditMatterTag(127, 44, provision)>, <KeyAuditMatterTag(128, 45, assessment)>, <KeyAuditMatterTag(129, 45, asset)>, <KeyAuditMatterTag(130, 45, impairment)>, <KeyAuditMatterTag(131, 45, plant and equipment)>, <KeyAuditMatterTag(132, 45, property)>, <KeyAuditMatterTag(133, 45, right)>]",https://www1.hkexnews.hk/listedco/listconews/sehk/2020/1014/2020101400359.pdf
2,140,9376376,30/07/2020 17:31,259,YEEBO (INT'L H),2019/20 ANNUAL REPORT,Financial Statements/ESG Information - [Annual Report],1MB,"[<Auditor(130, 9376376, Deloitte Touche Tohmatsu)>]","[<KeyAuditMatter(251, 9376376 We identified valuation of trade receivables Our procedures in relation to impairment as a key audit matter due to the involvement )>, <KeyAuditMatter(252, 9376376 credit losses (eCL) of trade receivables based  Challenging managements basis in determining )>, <KeyAuditMatter(253, 9376376 category in the provision matrix (with reference looking information.to historical default rates and forward-looking information); and)>, <KeyAuditMatter(254, 9376376 We identified the valuation of inventories as a key Our procedures in relation to assessing the )>, <KeyAuditMatter(255, 9376376 measurement of the allowance for inventories;)>, <KeyAuditMatter(256, 9376376 assessment of the allowance for inventories;usability and saleability of inventories taking into account the nature of inventories, prevailing market  Testing the accuracy of the inventory ageing )>, <KeyAuditMatter(257, 9376376 usages/sales. Where the inventories are determined for inventories;)>, <KeyAuditMatter(258, 9376376  Testing the net realisable values of inventories )>, <KeyAuditMatter(259, 9376376 latest selling prices in recent sales or the market prices, on a sample basis; and)>, <KeyAuditMatter(260, 9376376 amount of inventories is HK$111,450,000 (net of allowance for inventories of HK$51,912,000).)>]","[<KeyAuditMatterTag(591, 251, impairment)>, <KeyAuditMatterTag(592, 251, valuation)>, <KeyAuditMatterTag(593, 252, ecl)>, <KeyAuditMatterTag(594, 252, mining)>, <KeyAuditMatterTag(595, 253, provision)>, <KeyAuditMatterTag(596, 254, inventories)>, <KeyAuditMatterTag(597, 254, valuation)>, <KeyAuditMatterTag(598, 255, inventories)>, <KeyAuditMatterTag(599, 255, measurement)>, <KeyAuditMatterTag(600, 256, assessment)>, <KeyAuditMatterTag(601, 256, inventories)>, <KeyAuditMatterTag(602, 256, inventory)>, <KeyAuditMatterTag(603, 257, inventories)>, <KeyAuditMatterTag(604, 258, inventories)>, <KeyAuditMatterTag(605, 258, net realisable value)>, <KeyAuditMatterTag(606, 258, value)>, <KeyAuditMatterTag(607, 258, values)>, <KeyAuditMatterTag(608, 259, price)>, <KeyAuditMatterTag(609, 260, inventories)>]",https://www1.hkexnews.hk/listedco/listconews/sehk/2020/0730/2020073001035.pdf
3,237,9371229,27/07/2020 16:47,599,E. BON HOLDINGS,2020 Annual Report,"Financial Statements/ESG Information - [Annual Report / Environmental, Social and Governance Information/Report]",9MB,"[<Auditor(226, 9371229, PricewaterhouseCoopers)>]","[<KeyAuditMatter(558, 9371229 Provision for inventory obsolescenceRefer to notes 2.11 and 4.1 to the consolidated financial statements for the disclosures of the related accounting policies, )>, <KeyAuditMatter(559, 9371229 Provision for impairment of trade and retention receivables and contract assetsRefer to notes 2.8 and 4.2 to the consolidated financial statements for the disclosures of the related accounting policies, )>]","[<KeyAuditMatterTag(1331, 558, inventory)>, <KeyAuditMatterTag(1332, 558, obsolescence)>, <KeyAuditMatterTag(1333, 558, provision)>, <KeyAuditMatterTag(1334, 559, asset)>, <KeyAuditMatterTag(1335, 559, impairment)>, <KeyAuditMatterTag(1336, 559, provision)>]",https://www1.hkexnews.hk/listedco/listconews/sehk/2020/0727/2020072700551.pdf
4,262,9368546,23/07/2020 21:00,6858,HONMAGOLF,2019/20 ANNUAL REPORT,"Financial Statements/ESG Information - [Annual Report / Environmental, Social and Governance Information/Report]",4MB,"[<Auditor(251, 9368546, Ernst & Young)>]","[<KeyAuditMatter(619, 9368546 Key audit matterHow our audit addressed the key audit matterRecoverability of deferred tax assets)>, <KeyAuditMatter(620, 9368546 Inventory provision)>]","[<KeyAuditMatterTag(1486, 619, asset)>, <KeyAuditMatterTag(1487, 619, deferred)>, <KeyAuditMatterTag(1488, 619, recoverability)>, <KeyAuditMatterTag(1489, 619, tax)>, <KeyAuditMatterTag(1490, 620, inventory)>, <KeyAuditMatterTag(1491, 620, provision)>]",https://www1.hkexnews.hk/listedco/listconews/sehk/2020/0723/2020072301280.pdf
5,282,9367634,23/07/2020 16:35,114,HERALD HOLD,ANNUAL REPORT 2020,"Financial Statements/ESG Information - [Annual Report / Environmental, Social and Governance Information/Report]",3MB,"[<Auditor(268, 9367634, KPMG)>]","[<KeyAuditMatter(672, 9367634 Inventory provision)>, <KeyAuditMatter(673, 9367634  assessing the groups inventory provisioning policy in )>, <KeyAuditMatter(674, 9367634  assessing whether the inventory write-down )>]","[<KeyAuditMatterTag(1607, 672, inventory)>, <KeyAuditMatterTag(1608, 672, provision)>, <KeyAuditMatterTag(1609, 673, inventory)>, <KeyAuditMatterTag(1610, 673, provision)>, <KeyAuditMatterTag(1611, 674, inventory)>, <KeyAuditMatterTag(1612, 674, write-down)>]",https://www1.hkexnews.hk/listedco/listconews/sehk/2020/0723/2020072300438.pdf
6,283,9367622,23/07/2020 16:35,280,KING FOOK HOLD,"Annual Report for the Year Ended 31st March, 2020",Financial Statements/ESG Information - [Annual Report],3MB,"[<Auditor(269, 9367622, BDO Limited)>]","[<KeyAuditMatter(675, 9367622 Inventory provision)>, <KeyAuditMatter(676, 9367622 Inventory provision)>]","[<KeyAuditMatterTag(1613, 675, inventory)>, <KeyAuditMatterTag(1614, 675, provision)>, <KeyAuditMatterTag(1615, 676, inventory)>, <KeyAuditMatterTag(1616, 676, provision)>]",https://www1.hkexnews.hk/listedco/listconews/sehk/2020/0723/2020072300426.pdf
7,285,9367595,23/07/2020 16:30,3998,BOSIDENG,2019/20 Annual Report,"Financial Statements/ESG Information - [Annual Report / Environmental, Social and Governance Information/Report]",8MB,"[<Auditor(271, 9367595, KPMG)>]","[<KeyAuditMatter(680, 9367595 Assessment of impairment of goodwill)>, <KeyAuditMatter(681, 9367595  involving our internal valuation specialists to assist us in )>, <KeyAuditMatter(682, 9367595 Valuation of inventories)>, <KeyAuditMatter(683, 9367595  assessing whether the inventory provisions at the reporting )>, <KeyAuditMatter(684, 9367595  assessing, on a sample basis, whether items in the inventory )>, <KeyAuditMatter(685, 9367595  comparing inventory balances by season with respective )>, <KeyAuditMatter(686, 9367595  comparing the carrying amounts of a sample of inventory )>]","[<KeyAuditMatterTag(1628, 680, assessment)>, <KeyAuditMatterTag(1629, 680, goodwill)>, <KeyAuditMatterTag(1630, 680, impairment)>, <KeyAuditMatterTag(1631, 681, valuation)>, <KeyAuditMatterTag(1632, 682, inventories)>, <KeyAuditMatterTag(1633, 682, valuation)>, <KeyAuditMatterTag(1634, 683, inventory)>, <KeyAuditMatterTag(1635, 683, provision)>, <KeyAuditMatterTag(1636, 684, inventory)>, <KeyAuditMatterTag(1637, 685, inventory)>, <KeyAuditMatterTag(1638, 686, inventory)>]",https://www1.hkexnews.hk/listedco/listconews/sehk/2020/0723/2020072300399.pdf
8,322,9364139,21/07/2020 16:30,57,CHEN HSONG HOLD,ANNUAL REPORT 2019/20,Financial Statements/ESG Information - [Annual Report],2MB,"[<Auditor(308, 9364139, Ernst & Young)>]","[<KeyAuditMatter(799, 9364139 Impairment assessment of trade receivables and finance lease receivables)>, <KeyAuditMatter(800, 9364139 Assessment of inventory provision)>, <KeyAuditMatter(801, 9364139 Impairment assessment of goodwill)>]","[<KeyAuditMatterTag(1937, 799, assessment)>, <KeyAuditMatterTag(1938, 799, impairment)>, <KeyAuditMatterTag(1939, 800, assessment)>, <KeyAuditMatterTag(1940, 800, inventory)>, <KeyAuditMatterTag(1941, 800, provision)>, <KeyAuditMatterTag(1942, 801, assessment)>, <KeyAuditMatterTag(1943, 801, goodwill)>, <KeyAuditMatterTag(1944, 801, impairment)>]",https://www1.hkexnews.hk/listedco/listconews/sehk/2020/0721/2020072100485.pdf
9,338,9361174,17/07/2020 17:17,483,BAUHAUS INT'L,Annual Report 2020,Financial Statements/ESG Information - [Annual Report],5MB,"[<Auditor(323, 9361174, Ernst & Young)>]","[<KeyAuditMatter(837, 9361174 Impairment assessment of property, plant and equipment and right-of-use assets)>, <KeyAuditMatter(838, 9361174 Inventory provision)>, <KeyAuditMatter(839, 9361174 Recognition of deferred tax assets)>]","[<KeyAuditMatterTag(2028, 837, assessment)>, <KeyAuditMatterTag(2029, 837, asset)>, <KeyAuditMatterTag(2030, 837, impairment)>, <KeyAuditMatterTag(2031, 837, plant and equipment)>, <KeyAuditMatterTag(2032, 837, property)>, <KeyAuditMatterTag(2033, 837, right)>, <KeyAuditMatterTag(2034, 838, inventory)>, <KeyAuditMatterTag(2035, 838, provision)>, <KeyAuditMatterTag(2036, 839, asset)>, <KeyAuditMatterTag(2037, 839, deferred)>, <KeyAuditMatterTag(2038, 839, recognition)>, <KeyAuditMatterTag(2039, 839, tax)>]",https://www1.hkexnews.hk/listedco/listconews/sehk/2020/0717/2020071700747.pdf
10,346,9360915,17/07/2020 16:31,886,SILVER BASE,Annual Report 2020,Financial Statements/ESG Information - [Annual Report],5MB,"[<Auditor(331, 9360915, SHINEWING (HK) CPA Limited)>]","[<KeyAuditMatter(856, 9360915 Assessment of inventory provision)>, <KeyAuditMatter(857, 9360915 Impairment assessment of trade and bills receivables)>, <KeyAuditMatter(858, 9360915 Impairment assessment of deposits paid to suppliers)>, <KeyAuditMatter(859, 9360915 Impairment assessment of property, plant and equipment and right-of-use assets)>]","[<KeyAuditMatterTag(2067, 856, assessment)>, <KeyAuditMatterTag(2068, 856, inventory)>, <KeyAuditMatterTag(2069, 856, provision)>, <KeyAuditMatterTag(2070, 857, assessment)>, <KeyAuditMatterTag(2071, 857, impairment)>, <KeyAuditMatterTag(2072, 858, assessment)>, <KeyAuditMatterTag(2073, 858, impairment)>, <KeyAuditMatterTag(2074, 859, assessment)>, <KeyAuditMatterTag(2075, 859, asset)>, <KeyAuditMatterTag(2076, 859, impairment)>, <KeyAuditMatterTag(2077, 859, plant and equipment)>, <KeyAuditMatterTag(2078, 859, property)>, <KeyAuditMatterTag(2079, 859, right)>]",https://www1.hkexnews.hk/listedco/listconews/sehk/2020/0717/2020071700428.pdf
11,347,9360887,17/07/2020 16:30,178,SA SA INT'L,Annual Report 2019/20,"Financial Statements/ESG Information - [Annual Report / Environmental, Social and Governance Information/Report]",34MB,"[<Auditor(332, 9360887, pricewaterhousecoopers)>]","[<KeyAuditMatter(860, 9360887  Impairment of retail store assets)>, <KeyAuditMatter(861, 9360887  Provision for inventory)>, <KeyAuditMatter(862, 9360887 impairment of retail store assets)>, <KeyAuditMatter(863, 9360887 provision for inventory)>]","[<KeyAuditMatterTag(2080, 860, asset)>, <KeyAuditMatterTag(2081, 860, impairment)>, <KeyAuditMatterTag(2082, 861, inventory)>, <KeyAuditMatterTag(2083, 861, provision)>, <KeyAuditMatterTag(2084, 862, asset)>, <KeyAuditMatterTag(2085, 862, impairment)>, <KeyAuditMatterTag(2086, 863, inventory)>, <KeyAuditMatterTag(2087, 863, provision)>]",https://www1.hkexnews.hk/listedco/listconews/sehk/2020/0717/2020071700400.pdf
12,380,9357451,15/07/2020 14:30,403,STARLITE HOLD,"ANNUAL REPORT FOR THE YEAR ENDED 31ST MARCH, 2020",Financial Statements/ESG Information - [Annual Report],6MB,"[<Auditor(362, 9357451, PricewaterhouseCoopers)>]","[<KeyAuditMatter(928, 9357451 Impairment assessment of property, plant and equipment and right-of-use assets)>, <KeyAuditMatter(929, 9357451 Impairment assessment of property, plant and equipment and right-of-use assets (continued))>, <KeyAuditMatter(930, 9357451 Impairment assessment of property, plant and equipment and right-of-use assets (continued))>, <KeyAuditMatter(931, 9357451 Provision for inventory obsolescence)>]","[<KeyAuditMatterTag(2238, 928, assessment)>, <KeyAuditMatterTag(2239, 928, asset)>, <KeyAuditMatterTag(2240, 928, impairment)>, <KeyAuditMatterTag(2241, 928, plant and equipment)>, <KeyAuditMatterTag(2242, 928, property)>, <KeyAuditMatterTag(2243, 928, right)>, <KeyAuditMatterTag(2244, 929, assessment)>, <KeyAuditMatterTag(2245, 929, asset)>, <KeyAuditMatterTag(2246, 929, impairment)>, <KeyAuditMatterTag(2247, 929, plant and equipment)>, <KeyAuditMatterTag(2248, 929, property)>, <KeyAuditMatterTag(2249, 929, right)>, <KeyAuditMatterTag(2250, 930, assessment)>, <KeyAuditMatterTag(2251, 930, asset)>, <KeyAuditMatterTag(2252, 930, impairment)>, <KeyAuditMatterTag(2253, 930, plant and equipment)>, <KeyAuditMatterTag(2254, 930, property)>, <KeyAuditMatterTag(2255, 930, right)>, <KeyAuditMatterTag(2256, 931, inventory)>, <KeyAuditMatterTag(2257, 931, obsolescence)>, <KeyAuditMatterTag(2258, 931, provision)>]",https://www1.hkexnews.hk/listedco/listconews/sehk/2020/0715/2020071500329.pdf
13,395,9356262,14/07/2020 16:32,1213,MOBICON GROUP,ANNUAL REPORT 2019/2020,Financial Statements/ESG Information - [Annual Report],5MB,"[<Auditor(377, 9356262, HLB Hodgson Impey Cheng Limited)>]","[<KeyAuditMatter(964, 9356262 Inventory valuation and allowance)>, <KeyAuditMatter(965, 9356262 (continued)Impairment of trade receivables)>]","[<KeyAuditMatterTag(2331, 964, inventory)>, <KeyAuditMatterTag(2332, 964, valuation)>, <KeyAuditMatterTag(2333, 965, impairment)>]",https://www1.hkexnews.hk/listedco/listconews/sehk/2020/0714/2020071400564.pdf
14,448,9337308,30/06/2020 22:51,6116,LA CHAPELLE,Annual Report 2019,Financial Statements/ESG Information - [Annual Report],6MB,"[<Auditor(427, 9337308, Ernst & Young Hua Ming LLP (special general partnership) Chinese)>]","[<KeyAuditMatter(1065, 9337308 Impairment of inventory)>, <KeyAuditMatter(1066, 9337308 Impairment of long-term prepaid expenses)>, <KeyAuditMatter(1067, 9337308 Impairment of long-term prepaid expenses (Continued))>, <KeyAuditMatter(1068, 9337308 Impairment of goodwill)>, <KeyAuditMatter(1069, 9337308 Deferred tax assets)>, <KeyAuditMatter(1070, 9337308 Provision for bad debt)>]","[<KeyAuditMatterTag(2561, 1065, impairment)>, <KeyAuditMatterTag(2562, 1065, inventory)>, <KeyAuditMatterTag(2563, 1066, impairment)>, <KeyAuditMatterTag(2564, 1067, impairment)>, <KeyAuditMatterTag(2565, 1068, goodwill)>, <KeyAuditMatterTag(2566, 1068, impairment)>, <KeyAuditMatterTag(2567, 1069, asset)>, <KeyAuditMatterTag(2568, 1069, deferred)>, <KeyAuditMatterTag(2569, 1069, tax)>, <KeyAuditMatterTag(2570, 1070, provision)>]",https://www1.hkexnews.hk/listedco/listconews/sehk/2020/0630/2020063002676.pdf
15,489,9334185,29/06/2020 21:00,574,PASHUN INT'L,Annual Report 2019,Financial Statements/ESG Information - [Annual Report],1MB,"[<Auditor(467, 9334185, CCTH CPA Limited)>]","[<KeyAuditMatter(1155, 9334185 Revenue recognised from sales of pharmaceutical products)>, <KeyAuditMatter(1156, 9334185  We tested the recognition of material )>, <KeyAuditMatter(1157, 9334185 Impairment assessment of the proposed property development project)>, <KeyAuditMatter(1158, 9334185 Net realisable value of inventories)>, <KeyAuditMatter(1159, 9334185  We observed the Groups inventory counts )>, <KeyAuditMatter(1160, 9334185 Recoverability of trade and commercial bills receivables)>, <KeyAuditMatter(1161, 9334185 Recoverability of other receivables)>, <KeyAuditMatter(1162, 9334185 Impairment assessment for investments in associates)>]","[<KeyAuditMatterTag(2758, 1155, revenue)>, <KeyAuditMatterTag(2759, 1156, recognition)>, <KeyAuditMatterTag(2760, 1157, assessment)>, <KeyAuditMatterTag(2761, 1157, impairment)>, <KeyAuditMatterTag(2762, 1157, property)>, <KeyAuditMatterTag(2763, 1158, inventories)>, <KeyAuditMatterTag(2764, 1158, net realisable value)>, <KeyAuditMatterTag(2765, 1158, value)>, <KeyAuditMatterTag(2766, 1159, inventory)>, <KeyAuditMatterTag(2767, 1160, recoverability)>, <KeyAuditMatterTag(2768, 1161, recoverability)>, <KeyAuditMatterTag(2769, 1162, assessment)>, <KeyAuditMatterTag(2770, 1162, associate)>, <KeyAuditMatterTag(2771, 1162, impairment)>, <KeyAuditMatterTag(2772, 1162, investment)>]",https://www1.hkexnews.hk/listedco/listconews/sehk/2020/0629/2020062901847.pdf
16,563,9330012,24/06/2020 17:35,8392,SATU HOLDINGS,ANNUAL REPORT 2019/20,"Financial Statements/ESG Information - [Annual Report / Environmental, Social and Governance Information/Report]",2MB,"[<Auditor(538, 9330012, RSM Hong Kong)>]","[<KeyAuditMatter(1299, 9330012 Inventory valuation and allowance)>, <KeyAuditMatter(1300, 9330012 Impairment assessment of trade receivables)>]","[<KeyAuditMatterTag(3082, 1299, inventory)>, <KeyAuditMatterTag(3083, 1299, valuation)>, <KeyAuditMatterTag(3084, 1300, assessment)>, <KeyAuditMatterTag(3085, 1300, impairment)>]",https://www1.hkexnews.hk/listedco/listconews/gem/2020/0624/2020062401112.pdf
17,585,9320676,16/06/2020 17:08,244,SINCERE,Annual Report 2019-20,"Financial Statements/ESG Information - [Annual Report / Environmental, Social and Governance Information/Report]",5MB,"[<Auditor(560, 9320676, Ernst & Young)>]","[<KeyAuditMatter(1340, 9320676 Inventory provision)>, <KeyAuditMatter(1341, 9320676 Estimation of impairment of right-of-use assets)>, <KeyAuditMatter(1342, 9320676 Fair value measurement of leasehold land and owned buildings)>]","[<KeyAuditMatterTag(3180, 1340, inventory)>, <KeyAuditMatterTag(3181, 1340, provision)>, <KeyAuditMatterTag(3182, 1341, asset)>, <KeyAuditMatterTag(3183, 1341, estimation)>, <KeyAuditMatterTag(3184, 1341, impairment)>, <KeyAuditMatterTag(3185, 1341, right)>, <KeyAuditMatterTag(3186, 1342, fair)>, <KeyAuditMatterTag(3187, 1342, land)>, <KeyAuditMatterTag(3188, 1342, measurement)>, <KeyAuditMatterTag(3189, 1342, value)>]",https://www1.hkexnews.hk/listedco/listconews/sehk/2020/0616/2020061600471.pdf
18,591,9313804,09/06/2020 22:52,1266,XIWANG STEEL,ANNUAL REPORT 2019,Financial Statements/ESG Information - [Annual Report],4MB,"[<Auditor(566, 9313804, Ernst & Young)>]","[<KeyAuditMatter(1353, 9313804 Key audit matterHow our audit addressed the key audit matterInventory provisions)>]","[<KeyAuditMatterTag(3224, 1353, inventory)>, <KeyAuditMatterTag(3225, 1353, provision)>]",https://www1.hkexnews.hk/listedco/listconews/sehk/2020/0609/2020060901427.pdf
19,678,9280780,14/05/2020 20:13,1906,BONNY HLDG,ANNUAL REPORT 2019,"Financial Statements/ESG Information - [Annual Report / Environmental, Social and Governance Information/Report]",2MB,"[<Auditor(651, 9280780, Ernst & Young)>]","[<KeyAuditMatter(1568, 9280780 Impairment assessment for trade receivables)>, <KeyAuditMatter(1569, 9280780 Inventory obsolescence provisions)>]","[<KeyAuditMatterTag(3726, 1568, assessment)>, <KeyAuditMatterTag(3727, 1568, impairment)>, <KeyAuditMatterTag(3728, 1569, inventory)>, <KeyAuditMatterTag(3729, 1569, obsolescence)>, <KeyAuditMatterTag(3730, 1569, provision)>]",https://www1.hkexnews.hk/listedco/listconews/sehk/2020/0514/2020051401739.pdf
20,952,9256896,28/04/2020 18:31,2083,NATURE HOME,ANNUAL REPORT 2019,Financial Statements/ESG Information - [Annual Report],3MB,"[<Auditor(906, 9256896, KPMG)>]","[<KeyAuditMatter(2125, 9256896 To the shareholders of Nature Home Holding Company Limited(Incorporated in the Cayman Islands with limited liability))>, <KeyAuditMatter(2126, 9256896 Valuation of inventoriesRefer to note 17 to the consolidated financial statements and the accounting policies on page 87.)>, <KeyAuditMatter(2127, 9256896 	assessing	the	Groups	inventory	provisioning	policy	)>, <KeyAuditMatter(2128, 9256896 	assessing	whether	the	provision	for	inventories	at	the	)>, <KeyAuditMatter(2129, 9256896 	assessing,	on	a	sample	basis,	whether	inventories	)>]","[<KeyAuditMatterTag(5028, 2125, land)>, <KeyAuditMatterTag(5029, 2126, inventories)>, <KeyAuditMatterTag(5030, 2126, valuation)>, <KeyAuditMatterTag(5031, 2127, inventory)>, <KeyAuditMatterTag(5032, 2127, provision)>, <KeyAuditMatterTag(5033, 2128, inventories)>, <KeyAuditMatterTag(5034, 2128, provision)>, <KeyAuditMatterTag(5035, 2129, inventories)>]",https://www1.hkexnews.hk/listedco/listconews/sehk/2020/0428/2020042802542.pdf
21,983,9256315,28/04/2020 17:30,1450,CENTURY SAGE,Annual Report 2019,"Financial Statements/ESG Information - [Annual Report / Environmental, Social and Governance Information/Report]",5MB,"[<Auditor(936, 9256315, Mazars CPA Limited LKY Chin)>]","[<KeyAuditMatter(2209, 9256315 To the members of Century Sage Scientific Holdings Limited (Incorporated in the Cayman Islands with limited liability))>, <KeyAuditMatter(2210, 9256315 Revenue recognition for application solution  services)>, <KeyAuditMatter(2211, 9256315 	Obtaining	and	reviewing	major	contracts	of	the	)>, <KeyAuditMatter(2212, 9256315 Impairment of trade receivables)>, <KeyAuditMatter(2213, 9256315 Provision for inventories)>, <KeyAuditMatter(2214, 9256315 	Evaluating	the	Groups	inventory	write-down	and	)>, <KeyAuditMatter(2215, 9256315 	Assessing	whether	the	inventory	write-downs	and	)>, <KeyAuditMatter(2216, 9256315 	Assessing,	on	a	sample	basis,	whether	inventories	)>]","[<KeyAuditMatterTag(5216, 2209, land)>, <KeyAuditMatterTag(5217, 2210, recognition)>, <KeyAuditMatterTag(5218, 2210, revenue)>, <KeyAuditMatterTag(5219, 2211, contracts)>, <KeyAuditMatterTag(5220, 2212, impairment)>, <KeyAuditMatterTag(5221, 2213, inventories)>, <KeyAuditMatterTag(5222, 2213, provision)>, <KeyAuditMatterTag(5223, 2214, inventory)>, <KeyAuditMatterTag(5224, 2214, write-down)>, <KeyAuditMatterTag(5225, 2215, inventory)>, <KeyAuditMatterTag(5226, 2215, write-down)>, <KeyAuditMatterTag(5227, 2216, inventories)>]",https://www1.hkexnews.hk/listedco/listconews/sehk/2020/0428/2020042801961.pdf
22,1055,9255404,28/04/2020 16:46,1198,ROYALE FURN,Annual Report 2019,Financial Statements/ESG Information - [Annual Report],7MB,"[<Auditor(1008, 9255404, Ernst & Young)>]","[<KeyAuditMatter(2387, 9255404 To the shareholders of Royale Furniture Holdings Limited(Incorporated in the Cayman Islands with limited liability))>, <KeyAuditMatter(2388, 9255404 Inventory provision)>, <KeyAuditMatter(2389, 9255404 Fair value of investment properties)>]","[<KeyAuditMatterTag(5657, 2387, land)>, <KeyAuditMatterTag(5658, 2388, inventory)>, <KeyAuditMatterTag(5659, 2388, provision)>, <KeyAuditMatterTag(5660, 2389, fair)>, <KeyAuditMatterTag(5661, 2389, investment)>, <KeyAuditMatterTag(5662, 2389, properties)>, <KeyAuditMatterTag(5663, 2389, value)>]",https://www1.hkexnews.hk/listedco/listconews/sehk/2020/0428/2020042801052.pdf
23,1126,9254439,28/04/2020 06:18,1968,HINGTEX HLDGS,Annual Report 2019,Financial Statements/ESG Information - [Annual Report],5MB,"[<Auditor(1076, 9254439, Deloitte touche tohmatsu)>]","[<KeyAuditMatter(2526, 9254439 estimated allowance for inventories)>, <KeyAuditMatter(2527, 9254439 	Obtaining	an	understanding	of	the	inventory	allowance	)>]","[<KeyAuditMatterTag(5985, 2526, inventories)>, <KeyAuditMatterTag(5986, 2527, inventory)>]",https://www1.hkexnews.hk/listedco/listconews/sehk/2020/0428/2020042800065.pdf
24,1184,9253241,27/04/2020 17:47,1093,CSPC PHARMA,2019 ANNUAL REPORT,Financial Statements/ESG Information - [Annual Report],3MB,"[<Auditor(1133, 9253241, Deloitte touche tohmatsu)>]","[<KeyAuditMatter(2663, 9253241 Expected credit losses on trade receivables)>, <KeyAuditMatter(2664, 9253241 Impairment assessment of other intangible assets)>, <KeyAuditMatter(2665, 9253241 	Checking	the	mathematical	accuracy	of	the	value	)>, <KeyAuditMatter(2666, 9253241 	Assessing	the	key	factors	in	determining	the	)>, <KeyAuditMatter(2667, 9253241 Provision for inventories)>, <KeyAuditMatter(2668, 9253241 	Testing	the	accuracy	of	the	inventory	ageing	and	)>, <KeyAuditMatter(2669, 9253241 	Testing	the	net	realisable	values	of	the	inventories	)>]","[<KeyAuditMatterTag(6313, 2663, expected credit loss)>, <KeyAuditMatterTag(6314, 2664, assessment)>, <KeyAuditMatterTag(6315, 2664, asset)>, <KeyAuditMatterTag(6316, 2664, impairment)>, <KeyAuditMatterTag(6317, 2665, value)>, <KeyAuditMatterTag(6318, 2666, mining)>, <KeyAuditMatterTag(6319, 2667, inventories)>, <KeyAuditMatterTag(6320, 2667, provision)>, <KeyAuditMatterTag(6321, 2668, inventory)>, <KeyAuditMatterTag(6322, 2669, inventories)>, <KeyAuditMatterTag(6323, 2669, value)>, <KeyAuditMatterTag(6324, 2669, values)>]",https://www1.hkexnews.hk/listedco/listconews/sehk/2020/0427/2020042701669.pdf
25,1251,9252364,27/04/2020 16:39,719,SHANDONG XINHUA,Annual Report 2019,"Financial Statements/ESG Information - [Annual Report / Environmental, Social and Governance Information/Report]",2MB,"[<Auditor(1199, 9252364, ShineWing Certified Public Acco)>]","[<KeyAuditMatter(2830, 9252364 1. Bad-debt provision for accounts receivable1. )>, <KeyAuditMatter(2831, 9252364 2. Provision for inventory)>]","[<KeyAuditMatterTag(6699, 2830, provision)>, <KeyAuditMatterTag(6700, 2831, inventory)>, <KeyAuditMatterTag(6701, 2831, provision)>]",https://www1.hkexnews.hk/listedco/listconews/sehk/2020/0427/2020042700799.pdf
26,1324,9250866,24/04/2020 19:29,627,FULLSUN INT'L,Annual Report 2019,Financial Statements/ESG Information - [Annual Report],2MB,"[<Auditor(1270, 9250866, Deloitte Touche Tohmatsu)>]","[<KeyAuditMatter(2975, 9250866 Revenue recognised from sales of properties)>, <KeyAuditMatter(2976, 9250866 Valuation of inventory of properties)>, <KeyAuditMatter(2977, 9250866 Valuation of investment properties)>]","[<KeyAuditMatterTag(7041, 2975, properties)>, <KeyAuditMatterTag(7042, 2975, revenue)>, <KeyAuditMatterTag(7043, 2976, inventory)>, <KeyAuditMatterTag(7044, 2976, properties)>, <KeyAuditMatterTag(7045, 2976, valuation)>, <KeyAuditMatterTag(7046, 2977, investment)>, <KeyAuditMatterTag(7047, 2977, properties)>, <KeyAuditMatterTag(7048, 2977, valuation)>]",https://www1.hkexnews.hk/listedco/listconews/sehk/2020/0424/2020042402290.pdf
27,1345,9250223,24/04/2020 17:49,1388,EMBRY HOLDINGS,2019 Annual Report,Financial Statements/ESG Information - [Annual Report],15MB,"[<Auditor(1292, 9250223, Ernst & Young)>]","[<KeyAuditMatter(3036, 9250223 How our audit addressed Key audit matterthe key audit matterInventory provision)>, <KeyAuditMatter(3037, 9250223 How our audit addressed Key audit matterthe key audit matterFair value estimation of investment properties)>, <KeyAuditMatter(3038, 9250223 How our audit addressedKey audit matterthe key audit matterImpairment assessment of Other Asset)>]","[<KeyAuditMatterTag(7171, 3036, inventory)>, <KeyAuditMatterTag(7172, 3036, provision)>, <KeyAuditMatterTag(7173, 3037, estimation)>, <KeyAuditMatterTag(7174, 3037, fair)>, <KeyAuditMatterTag(7175, 3037, investment)>, <KeyAuditMatterTag(7176, 3037, properties)>, <KeyAuditMatterTag(7177, 3037, value)>, <KeyAuditMatterTag(7178, 3038, assessment)>, <KeyAuditMatterTag(7179, 3038, asset)>, <KeyAuditMatterTag(7180, 3038, impairment)>]",https://www1.hkexnews.hk/listedco/listconews/sehk/2020/0424/2020042401649.pdf
28,1379,9249724,24/04/2020 17:01,187,JINGCHENG MAC,ANNUAL REPORT 2019,Financial Statements/ESG Information - [Annual Report],14MB,"[<Auditor(1323, 9249724, ShineWing Certified Public Accountants (special general partnership))>]","[<KeyAuditMatter(3134, 9249724 1. 1. Provision for Inventory Falling Price Reserves)>, <KeyAuditMatter(3135, 9249724 (Continued)1. Provision for Inventory Falling Price Reserves1. )>]","[<KeyAuditMatterTag(7394, 3134, inventory)>, <KeyAuditMatterTag(7395, 3134, price)>, <KeyAuditMatterTag(7396, 3134, provision)>, <KeyAuditMatterTag(7397, 3135, inventory)>, <KeyAuditMatterTag(7398, 3135, price)>, <KeyAuditMatterTag(7399, 3135, provision)>]",https://www1.hkexnews.hk/listedco/listconews/sehk/2020/0424/2020042401160.pdf
29,1473,9247834,23/04/2020 18:13,833,ALLTRONICS,Annual Report 2019,"Financial Statements/ESG Information - [Annual Report / Environmental, Social and Governance Information/Report]",4MB,"[<Auditor(1413, 9247834, Ernst & Young)>]","[<KeyAuditMatter(3326, 9247834 TO THE MEMBERS OF ALLTRONICS HOLDINGS LIMITED(Incorporated in the Cayman Islands with limited liability))>, <KeyAuditMatter(3327, 9247834 Inventory provision)>, <KeyAuditMatter(3328, 9247834 Impairment assessment of goodwill)>]","[<KeyAuditMatterTag(7841, 3326, land)>, <KeyAuditMatterTag(7842, 3327, inventory)>, <KeyAuditMatterTag(7843, 3327, provision)>, <KeyAuditMatterTag(7844, 3328, assessment)>, <KeyAuditMatterTag(7845, 3328, goodwill)>, <KeyAuditMatterTag(7846, 3328, impairment)>]",https://www1.hkexnews.hk/listedco/listconews/sehk/2020/0423/2020042301641.pdf
30,1495,9247443,23/04/2020 17:24,826,TIANGONG INT'L,Annual Report 2019,"Financial Statements/ESG Information - [Annual Report / Environmental, Social and Governance Information/Report]",9MB,"[<Auditor(1434, 9247443, KPMg)>]","[<KeyAuditMatter(3372, 9247443 independent auditors report to the shareholders oftiangong international Company limited(Incorporated in the Cayman Islands with limited liability))>, <KeyAuditMatter(3373, 9247443 Revenue recognition)>, <KeyAuditMatter(3374, 9247443 	inspecting	key	customer	contracts	to	identify	)>, <KeyAuditMatter(3375, 9247443 	comparing	revenue	transactions	recorded	during	)>, <KeyAuditMatter(3376, 9247443 	comparing,	on	a	sample	basis,	specific	revenue	)>, <KeyAuditMatter(3377, 9247443 Revenue recognition (continued))>, <KeyAuditMatter(3378, 9247443 	confirming,	on	a	sample	basis,	the	value	of	sales	)>, <KeyAuditMatter(3379, 9247443 Valuation of inventories)>, <KeyAuditMatter(3380, 9247443 	recalculating	the	Groups	inventory	provision	with	)>, <KeyAuditMatter(3381, 9247443 	comparing	year	end	inventory	levels	of	individual	)>, <KeyAuditMatter(3382, 9247443 	inspecting	the	inventory	ageing	report	to	identify	)>]","[<KeyAuditMatterTag(7965, 3372, land)>, <KeyAuditMatterTag(7966, 3373, recognition)>, <KeyAuditMatterTag(7967, 3373, revenue)>, <KeyAuditMatterTag(7968, 3374, contracts)>, <KeyAuditMatterTag(7969, 3375, revenue)>, <KeyAuditMatterTag(7970, 3376, revenue)>, <KeyAuditMatterTag(7971, 3377, recognition)>, <KeyAuditMatterTag(7972, 3377, revenue)>, <KeyAuditMatterTag(7973, 3378, value)>, <KeyAuditMatterTag(7974, 3379, inventories)>, <KeyAuditMatterTag(7975, 3379, valuation)>, <KeyAuditMatterTag(7976, 3380, inventory)>, <KeyAuditMatterTag(7977, 3380, provision)>, <KeyAuditMatterTag(7978, 3381, inventory)>, <KeyAuditMatterTag(7979, 3382, inventory)>]",https://www1.hkexnews.hk/listedco/listconews/sehk/2020/0423/2020042301250.pdf
31,1533,9246957,23/04/2020 16:49,3336,JU TENG INTL,Annual Report 2019,Financial Statements/ESG Information - [Annual Report],2MB,"[<Auditor(1471, 9246957, The engagement partner on the audit resulting in this independent auditors report is Kwong Ka Yan.)>]","[<KeyAuditMatter(3472, 9246957 To the shareholders of Ju Teng International Holdings Limited(Incorporated in the Cayman Islands with limited liability))>, <KeyAuditMatter(3473, 9246957 To the shareholders of Ju Teng International Holdings Limited(Incorporated in the Cayman Islands with limited liability))>, <KeyAuditMatter(3474, 9246957 Assessment of inventory provision)>]","[<KeyAuditMatterTag(8168, 3472, land)>, <KeyAuditMatterTag(8169, 3473, land)>, <KeyAuditMatterTag(8170, 3474, assessment)>, <KeyAuditMatterTag(8171, 3474, inventory)>, <KeyAuditMatterTag(8172, 3474, provision)>]",https://www1.hkexnews.hk/listedco/listconews/sehk/2020/0423/2020042300764.pdf
32,1589,9245961,22/04/2020 21:09,2166,SMART-CORE,2019 ANNUAL REPORT,"Financial Statements/ESG Information - [Annual Report / Environmental, Social and Governance Information/Report]",4MB,"[<Auditor(1525, 9245961, Deloitte Touche Tohmatsu)>]","[<KeyAuditMatter(3579, 9245961 (incorporated in the Cayman Islands with limited liability))>, <KeyAuditMatter(3580, 9245961 Impairment assessment of trade receivables)>, <KeyAuditMatter(3581, 9245961 	Understanding	key	controls	on	how	the	management	ECL)>, <KeyAuditMatter(3582, 9245961 	Evaluating	the	disclosures	regarding	the	impairment	)>, <KeyAuditMatter(3583, 9245961 Allowance for inventories)>, <KeyAuditMatter(3584, 9245961 	Identifying	obsolete	inventories	when	attending	inventory	)>, <KeyAuditMatter(3585, 9245961 	Testing	the	accuracy	of	the	inventory	ageing	and	assessing	)>, <KeyAuditMatter(3586, 9245961 	Checking	the	historical	accuracy	of	inventory	provisioning	and	)>]","[<KeyAuditMatterTag(8421, 3579, land)>, <KeyAuditMatterTag(8422, 3580, assessment)>, <KeyAuditMatterTag(8423, 3580, impairment)>, <KeyAuditMatterTag(8424, 3581, ecl)>, <KeyAuditMatterTag(8425, 3582, impairment)>, <KeyAuditMatterTag(8426, 3583, inventories)>, <KeyAuditMatterTag(8427, 3584, inventories)>, <KeyAuditMatterTag(8428, 3584, inventory)>, <KeyAuditMatterTag(8429, 3585, inventory)>, <KeyAuditMatterTag(8430, 3586, inventory)>, <KeyAuditMatterTag(8431, 3586, provision)>]",https://www1.hkexnews.hk/listedco/listconews/sehk/2020/0422/2020042201673.pdf
33,1609,9245520,22/04/2020 18:10,2885,PEIPORT HOLD,ANNUAL REPORT 2019,Financial Statements/ESG Information - [Annual Report],3MB,"[<Auditor(1543, 9245520, Ernst & Young)>]","[<KeyAuditMatter(3618, 9245520 Impairment assessment of trade and bills receivables)>, <KeyAuditMatter(3619, 9245520 Allowance for inventory obsolescence)>]","[<KeyAuditMatterTag(8502, 3618, assessment)>, <KeyAuditMatterTag(8503, 3618, impairment)>, <KeyAuditMatterTag(8504, 3619, inventory)>, <KeyAuditMatterTag(8505, 3619, obsolescence)>]",https://www1.hkexnews.hk/listedco/listconews/sehk/2020/0422/2020042201242.pdf
34,1624,9245147,22/04/2020 17:10,517,COSCO SHIP INTL,Annual Report 2019,"Financial Statements/ESG Information - [Annual Report / Environmental, Social and Governance Information/Report]",10MB,"[<Auditor(1557, 9245147, PricewaterhouseCoopers)>]","[<KeyAuditMatter(3648, 9245147 Inventory valuation and provisionRefer to notes 2(j), 4(b) and 15 to the consolidated financial statements.)>]","[<KeyAuditMatterTag(8585, 3648, inventory)>, <KeyAuditMatterTag(8586, 3648, provision)>, <KeyAuditMatterTag(8587, 3648, valuation)>]",https://www1.hkexnews.hk/listedco/listconews/sehk/2020/0422/2020042200871.pdf
35,1669,9244620,22/04/2020 13:04,3882,SKYLIGHT HLDG,2019 ANNUAL REPORT,Financial Statements/ESG Information - [Annual Report],5MB,"[<Auditor(1601, 9244620, Ernst & Young)>]","[<KeyAuditMatter(3737, 9244620 To the members of Sky Light Holdings Limited(Incorporated in the Cayman Islands with limited liability))>, <KeyAuditMatter(3738, 9244620 Impairment assessment of trade receivables)>, <KeyAuditMatter(3739, 9244620 provision	matrix;	(ii)	examining	the	information	used	by	)>, <KeyAuditMatter(3740, 9244620 Property, plant and equipment impairment review)>, <KeyAuditMatter(3741, 9244620 Inventory provision)>]","[<KeyAuditMatterTag(8805, 3737, land)>, <KeyAuditMatterTag(8806, 3738, assessment)>, <KeyAuditMatterTag(8807, 3738, impairment)>, <KeyAuditMatterTag(8808, 3739, mining)>, <KeyAuditMatterTag(8809, 3739, provision)>, <KeyAuditMatterTag(8810, 3740, impairment)>, <KeyAuditMatterTag(8811, 3740, plant and equipment)>, <KeyAuditMatterTag(8812, 3740, property)>, <KeyAuditMatterTag(8813, 3741, inventory)>, <KeyAuditMatterTag(8814, 3741, provision)>]",https://www1.hkexnews.hk/listedco/listconews/sehk/2020/0422/2020042200357.pdf
36,1676,9244209,21/04/2020 22:46,285,BYD ELECTRONIC,Annual Report 2019,Financial Statements/ESG Information - [Annual Report],16MB,"[<Auditor(1608, 9244209, Ernst & Young)>]","[<KeyAuditMatter(3750, 9244209 Key audit matterHow our audit addressed the key audit matterProvision for impairment on trade receivables)>, <KeyAuditMatter(3751, 9244209 Inventory provision)>]","[<KeyAuditMatterTag(8842, 3750, impairment)>, <KeyAuditMatterTag(8843, 3750, provision)>, <KeyAuditMatterTag(8844, 3751, inventory)>, <KeyAuditMatterTag(8845, 3751, provision)>]",https://www1.hkexnews.hk/listedco/listconews/sehk/2020/0421/2020042101530.pdf
37,1704,9243318,21/04/2020 17:07,2307,KAM HING INT'L,Annual Report 2019,Financial Statements/ESG Information - [Annual Report],5MB,"[<Auditor(1636, 9243318, Ernst	&	Young)>]","[<KeyAuditMatter(3802, 9243318 To	the	shareholders	of	Kam	Hing	International	Holdings	Limited(Incorporated in the Cayman Islands with limited liability))>, <KeyAuditMatter(3803, 9243318 To	the	shareholders	of	Kam	Hing	International	Holdings	Limited(Incorporated in the Cayman Islands with limited liability))>, <KeyAuditMatter(3804, 9243318 Key audit matterHow	our	audit	addressed	the	key	audit	matterImpairment assessment of accounts receivable)>, <KeyAuditMatter(3805, 9243318 Assessment of inventory provision)>]","[<KeyAuditMatterTag(9010, 3802, land)>, <KeyAuditMatterTag(9011, 3803, land)>, <KeyAuditMatterTag(9012, 3804, assessment)>, <KeyAuditMatterTag(9013, 3804, impairment)>, <KeyAuditMatterTag(9014, 3805, assessment)>, <KeyAuditMatterTag(9015, 3805, inventory)>, <KeyAuditMatterTag(9016, 3805, provision)>]",https://www1.hkexnews.hk/listedco/listconews/sehk/2020/0421/2020042100673.pdf
38,1709,9243164,21/04/2020 16:52,842,LEOCH INT'L,Annual Report 2019,Financial Statements/ESG Information - [Annual Report],3MB,"[<Auditor(1641, 9243164, Ernst & Young)>]","[<KeyAuditMatter(3814, 9243164 Inventory provision)>, <KeyAuditMatter(3815, 9243164 Impairment of trade receivables)>, <KeyAuditMatter(3816, 9243164 ECLs)>, <KeyAuditMatter(3817, 9243164 Impairment of trade receivables )>]","[<KeyAuditMatterTag(9044, 3814, inventory)>, <KeyAuditMatterTag(9045, 3814, provision)>, <KeyAuditMatterTag(9046, 3815, impairment)>, <KeyAuditMatterTag(9047, 3816, ecl)>, <KeyAuditMatterTag(9048, 3817, impairment)>]",https://www1.hkexnews.hk/listedco/listconews/sehk/2020/0421/2020042100519.pdf
39,1810,9240568,17/04/2020 22:58,8283,ZHENG LI HLDG,2019 Annual Report,Financial Statements/ESG Information - [Annual Report],5MB,"[<Auditor(1741, 9240568, Ernst & Young)>]","[<KeyAuditMatter(4032, 9240568 (Incorporated in the Cayman Islands with limited liability))>, <KeyAuditMatter(4033, 9240568 Allowance for inventory obsolescence)>]","[<KeyAuditMatterTag(9527, 4032, land)>, <KeyAuditMatterTag(9528, 4033, inventory)>, <KeyAuditMatterTag(9529, 4033, obsolescence)>]",https://www1.hkexnews.hk/listedco/listconews/gem/2020/0417/2020041701998.pdf
40,1829,9239586,17/04/2020 17:33,653,BONJOUR HOLD,Annual Report 2019,"Financial Statements/ESG Information - [Annual Report / Environmental, Social and Governance Information/Report]",8MB,"[<Auditor(1761, 9239586, RSM Hong Kong)>]","[<KeyAuditMatter(4092, 9239586 Inventory valuation and allowance)>, <KeyAuditMatter(4093, 9239586 Valuation of financial assets at fair value through other comprehensive income)>]","[<KeyAuditMatterTag(9640, 4092, inventory)>, <KeyAuditMatterTag(9641, 4092, valuation)>, <KeyAuditMatterTag(9642, 4093, asset)>, <KeyAuditMatterTag(9643, 4093, fair)>, <KeyAuditMatterTag(9644, 4093, financial asset)>, <KeyAuditMatterTag(9645, 4093, income)>, <KeyAuditMatterTag(9646, 4093, valuation)>, <KeyAuditMatterTag(9647, 4093, value)>]",https://www1.hkexnews.hk/listedco/listconews/sehk/2020/0417/2020041700944.pdf
41,1891,9237525,16/04/2020 17:01,720,AUTO ITALIA,ANNUAL REPORT 2019,"Financial Statements/ESG Information - [Annual Report / Environmental, Social and Governance Information/Report]",7MB,"[<Auditor(1817, 9237525, Deloitte Touche Tohmatsu)>]","[<KeyAuditMatter(4258, 9237525 Assessment of net realisable value (NRV) of  inventories)>, <KeyAuditMatter(4259, 9237525 	Attending	physical	inventory	count	in	the	)>, <KeyAuditMatter(4260, 9237525 	Testing	the	ageing	analysis	of	the	inventories,	)>, <KeyAuditMatter(4261, 9237525 Impairment assessment of goodwill, property, plant and equipment and right-of-use assets)>, <KeyAuditMatter(4262, 9237525 	Assessing	the	value	in	use	calculations	used	by	)>, <KeyAuditMatter(4263, 9237525 	Testing	the	inputs	in	the	value	in	use	calculations	)>]","[<KeyAuditMatterTag(9997, 4258, assessment)>, <KeyAuditMatterTag(9998, 4258, inventories)>, <KeyAuditMatterTag(9999, 4258, net realisable value)>, <KeyAuditMatterTag(10000, 4258, value)>, <KeyAuditMatterTag(10001, 4259, inventory)>, <KeyAuditMatterTag(10002, 4260, inventories)>, <KeyAuditMatterTag(10003, 4261, assessment)>, <KeyAuditMatterTag(10004, 4261, asset)>, <KeyAuditMatterTag(10005, 4261, goodwill)>, <KeyAuditMatterTag(10006, 4261, impairment)>, <KeyAuditMatterTag(10007, 4261, plant and equipment)>, <KeyAuditMatterTag(10008, 4261, property)>, <KeyAuditMatterTag(10009, 4261, right)>, <KeyAuditMatterTag(10010, 4262, value)>, <KeyAuditMatterTag(10011, 4263, value)>]",https://www1.hkexnews.hk/listedco/listconews/sehk/2020/0416/2020041600658.pdf
42,1906,9237302,16/04/2020 16:37,709,GIORDANO INT'L,2019 ANNUAL REPORT,"Financial Statements/ESG Information - [Annual Report / Environmental, Social and Governance Information/Report]",10MB,"[<Auditor(1832, 9237302, PricewaterhouseCoopers)>]","[<KeyAuditMatter(4287, 9237302 Goodwill impairment and valuation of put option liability)>, <KeyAuditMatter(4288, 9237302 Valuation of inventory)>]","[<KeyAuditMatterTag(10070, 4287, goodwill)>, <KeyAuditMatterTag(10071, 4287, impairment)>, <KeyAuditMatterTag(10072, 4287, valuation)>, <KeyAuditMatterTag(10073, 4288, inventory)>, <KeyAuditMatterTag(10074, 4288, valuation)>]",https://www1.hkexnews.hk/listedco/listconews/sehk/2020/0416/2020041600435.pdf
43,1933,9236039,15/04/2020 18:11,1098,ROAD KING INFRA,ANNUAL REPORT 2019,"Financial Statements/ESG Information - [Annual Report / Environmental, Social and Governance Information/Report]",22MB,"[<Auditor(1859, 9236039, Deloitte Touche Tohmatsu)>]","[<KeyAuditMatter(4347, 9236039 Revenue recognised from sale of completed properties held for sale)>, <KeyAuditMatter(4348, 9236039 Valuation of inventory of properties)>, <KeyAuditMatter(4349, 9236039 Amortisation of toll road operation rights of the infrastructure joint ventures (JVs))>]","[<KeyAuditMatterTag(10204, 4347, properties)>, <KeyAuditMatterTag(10205, 4347, revenue)>, <KeyAuditMatterTag(10206, 4348, inventory)>, <KeyAuditMatterTag(10207, 4348, properties)>, <KeyAuditMatterTag(10208, 4348, valuation)>, <KeyAuditMatterTag(10209, 4349, joint ventures)>, <KeyAuditMatterTag(10210, 4349, right)>]",https://www1.hkexnews.hk/listedco/listconews/sehk/2020/0415/2020041500947.pdf
44,1976,9234217,14/04/2020 17:29,2018,AAC TECH,Annual Report 2019,Financial Statements/ESG Information - [Annual Report],4MB,"[<Auditor(1900, 9234217, Deloitte Touche Tohmatsu)>]","[<KeyAuditMatter(4439, 9234217 Inventory costing and estimated allowance of inventories)>]","[<KeyAuditMatterTag(10439, 4439, inventories)>, <KeyAuditMatterTag(10440, 4439, inventory)>]",https://www1.hkexnews.hk/listedco/listconews/sehk/2020/0414/2020041401000.pdf
45,2012,9231518,09/04/2020 16:38,533,GOLDLION HOLD,ANNUAL REPORT 2019,"Financial Statements/ESG Information - [Annual Report / Environmental, Social and Governance Information/Report]",4MB,"[<Auditor(1935, 9231518, PricewaterhouseCoopers)>]","[<KeyAuditMatter(4506, 9231518 Carrying value of inventory)>, <KeyAuditMatter(4507, 9231518 Valuation of investment properties)>]","[<KeyAuditMatterTag(10576, 4506, inventory)>, <KeyAuditMatterTag(10577, 4506, value)>, <KeyAuditMatterTag(10578, 4507, investment)>, <KeyAuditMatterTag(10579, 4507, properties)>, <KeyAuditMatterTag(10580, 4507, valuation)>]",https://www1.hkexnews.hk/listedco/listconews/sehk/2020/0409/2020040900396.pdf
46,2040,9229763,08/04/2020 16:47,1861,PRECIOUS DRAGON,2019 Annual Report,"Financial Statements/ESG Information - [Annual Report / Environmental, Social and Governance Information/Report]",6MB,"[<Auditor(1960, 9229763, The engagement partner on the audit resulting in this independent auditors report is M.L. Chau.)>]","[<KeyAuditMatter(4560, 9229763 Impairment assessment of trade receivables)>, <KeyAuditMatter(4561, 9229763 Inventory provisions)>]","[<KeyAuditMatterTag(10718, 4560, assessment)>, <KeyAuditMatterTag(10719, 4560, impairment)>, <KeyAuditMatterTag(10720, 4561, inventory)>, <KeyAuditMatterTag(10721, 4561, provision)>]",https://www1.hkexnews.hk/listedco/listconews/sehk/2020/0408/2020040800399.pdf
47,2043,9229705,08/04/2020 16:41,6908,HONGGUANG LIGHT,Annual Report 2019,Financial Statements/ESG Information - [Annual Report],1MB,"[<Auditor(1963, 9229705, BDO Limited)>]","[<KeyAuditMatter(4564, 9229705 TO THE SHAREHOLDERS OF HONGGUANG LIGHTING HOLDINGS COMPANY LIMITED(incorporated in Cayman Islands with limited liability))>, <KeyAuditMatter(4565, 9229705 Impairment assessment of trade and bills receivables)>, <KeyAuditMatter(4566, 9229705 Inventory provision)>]","[<KeyAuditMatterTag(10726, 4564, land)>, <KeyAuditMatterTag(10727, 4565, assessment)>, <KeyAuditMatterTag(10728, 4565, impairment)>, <KeyAuditMatterTag(10729, 4566, inventory)>, <KeyAuditMatterTag(10730, 4566, provision)>]",https://www1.hkexnews.hk/listedco/listconews/sehk/2020/0408/2020040800341.pdf
48,2044,9229699,08/04/2020 16:40,6898,CHINA ALUMCAN,2019 Annual Report,"Financial Statements/ESG Information - [Annual Report / Environmental, Social and Governance Information/Report]",6MB,"[<Auditor(1964, 9229699, The engagement partner on the audit resulting in this independent auditors report is M.L. Chau.)>]","[<KeyAuditMatter(4567, 9229699 Impairment assessment of trade receivables)>, <KeyAuditMatter(4568, 9229699 Inventory provisions)>]","[<KeyAuditMatterTag(10731, 4567, assessment)>, <KeyAuditMatterTag(10732, 4567, impairment)>, <KeyAuditMatterTag(10733, 4568, inventory)>, <KeyAuditMatterTag(10734, 4568, provision)>]",https://www1.hkexnews.hk/listedco/listconews/sehk/2020/0408/2020040800335.pdf
49,2109,9222215,02/04/2020 16:45,1286,IMPRO PRECISION,2019 Annual Report,Financial Statements/ESG Information - [Annual Report],10MB,"[<Auditor(2025, 9222215, KPMG)>]","[<KeyAuditMatter(4703, 9222215 Valuation of inventory)>, <KeyAuditMatter(4704, 9222215 Valuation of inventory)>, <KeyAuditMatter(4705, 9222215 Assessing potential impairment of goodwill)>, <KeyAuditMatter(4706, 9222215 Assessing potential impairment of goodwill)>]","[<KeyAuditMatterTag(11058, 4703, inventory)>, <KeyAuditMatterTag(11059, 4703, valuation)>, <KeyAuditMatterTag(11060, 4704, inventory)>, <KeyAuditMatterTag(11061, 4704, valuation)>, <KeyAuditMatterTag(11062, 4705, goodwill)>, <KeyAuditMatterTag(11063, 4705, impairment)>, <KeyAuditMatterTag(11064, 4706, goodwill)>, <KeyAuditMatterTag(11065, 4706, impairment)>]",https://www1.hkexnews.hk/listedco/listconews/sehk/2020/0402/2020040201185.pdf
50,2116,9219978,01/04/2020 17:52,8115,SHANGHAI QINGPU,ANNUAL REPORT 2019,"Financial Statements/ESG Information - [Annual Report / Environmental, Social and Governance Information/Report]",4MB,"[<Auditor(2032, 9219978, Ascenda Cachet CPA Limited)>]","[<KeyAuditMatter(4718, 9219978 1. Carrying value of goodwill)>, <KeyAuditMatter(4719, 9219978 2. The loss allowance for impairment of trade receivables)>, <KeyAuditMatter(4720, 9219978 	obtaining	managements	assessment	on	the	)>, <KeyAuditMatter(4721, 9219978 3. Determination of the net realisable value of inventories)>, <KeyAuditMatter(4722, 9219978 	identifying	any	old	or	damaged	inventories	)>, <KeyAuditMatter(4723, 9219978 	obtaining	the	inventory	ageing	analysis;)>]","[<KeyAuditMatterTag(11084, 4718, goodwill)>, <KeyAuditMatterTag(11085, 4718, value)>, <KeyAuditMatterTag(11086, 4719, impairment)>, <KeyAuditMatterTag(11087, 4720, assessment)>, <KeyAuditMatterTag(11088, 4721, inventories)>, <KeyAuditMatterTag(11089, 4721, net realisable value)>, <KeyAuditMatterTag(11090, 4721, value)>, <KeyAuditMatterTag(11091, 4722, inventories)>, <KeyAuditMatterTag(11092, 4723, inventory)>]",https://www1.hkexnews.hk/listedco/listconews/gem/2020/0401/2020040102716.pdf
51,2221,9209896,30/03/2020 16:38,8311,PERFECT OPT,Annual Report 2019,"Financial Statements/ESG Information - [Annual Report / Environmental, Social and Governance Information/Report]",7MB,"[<Auditor(2134, 9209896, PricewaterhouseCoopers)>]","[<KeyAuditMatter(4959, 9209896 Inventory valuation and provision (Continued))>, <KeyAuditMatter(4960, 9209896 Valuation of unlisted investments)>]","[<KeyAuditMatterTag(11585, 4959, inventory)>, <KeyAuditMatterTag(11586, 4959, provision)>, <KeyAuditMatterTag(11587, 4959, valuation)>, <KeyAuditMatterTag(11588, 4960, investment)>, <KeyAuditMatterTag(11589, 4960, valuation)>]",https://www1.hkexnews.hk/listedco/listconews/gem/2020/0330/2020033000483.pdf
52,2272,9204606,26/03/2020 18:59,8547,PACIFIC LEGEND,2019 Annual Report,"Financial Statements/ESG Information - [Annual Report / Environmental, Social and Governance Information/Report]",845KB,"[<Auditor(2184, 9204606, Baker Tilly Hong Kong Limited)>]","[<KeyAuditMatter(5072, 9204606 The Key Audit MatterHow the matter was addressed in our auditInventory provisionRefer to note 13 to the audited consolidated financial statements)>, <KeyAuditMatter(5073, 9204606 The Key Audit MatterHow the matter was addressed in our auditImpairment of trade receivablesRefer to note 15 to the audited consolidated financial statements)>, <KeyAuditMatter(5074, 9204606 The Key Audit MatterHow the matter was addressed in our auditRecognition of revenue from project contractsRefer to notes 2(q)(ii) and 14 to the audited consolidated financial statements)>, <KeyAuditMatter(5075, 9204606 The Key Audit MatterHow the matter was addressed in our auditRecognition of revenue from project contractsRefer to notes 2(q)(ii) and 14 to the audited consolidated financial statements)>]","[<KeyAuditMatterTag(11825, 5072, inventory)>, <KeyAuditMatterTag(11826, 5072, provision)>, <KeyAuditMatterTag(11827, 5073, impairment)>, <KeyAuditMatterTag(11828, 5074, contracts)>, <KeyAuditMatterTag(11829, 5074, recognition)>, <KeyAuditMatterTag(11830, 5074, revenue)>, <KeyAuditMatterTag(11831, 5075, contracts)>, <KeyAuditMatterTag(11832, 5075, recognition)>, <KeyAuditMatterTag(11833, 5075, revenue)>]",https://www1.hkexnews.hk/listedco/listconews/gem/2020/0326/2020032601109.pdf
