,id,news_id,date_time,stock_code,stock_name,title,long_text,file_info,audit_firms,kams,kam_tags,file_link
0,37,9456616,29/09/2020 17:06,8422,WT GROUP,ANNUAL REPORT 2019/20,"Financial Statements/ESG Information - [Annual Report / Environmental, Social and Governance Information/Report]",5MB,"[<Auditor(37, 9456616, HLB Hodgson Impey Cheng Limited)>]","[<KeyAuditMatter(79, 9456616 To the Shareholders of WT Group Holdings Limited(Incorporated in the Cayman Islands with limited liability))>, <KeyAuditMatter(80, 9456616 Measurement of value of construction works)>, <KeyAuditMatter(81, 9456616 	We	inspected	material	construction	contracts	of	the	Group	for	)>, <KeyAuditMatter(82, 9456616 	We	traced	the	value	of	construction	works	at	the	year	end	to	the	)>, <KeyAuditMatter(83, 9456616 	We	assessed	managements	estimates	on	the	value	of	uncertified	)>, <KeyAuditMatter(84, 9456616 Allowances for expected credit losses of trade and retention receivables and contract assets)>]","[<KeyAuditMatterTag(207, 79, land)>, <KeyAuditMatterTag(208, 80, measurement)>, <KeyAuditMatterTag(209, 80, value)>, <KeyAuditMatterTag(210, 81, contracts)>, <KeyAuditMatterTag(211, 82, value)>, <KeyAuditMatterTag(212, 83, value)>, <KeyAuditMatterTag(213, 84, asset)>, <KeyAuditMatterTag(214, 84, expected credit loss)>]",https://www1.hkexnews.hk/listedco/listconews/gem/2020/0929/2020092900606.pdf
1,49,9451794,24/09/2020 17:52,1686,SUNEVISION,2019/20 Annual Report,Financial Statements/ESG Information - [Annual Report],3MB,"[<Auditor(49, 9451794, Deloitte Touche Tohmatsu)>]","[<KeyAuditMatter(90, 9451794 (incorporated in the Cayman Islands with limited liability))>, <KeyAuditMatter(91, 9451794 Capitalisation and measurement of costs of property, plant and equipment)>]","[<KeyAuditMatterTag(225, 90, land)>, <KeyAuditMatterTag(226, 91, measurement)>, <KeyAuditMatterTag(227, 91, plant and equipment)>, <KeyAuditMatterTag(228, 91, property)>]",https://www1.hkexnews.hk/listedco/listconews/sehk/2020/0924/2020092401024.pdf
2,61,9442588,15/09/2020 22:21,159,BROCKMAN MINING,Annual Report 2020,Financial Statements/ESG Information - [Annual Report],3MB,"[<Auditor(61, 9442588, ernst & Young)>]","[<KeyAuditMatter(113, 9442588 to the shareholders of Brockman Mining limited(incorporated in Bermuda with limited liability))>, <KeyAuditMatter(114, 9442588 1. Carrying value of capitalised mining exploration properties)>, <KeyAuditMatter(115, 9442588 	Considered	whether	the	Groups	right	to	explore	was	)>, <KeyAuditMatter(116, 9442588 	Assessed	whether	exploration	and	evaluation	data	exists	)>, <KeyAuditMatter(117, 9442588  Recognition of deferred tax asset)>, <KeyAuditMatter(118, 9442588 	Between	the	Group	and	the	Australian	tax	)>, <KeyAuditMatter(119, 9442588 	Between	the	Group	and	external	tax	advisors.)>, <KeyAuditMatter(120, 9442588  Measurement of polaris loan)>, <KeyAuditMatter(121, 9442588 	We	considered	and	challenged	the	Groups	assessment	)>]","[<KeyAuditMatterTag(272, 113, mining)>, <KeyAuditMatterTag(273, 114, mining)>, <KeyAuditMatterTag(274, 114, properties)>, <KeyAuditMatterTag(275, 114, value)>, <KeyAuditMatterTag(276, 115, right)>, <KeyAuditMatterTag(277, 116, valuation)>, <KeyAuditMatterTag(278, 117, asset)>, <KeyAuditMatterTag(279, 117, deferred)>, <KeyAuditMatterTag(280, 117, recognition)>, <KeyAuditMatterTag(281, 117, tax)>, <KeyAuditMatterTag(282, 118, tax)>, <KeyAuditMatterTag(283, 119, tax)>, <KeyAuditMatterTag(284, 120, measurement)>, <KeyAuditMatterTag(285, 121, assessment)>]",https://www1.hkexnews.hk/listedco/listconews/sehk/2020/0915/2020091501064.pdf
3,62,9440845,14/09/2020 17:56,1797,KOOLEARN,Annual report 2020,"Financial Statements/ESG Information - [Annual Report / Environmental, Social and Governance Information/Report]",4MB,"[<Auditor(62, 9440845, Deloitte Touche Tohmatsu)>]","[<KeyAuditMatter(122, 9440845 To the Shareholders of Koolearn Technology Holding Limited(incorporated in the Cayman Islands with limited liability))>, <KeyAuditMatter(123, 9440845 Key audit matterHow our audit addressed the key audit matterFair value measurement of investment in unlisted equity securities at fair value through profit and loss)>]","[<KeyAuditMatterTag(286, 122, land)>, <KeyAuditMatterTag(287, 123, fair)>, <KeyAuditMatterTag(288, 123, investment)>, <KeyAuditMatterTag(289, 123, measurement)>, <KeyAuditMatterTag(290, 123, value)>]",https://www1.hkexnews.hk/listedco/listconews/sehk/2020/0914/2020091400891.pdf
4,140,9376376,30/07/2020 17:31,259,YEEBO (INT'L H),2019/20 ANNUAL REPORT,Financial Statements/ESG Information - [Annual Report],1MB,"[<Auditor(130, 9376376, Deloitte Touche Tohmatsu)>]","[<KeyAuditMatter(251, 9376376 We identified valuation of trade receivables Our procedures in relation to impairment as a key audit matter due to the involvement )>, <KeyAuditMatter(252, 9376376 credit losses (eCL) of trade receivables based  Challenging managements basis in determining )>, <KeyAuditMatter(253, 9376376 category in the provision matrix (with reference looking information.to historical default rates and forward-looking information); and)>, <KeyAuditMatter(254, 9376376 We identified the valuation of inventories as a key Our procedures in relation to assessing the )>, <KeyAuditMatter(255, 9376376 measurement of the allowance for inventories;)>, <KeyAuditMatter(256, 9376376 assessment of the allowance for inventories;usability and saleability of inventories taking into account the nature of inventories, prevailing market  Testing the accuracy of the inventory ageing )>, <KeyAuditMatter(257, 9376376 usages/sales. Where the inventories are determined for inventories;)>, <KeyAuditMatter(258, 9376376  Testing the net realisable values of inventories )>, <KeyAuditMatter(259, 9376376 latest selling prices in recent sales or the market prices, on a sample basis; and)>, <KeyAuditMatter(260, 9376376 amount of inventories is HK$111,450,000 (net of allowance for inventories of HK$51,912,000).)>]","[<KeyAuditMatterTag(591, 251, impairment)>, <KeyAuditMatterTag(592, 251, valuation)>, <KeyAuditMatterTag(593, 252, ecl)>, <KeyAuditMatterTag(594, 252, mining)>, <KeyAuditMatterTag(595, 253, provision)>, <KeyAuditMatterTag(596, 254, inventories)>, <KeyAuditMatterTag(597, 254, valuation)>, <KeyAuditMatterTag(598, 255, inventories)>, <KeyAuditMatterTag(599, 255, measurement)>, <KeyAuditMatterTag(600, 256, assessment)>, <KeyAuditMatterTag(601, 256, inventories)>, <KeyAuditMatterTag(602, 256, inventory)>, <KeyAuditMatterTag(603, 257, inventories)>, <KeyAuditMatterTag(604, 258, inventories)>, <KeyAuditMatterTag(605, 258, net realisable value)>, <KeyAuditMatterTag(606, 258, value)>, <KeyAuditMatterTag(607, 258, values)>, <KeyAuditMatterTag(608, 259, price)>, <KeyAuditMatterTag(609, 260, inventories)>]",https://www1.hkexnews.hk/listedco/listconews/sehk/2020/0730/2020073001035.pdf
5,142,9376345,30/07/2020 17:24,1559,KWAN ON HLDGS,ANNUAL REPORT 2020,Financial Statements/ESG Information - [Annual Report],7MB,"[<Auditor(132, 9376345, PKF Hong Kong Limited)>]","[<KeyAuditMatter(263, 9376345 (incorporated in the Cayman Islands with limited liability))>, <KeyAuditMatter(264, 9376345 Accounting measurement for construction contracts)>, <KeyAuditMatter(265, 9376345 Recoverability of trade and other receivables and contract assets)>, <KeyAuditMatter(266, 9376345 ECL)>, <KeyAuditMatter(267, 9376345 Assessment of the net realisable value of the inventories)>]","[<KeyAuditMatterTag(616, 263, land)>, <KeyAuditMatterTag(617, 264, contracts)>, <KeyAuditMatterTag(618, 264, measurement)>, <KeyAuditMatterTag(619, 265, asset)>, <KeyAuditMatterTag(620, 265, recoverability)>, <KeyAuditMatterTag(621, 266, ecl)>, <KeyAuditMatterTag(622, 267, assessment)>, <KeyAuditMatterTag(623, 267, inventories)>, <KeyAuditMatterTag(624, 267, net realisable value)>, <KeyAuditMatterTag(625, 267, value)>]",https://www1.hkexnews.hk/listedco/listconews/sehk/2020/0730/2020073001006.pdf
6,216,9372530,28/07/2020 16:35,907,ELEGANCEOPTICAL,Annual Report 2019/2020,"Financial Statements/ESG Information - [Annual Report / Environmental, Social and Governance Information/Report]",2MB,"[<Auditor(206, 9372530, CCTH CPA Limited)>]","[<KeyAuditMatter(499, 9372530 Impairment of trade and other receivables and loan and interest receivables)>, <KeyAuditMatter(500, 9372530 Impairment of trade and other receivables and loan and interest receivables (Continued))>, <KeyAuditMatter(501, 9372530 Provision for obsolete and slow moving inventories)>, <KeyAuditMatter(502, 9372530 Impairment of property, plant and equipment and right-of-use assets)>, <KeyAuditMatter(503, 9372530 Impairment of property, plant and equipment and right-of-use assets (Continued))>, <KeyAuditMatter(504, 9372530 Impairment assessment of investment in an associate)>, <KeyAuditMatter(505, 9372530 Fair value measurement of investments in film production)>, <KeyAuditMatter(506, 9372530 Fair value measurement of investments in film production (Continued))>]","[<KeyAuditMatterTag(1188, 499, impairment)>, <KeyAuditMatterTag(1189, 500, impairment)>, <KeyAuditMatterTag(1190, 501, inventories)>, <KeyAuditMatterTag(1191, 501, provision)>, <KeyAuditMatterTag(1192, 502, asset)>, <KeyAuditMatterTag(1193, 502, impairment)>, <KeyAuditMatterTag(1194, 502, plant and equipment)>, <KeyAuditMatterTag(1195, 502, property)>, <KeyAuditMatterTag(1196, 502, right)>, <KeyAuditMatterTag(1197, 503, asset)>, <KeyAuditMatterTag(1198, 503, impairment)>, <KeyAuditMatterTag(1199, 503, plant and equipment)>, <KeyAuditMatterTag(1200, 503, property)>, <KeyAuditMatterTag(1201, 503, right)>, <KeyAuditMatterTag(1202, 504, assessment)>, <KeyAuditMatterTag(1203, 504, associate)>, <KeyAuditMatterTag(1204, 504, impairment)>, <KeyAuditMatterTag(1205, 504, investment)>, <KeyAuditMatterTag(1206, 505, fair)>, <KeyAuditMatterTag(1207, 505, film)>, <KeyAuditMatterTag(1208, 505, investment)>, <KeyAuditMatterTag(1209, 505, measurement)>, <KeyAuditMatterTag(1210, 505, value)>, <KeyAuditMatterTag(1211, 506, fair)>, <KeyAuditMatterTag(1212, 506, film)>, <KeyAuditMatterTag(1213, 506, investment)>, <KeyAuditMatterTag(1214, 506, measurement)>, <KeyAuditMatterTag(1215, 506, value)>]",https://www1.hkexnews.hk/listedco/listconews/sehk/2020/0728/2020072800342.pdf
7,339,9361153,17/07/2020 17:13,1757,AFFLUENT FDN,ANNUAL REPORT 2019/20,Financial Statements/ESG Information - [Annual Report],3MB,"[<Auditor(324, 9361153, Grant Thornton Hong Kong Limited)>]","[<KeyAuditMatter(840, 9361153 To the members of Affluent Foundation Holdings Limited(incorporated in the Cayman Islands with limited liability))>, <KeyAuditMatter(841, 9361153 Accounting for construction contracts)>, <KeyAuditMatter(842, 9361153 Estimation of expected credit losses on trade and other receivables and contract assets)>, <KeyAuditMatter(843, 9361153 amounted to HK$36,395,000 and HK$109,159,000 respectively (net of expected credit losses (ECL) of HK$1,629,000 and HK$15,947,000 respectively).)>, <KeyAuditMatter(844, 9361153 We identified the ECL measurement on trade and )>, <KeyAuditMatter(845, 9361153 the collective assessment. We also evaluated )>, <KeyAuditMatter(846, 9361153 and fair view in accordance with HKFRSs issued by the HKICPA and the disclosure requirements of the Hong )>, <KeyAuditMatter(847, 9361153 the key audit matters. We describe these matters in our auditors report unless law or regulation precludes )>]","[<KeyAuditMatterTag(2040, 840, land)>, <KeyAuditMatterTag(2041, 841, contracts)>, <KeyAuditMatterTag(2042, 842, asset)>, <KeyAuditMatterTag(2043, 842, estimation)>, <KeyAuditMatterTag(2044, 842, expected credit loss)>, <KeyAuditMatterTag(2045, 843, ecl)>, <KeyAuditMatterTag(2046, 843, expected credit loss)>, <KeyAuditMatterTag(2047, 844, ecl)>, <KeyAuditMatterTag(2048, 844, measurement)>, <KeyAuditMatterTag(2049, 845, assessment)>, <KeyAuditMatterTag(2050, 846, fair)>, <KeyAuditMatterTag(2051, 847, ecl)>]",https://www1.hkexnews.hk/listedco/listconews/sehk/2020/0717/2020071700726.pdf
8,409,9352290,09/07/2020 16:38,18,ORIENTAL PRESS,Annual Report 2020,Financial Statements/ESG Information - [Annual Report],2MB,"[<Auditor(388, 9352290, HLM CPA Limited)>]","[<KeyAuditMatter(991, 9352290 Key Audit Matter: Revenue recognition)>, <KeyAuditMatter(992, 9352290 	understanding	the	revenue	and	business	process	of	the	Group;	assessing	the	appropriateness	of	the	Groups	revenue	recognition	accounting	policy	in	line	with	HKFRSs;	evaluating	and	testing	the	operating	effectiveness	of	key	controls	on	the	recognition	of	revenue;	and	selecting	a	sample	of	sales	transactions	recorded	during	the	reporting	period	near	the	year	end	and	just	after	the	end	)>, <KeyAuditMatter(993, 9352290 Key Audit Matter: Impairment assessment of trade receivables)>, <KeyAuditMatter(994, 9352290 	assessing	the	appropriateness	of	the	ECL	provisioning	methodology,	examining	the	key	data	inputs	on	a	sample	basis	)>, <KeyAuditMatter(995, 9352290 Key Audit Matter: Impairment assessment of leasehold building)>, <KeyAuditMatter(996, 9352290 	evaluating	the	independent	external	valuers	competence,	capabilities	and	objectivity;	assessing	the	valuation	methodologies	used	and	the	appropriateness	of	the	key	assumptions;	and	discussing	the	valuations	with	the	valuers	and	challenging	key	estimates	adopted	in	the	valuations,	including	those	)>, <KeyAuditMatter(997, 9352290 Key Audit Matter: Valuation of investment properties)>, <KeyAuditMatter(998, 9352290 	evaluating	the	independent	external	valuers	competence,	capabilities	and	objectivity;	assessing	the	methodologies	used	and	the	appropriateness	of	the	key	assumptions	based	on	our	knowledge	of	the	)>, <KeyAuditMatter(999, 9352290 	considering	the	appropriateness	of	the	resale	values	and	market	unit	rent	estimated	by	the	external	valuer	based	on	)>, <KeyAuditMatter(1000, 9352290 	on	a	sample	basis,	comparing	the	occupancy	rates,	room	rates,	and	tenancy	information	included	in	the	valuation	)>, <KeyAuditMatter(1001, 9352290 	discussing	the	valuations	with	the	valuers	and	challenging	key	estimates	adopted	in	the	valuations,	including	those	)>, <KeyAuditMatter(1002, 9352290 Key Audit Matter: Estimation of provision for long service payments)>, <KeyAuditMatter(1003, 9352290 	assessing	the	completeness	and	accuracy	of	personnel	data	underlying	the	estimation	of	fair	value	of	MPF	by	testing	)>, <KeyAuditMatter(1004, 9352290 	assessing	the	appropriateness	of	the	asset	valuation	in	the	MPF	scheme	underlying	the	calculation;	testing	the	internal	controls	over	the	provision	for	long	service	payments;	and	testing	the	accuracy	of	changes	in	the	provision	made	and	the	benefits	paid	to	the	pensioners.)>, <KeyAuditMatter(1005, 9352290 Key Audit Matter: Impairment assessment of loans and interest receivables)>, <KeyAuditMatter(1006, 9352290 	understanding	the	Groups	internal	controls	relating	to	the	collection,	use	and	retention	of	the	Groups	data	for	ECL	)>, <KeyAuditMatter(1007, 9352290 	understanding	the	ECL	models	established	by	the	Group	and	assessing	the	ECL	estimation	of	loans	and	interest	)>, <KeyAuditMatter(1008, 9352290 	reviewing	the	Groups	assumptions	on	the	expected	future	cash	flows,	including	the	value	of	realisable	collaterals	)>, <KeyAuditMatter(1009, 9352290 	evaluating	the	disclosure	regarding	the	impairment	measurement	of	loans	and	interest	receivables	in	Note	36(b)	to	the	)>]","[<KeyAuditMatterTag(2388, 991, recognition)>, <KeyAuditMatterTag(2389, 991, revenue)>, <KeyAuditMatterTag(2390, 992, recognition)>, <KeyAuditMatterTag(2391, 992, revenue)>, <KeyAuditMatterTag(2392, 993, assessment)>, <KeyAuditMatterTag(2393, 993, impairment)>, <KeyAuditMatterTag(2394, 994, ecl)>, <KeyAuditMatterTag(2395, 994, mining)>, <KeyAuditMatterTag(2396, 994, provision)>, <KeyAuditMatterTag(2397, 995, assessment)>, <KeyAuditMatterTag(2398, 995, impairment)>, <KeyAuditMatterTag(2399, 996, valuation)>, <KeyAuditMatterTag(2400, 996, value)>, <KeyAuditMatterTag(2401, 997, investment)>, <KeyAuditMatterTag(2402, 997, properties)>, <KeyAuditMatterTag(2403, 997, valuation)>, <KeyAuditMatterTag(2404, 998, value)>, <KeyAuditMatterTag(2405, 999, value)>, <KeyAuditMatterTag(2406, 999, values)>, <KeyAuditMatterTag(2407, 1000, valuation)>, <KeyAuditMatterTag(2408, 1001, valuation)>, <KeyAuditMatterTag(2409, 1001, value)>, <KeyAuditMatterTag(2410, 1002, estimation)>, <KeyAuditMatterTag(2411, 1002, long service payment)>, <KeyAuditMatterTag(2412, 1002, provision)>, <KeyAuditMatterTag(2413, 1003, estimation)>, <KeyAuditMatterTag(2414, 1003, fair)>, <KeyAuditMatterTag(2415, 1003, value)>, <KeyAuditMatterTag(2416, 1004, asset)>, <KeyAuditMatterTag(2417, 1004, provision)>, <KeyAuditMatterTag(2418, 1004, valuation)>, <KeyAuditMatterTag(2419, 1005, assessment)>, <KeyAuditMatterTag(2420, 1005, impairment)>, <KeyAuditMatterTag(2421, 1006, ecl)>, <KeyAuditMatterTag(2422, 1007, ecl)>, <KeyAuditMatterTag(2423, 1007, estimation)>, <KeyAuditMatterTag(2424, 1008, value)>, <KeyAuditMatterTag(2425, 1009, impairment)>, <KeyAuditMatterTag(2426, 1009, measurement)>]",https://www1.hkexnews.hk/listedco/listconews/sehk/2020/0709/2020070900612.pdf
9,544,9331693,26/06/2020 18:23,8401,STREAM IDEAS,ANNUAL REPORT 2019-2020,"Financial Statements/ESG Information - [Annual Report / Environmental, Social and Governance Information/Report]",1MB,"[<Auditor(522, 9331693, KPMG)>]","[<KeyAuditMatter(1276, 9331693 Assessment of recoverability of trade receivables)>, <KeyAuditMatter(1277, 9331693 Assessment of measurement of point provision)>]","[<KeyAuditMatterTag(3030, 1276, assessment)>, <KeyAuditMatterTag(3031, 1276, recoverability)>, <KeyAuditMatterTag(3032, 1277, assessment)>, <KeyAuditMatterTag(3033, 1277, measurement)>, <KeyAuditMatterTag(3034, 1277, provision)>]",https://www1.hkexnews.hk/listedco/listconews/gem/2020/0626/2020062600893.pdf
10,571,9326615,22/06/2020 16:39,8053,PIZU GROUP,ANNUAL REPORT 2020,Financial Statements/ESG Information - [Annual Report],3MB,"[<Auditor(546, 9326615, BDO Limited)>]","[<KeyAuditMatter(1312, 9326615 To the members of Pizu Group Holdings Limited(incorporated in the Cayman Islands with limited liability))>, <KeyAuditMatter(1313, 9326615 KEY AUDIT MATTERS (Continued)Measurement of Expected Credit Losses for Contract Assets, Trade Receivables, Other Receivables and Deposits)>, <KeyAuditMatter(1314, 9326615 KEY AUDIT MATTERS (Continued)Measurement of Expected Credit Losses for Contract Assets, Trade Receivables, Other Receivables and Deposits (Continued))>]","[<KeyAuditMatterTag(3110, 1312, land)>, <KeyAuditMatterTag(3111, 1313, asset)>, <KeyAuditMatterTag(3112, 1313, expected credit loss)>, <KeyAuditMatterTag(3113, 1313, measurement)>, <KeyAuditMatterTag(3114, 1314, asset)>, <KeyAuditMatterTag(3115, 1314, expected credit loss)>, <KeyAuditMatterTag(3116, 1314, measurement)>]",https://www1.hkexnews.hk/listedco/listconews/gem/2020/0622/2020062200385.pdf
11,585,9320676,16/06/2020 17:08,244,SINCERE,Annual Report 2019-20,"Financial Statements/ESG Information - [Annual Report / Environmental, Social and Governance Information/Report]",5MB,"[<Auditor(560, 9320676, Ernst & Young)>]","[<KeyAuditMatter(1340, 9320676 Inventory provision)>, <KeyAuditMatter(1341, 9320676 Estimation of impairment of right-of-use assets)>, <KeyAuditMatter(1342, 9320676 Fair value measurement of leasehold land and owned buildings)>]","[<KeyAuditMatterTag(3180, 1340, inventory)>, <KeyAuditMatterTag(3181, 1340, provision)>, <KeyAuditMatterTag(3182, 1341, asset)>, <KeyAuditMatterTag(3183, 1341, estimation)>, <KeyAuditMatterTag(3184, 1341, impairment)>, <KeyAuditMatterTag(3185, 1341, right)>, <KeyAuditMatterTag(3186, 1342, fair)>, <KeyAuditMatterTag(3187, 1342, land)>, <KeyAuditMatterTag(3188, 1342, measurement)>, <KeyAuditMatterTag(3189, 1342, value)>]",https://www1.hkexnews.hk/listedco/listconews/sehk/2020/0616/2020061600471.pdf
12,617,9292902,26/05/2020 16:51,1787,SD GOLD,2019 ANNUAL REPORT,"Financial Statements/ESG Information - [Annual Report / Environmental, Social and Governance Information/Report]",3MB,"[<Auditor(592, 9292902, SHINEWING (HK) CPA Limited)>]","[<KeyAuditMatter(1402, 9292902 Impairment assessment on property, plant and equipment and intangible assets)>, <KeyAuditMatter(1403, 9292902 Impairment assessment on goodwill)>, <KeyAuditMatter(1404, 9292902 Fair value measurement of financial assets and liabilities at fair value through profit or loss (FVTPL))>]","[<KeyAuditMatterTag(3356, 1402, assessment)>, <KeyAuditMatterTag(3357, 1402, asset)>, <KeyAuditMatterTag(3358, 1402, impairment)>, <KeyAuditMatterTag(3359, 1402, plant and equipment)>, <KeyAuditMatterTag(3360, 1402, property)>, <KeyAuditMatterTag(3361, 1403, assessment)>, <KeyAuditMatterTag(3362, 1403, goodwill)>, <KeyAuditMatterTag(3363, 1403, impairment)>, <KeyAuditMatterTag(3364, 1404, asset)>, <KeyAuditMatterTag(3365, 1404, fair)>, <KeyAuditMatterTag(3366, 1404, financial asset)>, <KeyAuditMatterTag(3367, 1404, measurement)>, <KeyAuditMatterTag(3368, 1404, value)>]",https://www1.hkexnews.hk/listedco/listconews/sehk/2020/0526/2020052600388.pdf
13,621,9283870,17/05/2020 19:53,8030,FLYING FIN,ANNUAL REPORT 2019,"Financial Statements/ESG Information - [Annual Report / Environmental, Social and Governance Information/Report]",27MB,"[<Auditor(596, 9283870, BDO Limited)>]","[<KeyAuditMatter(1410, 9283870 Classification, measurement and valuation of investments in limited partnerships classified as financial assets at fair value through profit or lossRefer to note 4(i)(i), note 5(b)(vii) and note 21 to the consolidated 4(i)(i)5(b)(vii)financial statements21)>, <KeyAuditMatter(1411, 9283870 Classification, measurement and valuation of  investments in limited partnerships classified as  financial assets at fair value through profit or loss (Continued)Our response:)>, <KeyAuditMatter(1412, 9283870 Provision for expected credit losses (ECLs) of loans and accounts receivables and other receivablesRefer to note 4(i)(ii), note 5(b)(i), note 22 and note 23 to the 4(i)(ii)5(b)(i)consolidated financial statements2223)>, <KeyAuditMatter(1413, 9283870 Provision for expected credit losses (ECLs) of loans and accounts receivables and other receivables (Continued)Our response:)>, <KeyAuditMatter(1414, 9283870 Impairment of goodwill and intangible assetsRefer to note 4(d) & 4(h)(ii), note 5(b)(iii) & (iv), note 17 and note 18 4(d)4(h)(ii)5(b)(iii)to the consolidated financial statements(iv)1718)>]","[<KeyAuditMatterTag(3383, 1410, asset)>, <KeyAuditMatterTag(3384, 1410, fair)>, <KeyAuditMatterTag(3385, 1410, financial asset)>, <KeyAuditMatterTag(3386, 1410, investment)>, <KeyAuditMatterTag(3387, 1410, measurement)>, <KeyAuditMatterTag(3388, 1410, valuation)>, <KeyAuditMatterTag(3389, 1410, value)>, <KeyAuditMatterTag(3390, 1411, asset)>, <KeyAuditMatterTag(3391, 1411, fair)>, <KeyAuditMatterTag(3392, 1411, financial asset)>, <KeyAuditMatterTag(3393, 1411, investment)>, <KeyAuditMatterTag(3394, 1411, measurement)>, <KeyAuditMatterTag(3395, 1411, valuation)>, <KeyAuditMatterTag(3396, 1411, value)>, <KeyAuditMatterTag(3397, 1412, ecl)>, <KeyAuditMatterTag(3398, 1412, expected credit loss)>, <KeyAuditMatterTag(3399, 1412, provision)>, <KeyAuditMatterTag(3400, 1413, ecl)>, <KeyAuditMatterTag(3401, 1413, expected credit loss)>, <KeyAuditMatterTag(3402, 1413, provision)>, <KeyAuditMatterTag(3403, 1414, asset)>, <KeyAuditMatterTag(3404, 1414, goodwill)>, <KeyAuditMatterTag(3405, 1414, impairment)>]",https://www1.hkexnews.hk/listedco/listconews/gem/2020/0517/2020051700127.pdf
14,718,9279630,14/05/2020 16:39,707,ATV HOLDINGS,ANNUAL REPORT 2019,"Financial Statements/ESG Information - [Annual Report / Environmental, Social and Governance Information/Report]",4MB,"[<Auditor(691, 9279630, Moore Stephens CPA Limited)>]","[<KeyAuditMatter(1658, 9279630 Fair value measurement of movie investments (please refer to Note 26 to the Consolidated Financial Statements))>, <KeyAuditMatter(1659, 9279630 Impairment review of properties, plant and equipment, intangible assets and right-of-use assets (please refer to Notes 16, 18 and 19 to the Consolidated Financial Statements))>, <KeyAuditMatter(1660, 9279630 Classification and fair value measurement of derivative financial instruments and convertible bonds (please refer to Note 32 to the Consolidated Financial Statements))>, <KeyAuditMatter(1661, 9279630 Credit risk assessment on loan receivables (please refer to Note 25 to the Consolidated Financial Statements))>]","[<KeyAuditMatterTag(3932, 1658, fair)>, <KeyAuditMatterTag(3933, 1658, investment)>, <KeyAuditMatterTag(3934, 1658, measurement)>, <KeyAuditMatterTag(3935, 1658, value)>, <KeyAuditMatterTag(3936, 1659, asset)>, <KeyAuditMatterTag(3937, 1659, impairment)>, <KeyAuditMatterTag(3938, 1659, plant and equipment)>, <KeyAuditMatterTag(3939, 1659, properties)>, <KeyAuditMatterTag(3940, 1659, right)>, <KeyAuditMatterTag(3941, 1660, fair)>, <KeyAuditMatterTag(3942, 1660, measurement)>, <KeyAuditMatterTag(3943, 1660, value)>, <KeyAuditMatterTag(3944, 1661, assessment)>]",https://www1.hkexnews.hk/listedco/listconews/sehk/2020/0514/2020051400599.pdf
15,727,9279530,14/05/2020 16:32,1176,ZHUGUANG HOLD,Annual Report 2019,"Financial Statements/ESG Information - [Annual Report / Environmental, Social and Governance Information/Report]",6MB,"[<Auditor(700, 9279530, Ernst & Young)>]","[<KeyAuditMatter(1680, 9279530 Key audit matterHow our audit addressed the key audit matterImpairment	assessment	on	deposits	for	acquisition	of	equity	interests	in	property	development	projects	and	other	receivables	for	urban	redevelopment	projects)>, <KeyAuditMatter(1681, 9279530 Key audit matterHow our audit addressed the key audit matterFair	value	measurement	of	other	receivables	at	fair	value	through	profit	or	loss)>, <KeyAuditMatter(1682, 9279530 Key audit matterHow our audit addressed the key audit matterValuation of investment properties)>, <KeyAuditMatter(1683, 9279530 Key audit matterHow our audit addressed the key audit matterPurchase price allocation for acquisition of an associate)>]","[<KeyAuditMatterTag(4002, 1680, acquisition)>, <KeyAuditMatterTag(4003, 1680, assessment)>, <KeyAuditMatterTag(4004, 1680, impairment)>, <KeyAuditMatterTag(4005, 1680, property)>, <KeyAuditMatterTag(4006, 1681, fair)>, <KeyAuditMatterTag(4007, 1681, measurement)>, <KeyAuditMatterTag(4008, 1681, value)>, <KeyAuditMatterTag(4009, 1682, investment)>, <KeyAuditMatterTag(4010, 1682, properties)>, <KeyAuditMatterTag(4011, 1682, valuation)>, <KeyAuditMatterTag(4012, 1683, acquisition)>, <KeyAuditMatterTag(4013, 1683, allocation)>, <KeyAuditMatterTag(4014, 1683, associate)>, <KeyAuditMatterTag(4015, 1683, price)>, <KeyAuditMatterTag(4016, 1683, purchase)>]",https://www1.hkexnews.hk/listedco/listconews/sehk/2020/0514/2020051400499.pdf
16,767,9481579,22/10/2020 18:15,659,NWS HOLDINGS,ANNUAL REPORT 2020,"Financial Statements/ESG Information - [Annual Report / Environmental, Social and Governance Information/Report]",12MB,"[<Auditor(737, 9481579, PricewaterhouseCoopers)>]","[<KeyAuditMatter(1785, 9481579 (i) Impairment of the Groups interests in associated companies and joint ventures)>, <KeyAuditMatter(1786, 9481579 Impairment of the Groups interests in associated companies and joint ventures (continued))>, <KeyAuditMatter(1787, 9481579 Fair value measurement of financial assets at fair value through other comprehensive income and financial assets at fair value through profit or loss)>, <KeyAuditMatter(1788, 9481579 Fair value measurement of financial assets at fair value through other comprehensive income and financial assets at fair value through profit or loss (continued))>, <KeyAuditMatter(1789, 9481579 Business combination of FTLife Insurance Company Limited and its subsidiaries)>, <KeyAuditMatter(1790, 9481579 sment on (a) valuation of insurance ct liabilities and (b) amortization of value iness acquired and deferred acquisition )>, <KeyAuditMatter(1791, 9481579 valuation of insurance contract liabilities(a) valuation of insurance contract liabilities)>, <KeyAuditMatter(1792, 9481579 sment on (a) valuation of insurance ct liabilities and (b) amortization of value iness acquired and deferred acquisition continued))>, <KeyAuditMatter(1793, 9481579 amortization of value of business (b) amortization of value of business acquired and acquired and deferred acquisition costsdeferred acquisition costs)>]","[<KeyAuditMatterTag(4227, 1785, associate)>, <KeyAuditMatterTag(4228, 1785, impairment)>, <KeyAuditMatterTag(4229, 1785, joint ventures)>, <KeyAuditMatterTag(4230, 1786, associate)>, <KeyAuditMatterTag(4231, 1786, impairment)>, <KeyAuditMatterTag(4232, 1786, joint ventures)>, <KeyAuditMatterTag(4233, 1787, asset)>, <KeyAuditMatterTag(4234, 1787, fair)>, <KeyAuditMatterTag(4235, 1787, financial asset)>, <KeyAuditMatterTag(4236, 1787, income)>, <KeyAuditMatterTag(4237, 1787, measurement)>, <KeyAuditMatterTag(4238, 1787, value)>, <KeyAuditMatterTag(4239, 1788, asset)>, <KeyAuditMatterTag(4240, 1788, fair)>, <KeyAuditMatterTag(4241, 1788, financial asset)>, <KeyAuditMatterTag(4242, 1788, income)>, <KeyAuditMatterTag(4243, 1788, measurement)>, <KeyAuditMatterTag(4244, 1788, value)>, <KeyAuditMatterTag(4245, 1789, business combination)>, <KeyAuditMatterTag(4246, 1790, acquisition)>, <KeyAuditMatterTag(4247, 1790, deferred)>, <KeyAuditMatterTag(4248, 1790, valuation)>, <KeyAuditMatterTag(4249, 1790, value)>, <KeyAuditMatterTag(4250, 1791, valuation)>, <KeyAuditMatterTag(4251, 1792, acquisition)>, <KeyAuditMatterTag(4252, 1792, deferred)>, <KeyAuditMatterTag(4253, 1792, valuation)>, <KeyAuditMatterTag(4254, 1792, value)>, <KeyAuditMatterTag(4255, 1793, acquisition)>, <KeyAuditMatterTag(4256, 1793, deferred)>, <KeyAuditMatterTag(4257, 1793, value)>]",https://www1.hkexnews.hk/listedco/listconews/sehk/2020/1022/2020102200721.pdf
17,789,9261398,29/04/2020 22:37,521,CWT INT'L,Annual Report 2019,Financial Statements/ESG Information - [Annual Report],3MB,"[<Auditor(757, 9261398, KPMG)>]","[<KeyAuditMatter(1847, 9261398 Recognition and measurement of commodity marketing revenue)>, <KeyAuditMatter(1848, 9261398 Recognition and measurement of commodity marketing revenue (continued))>]","[<KeyAuditMatterTag(4401, 1847, measurement)>, <KeyAuditMatterTag(4402, 1847, recognition)>, <KeyAuditMatterTag(4403, 1847, revenue)>, <KeyAuditMatterTag(4404, 1848, measurement)>, <KeyAuditMatterTag(4405, 1848, recognition)>, <KeyAuditMatterTag(4406, 1848, revenue)>]",https://www1.hkexnews.hk/listedco/listconews/sehk/2020/0429/2020042903439.pdf
18,918,9257865,28/04/2020 22:41,01988<br/>04609,MINSHENG BANK<br/>CMBC 16USDPREF,2019 Annual Report (H Shares),Financial Statements/ESG Information - [Annual Report],6MB,"[<Auditor(873, 9257865, PricewaterhouseCoopers)>]","[<KeyAuditMatter(2069, 9257865 Measurement of expected credit losses for loans and advances to customers and financial investments)>, <KeyAuditMatter(2070, 9257865 Measurement of expected credit losses for loans and advances to customers and financial investments (continued))>, <KeyAuditMatter(2071, 9257865 Measurement of expected credit losses for loans and advances to customers and financial investments (continued))>]","[<KeyAuditMatterTag(4909, 2069, expected credit loss)>, <KeyAuditMatterTag(4910, 2069, investment)>, <KeyAuditMatterTag(4911, 2069, measurement)>, <KeyAuditMatterTag(4912, 2070, expected credit loss)>, <KeyAuditMatterTag(4913, 2070, investment)>, <KeyAuditMatterTag(4914, 2070, measurement)>, <KeyAuditMatterTag(4915, 2071, expected credit loss)>, <KeyAuditMatterTag(4916, 2071, investment)>, <KeyAuditMatterTag(4917, 2071, measurement)>]",https://www1.hkexnews.hk/listedco/listconews/sehk/2020/0428/2020042803580.pdf
19,944,9257033,28/04/2020 19:01,1027,CHINA JICHENG,ANNUAL REPORT 2019,"Financial Statements/ESG Information - [Annual Report / Environmental, Social and Governance Information/Report]",2MB,"[<Auditor(898, 9257033, Elite Partners CPA Limited)>]","[<KeyAuditMatter(2115, 9257033 Business combination)>, <KeyAuditMatter(2116, 9257033 Fair value measurement on contingent consideration receivables)>]","[<KeyAuditMatterTag(5006, 2115, business combination)>, <KeyAuditMatterTag(5007, 2116, fair)>, <KeyAuditMatterTag(5008, 2116, measurement)>, <KeyAuditMatterTag(5009, 2116, value)>]",https://www1.hkexnews.hk/listedco/listconews/sehk/2020/0428/2020042802679.pdf
20,979,9256383,28/04/2020 17:35,1987,BENG SOON MACH,ANNUAL REPORT 2019,Financial Statements/ESG Information - [Annual Report],8MB,"[<Auditor(933, 9256383, PricewaterhouseCoopers)>]","[<KeyAuditMatter(2200, 9256383 (a) Transaction price of demolition service projects)>, <KeyAuditMatter(2201, 9256383 	Inspected	the	signed	contracts	and	correspondence	with	)>, <KeyAuditMatter(2202, 9256383 	Assessed	the	effectiveness	of	managements	estimation	)>, <KeyAuditMatter(2203, 9256383 (b) Measurement on progress)>, <KeyAuditMatter(2204, 9256383 	Assessed	the	effectiveness	of	managements	estimation	)>]","[<KeyAuditMatterTag(5194, 2200, price)>, <KeyAuditMatterTag(5195, 2201, contracts)>, <KeyAuditMatterTag(5196, 2202, estimation)>, <KeyAuditMatterTag(5197, 2203, measurement)>, <KeyAuditMatterTag(5198, 2204, estimation)>]",https://www1.hkexnews.hk/listedco/listconews/sehk/2020/0428/2020042802029.pdf
21,1000,9256031,28/04/2020 17:14,1051,G-RESOURCES,2019 Annual Report,Financial Statements/ESG Information - [Annual Report],6MB,"[<Auditor(953, 9256031, Moore Stephens CPA Limited)>]","[<KeyAuditMatter(2249, 9256031 Key audit matterHow our audit addressed the key audit matterFair value measurement of investments in unlisted investment funds, an unlisted debt investment and an unlisted equity investment classified as financial assets at fair value through profit or loss and within Level 3 under the fair value hierarchy)>, <KeyAuditMatter(2250, 9256031 Key audit matterHow our audit addressed the key audit matterValuation of investment properties)>]","[<KeyAuditMatterTag(5310, 2249, asset)>, <KeyAuditMatterTag(5311, 2249, fair)>, <KeyAuditMatterTag(5312, 2249, financial asset)>, <KeyAuditMatterTag(5313, 2249, investment)>, <KeyAuditMatterTag(5314, 2249, measurement)>, <KeyAuditMatterTag(5315, 2249, value)>, <KeyAuditMatterTag(5316, 2250, investment)>, <KeyAuditMatterTag(5317, 2250, properties)>, <KeyAuditMatterTag(5318, 2250, valuation)>]",https://www1.hkexnews.hk/listedco/listconews/sehk/2020/0428/2020042801677.pdf
22,1023,9255704,28/04/2020 16:58,998,CITIC BANK,2019 Annual Report,Financial Statements/ESG Information - [Annual Report],4MB,"[<Auditor(976, 9255704, PricewaterhouseCoopers)>]","[<KeyAuditMatter(2309, 9255704 Measurement of expected credit losses for loans and advances to customers and financial investments)>, <KeyAuditMatter(2310, 9255704 Measurement of expected credit losses for loans and advances to customers and financial investments (continued))>, <KeyAuditMatter(2311, 9255704 Measurement of expected credit losses for loans and advances to customers and financial investments (continued))>, <KeyAuditMatter(2312, 9255704 De-recognition of Financial Assets)>]","[<KeyAuditMatterTag(5469, 2309, expected credit loss)>, <KeyAuditMatterTag(5470, 2309, investment)>, <KeyAuditMatterTag(5471, 2309, measurement)>, <KeyAuditMatterTag(5472, 2310, expected credit loss)>, <KeyAuditMatterTag(5473, 2310, investment)>, <KeyAuditMatterTag(5474, 2310, measurement)>, <KeyAuditMatterTag(5475, 2311, expected credit loss)>, <KeyAuditMatterTag(5476, 2311, investment)>, <KeyAuditMatterTag(5477, 2311, measurement)>, <KeyAuditMatterTag(5478, 2312, asset)>, <KeyAuditMatterTag(5479, 2312, financial asset)>, <KeyAuditMatterTag(5480, 2312, recognition)>]",https://www1.hkexnews.hk/listedco/listconews/sehk/2020/0428/2020042801352.pdf
23,1024,9255700,28/04/2020 16:58,1223,SYMPHONY HOLD,2019 ANNUAL REPORT,Financial Statements/ESG Information - [Annual Report],6MB,"[<Auditor(977, 9255700, BDO Limited)>]","[<KeyAuditMatter(2313, 9255700 FAIR VALUE OF INVESTMENT PROPERTIES,  LEASEHOLD LAND AND BUILDINGS AND BUILDINGS  CLASSIFIED AS LEVEL 3 RECURRING FAIR VALUE MEASUREMENTS)>, <KeyAuditMatter(2314, 9255700 FAIR VALUE OF INVESTMENT PROPERTIES, LEASEHOLD LAND AND BUILDINGS AND BUILDINGS  CLASSIFIED AS LEVEL 3 RECURRING FAIR VALUE MEASUREMENTS (CONTINUED))>, <KeyAuditMatter(2315, 9255700 FAIR VALUE OF INVESTMENT PROPERTIES, LEASEHOLD LAND AND BUILDINGS AND BUILDINGS  CLASSIFIED AS LEVEL 3 RECURRING FAIR VALUE MEASUREMENTS (CONTINUED))>, <KeyAuditMatter(2316, 9255700 IMPAIRMENT ASSESSMENT OF TRADE AND OTHER RECEIVABLES AND LOANS RECEIVABLE)>, <KeyAuditMatter(2317, 9255700 IMPAIRMENT ASSESSMENT OF TRADE AND OTHER RECEIVABLES AND LOANS RECEIVABLE (CONTINUED))>, <KeyAuditMatter(2318, 9255700 IMPAIRMENT ASSESSMENT OF TRADE AND OTHER RECEIVABLES AND LOANS RECEIVABLE (CONTINUED))>, <KeyAuditMatter(2319, 9255700  IMPAIRMENT ASSESSMENT OF GOODWILL AND INTANGIBLE ASSETS)>, <KeyAuditMatter(2320, 9255700  IMPAIRMENT ASSESSMENT OF GOODWILL AND INTANGIBLE ASSETS (CONTINUED))>, <KeyAuditMatter(2321, 9255700  IMPAIRMENT ASSESSMENT OF GOODWILL AND INTANGIBLE ASSETS (CONTINUED))>]","[<KeyAuditMatterTag(5481, 2313, fair)>, <KeyAuditMatterTag(5482, 2313, investment)>, <KeyAuditMatterTag(5483, 2313, land)>, <KeyAuditMatterTag(5484, 2313, measurement)>, <KeyAuditMatterTag(5485, 2313, properties)>, <KeyAuditMatterTag(5486, 2313, value)>, <KeyAuditMatterTag(5487, 2314, fair)>, <KeyAuditMatterTag(5488, 2314, investment)>, <KeyAuditMatterTag(5489, 2314, land)>, <KeyAuditMatterTag(5490, 2314, measurement)>, <KeyAuditMatterTag(5491, 2314, properties)>, <KeyAuditMatterTag(5492, 2314, value)>, <KeyAuditMatterTag(5493, 2315, fair)>, <KeyAuditMatterTag(5494, 2315, investment)>, <KeyAuditMatterTag(5495, 2315, land)>, <KeyAuditMatterTag(5496, 2315, measurement)>, <KeyAuditMatterTag(5497, 2315, properties)>, <KeyAuditMatterTag(5498, 2315, value)>, <KeyAuditMatterTag(5499, 2316, assessment)>, <KeyAuditMatterTag(5500, 2316, impairment)>, <KeyAuditMatterTag(5501, 2317, assessment)>, <KeyAuditMatterTag(5502, 2317, impairment)>, <KeyAuditMatterTag(5503, 2318, assessment)>, <KeyAuditMatterTag(5504, 2318, impairment)>, <KeyAuditMatterTag(5505, 2319, assessment)>, <KeyAuditMatterTag(5506, 2319, asset)>, <KeyAuditMatterTag(5507, 2319, goodwill)>, <KeyAuditMatterTag(5508, 2319, impairment)>, <KeyAuditMatterTag(5509, 2320, assessment)>, <KeyAuditMatterTag(5510, 2320, asset)>, <KeyAuditMatterTag(5511, 2320, goodwill)>, <KeyAuditMatterTag(5512, 2320, impairment)>, <KeyAuditMatterTag(5513, 2321, assessment)>, <KeyAuditMatterTag(5514, 2321, asset)>, <KeyAuditMatterTag(5515, 2321, goodwill)>, <KeyAuditMatterTag(5516, 2321, impairment)>]",https://www1.hkexnews.hk/listedco/listconews/sehk/2020/0428/2020042801348.pdf
24,1030,9255638,28/04/2020 16:56,01963<br/>04616,BCQ<br/>BCQ 17USDPREF,2019 ANNUAL REPORT,Financial Statements/ESG Information - [Annual Report],2MB,"[<Auditor(983, 9255638, PricewaterhouseCoopers)>]","[<KeyAuditMatter(2330, 9255638 Measurement of expected credit losses (ECL) for loans and advances to customers and investment securities measured at amortised cost)>]","[<KeyAuditMatterTag(5532, 2330, ecl)>, <KeyAuditMatterTag(5533, 2330, expected credit loss)>, <KeyAuditMatterTag(5534, 2330, investment)>, <KeyAuditMatterTag(5535, 2330, measurement)>]",https://www1.hkexnews.hk/listedco/listconews/sehk/2020/0428/2020042801286.pdf
25,1046,9255480,28/04/2020 16:49,1375,CC SECURITIES,Annual Report 2019,Financial Statements/ESG Information - [Annual Report],2MB,"[<Auditor(999, 9255480, PricewaterhouseCoopers)>]","[<KeyAuditMatter(2371, 9255480 Measurement of expected credit losses for Financial assets at amortised costs, Margin accounts receivable, Financial assets held under resale agreements, Loans and advances to customers and Financial assets at fair value through other comprehensive income (debt instruments))>, <KeyAuditMatter(2372, 9255480 Measurement of expected credit losses for Financial assets at amortised costs, Margin accounts receivable, Financial assets held under resale agreements, Loans and advances to customers and Financial assets at fair value through other comprehensive income (debt instruments) (continued))>]","[<KeyAuditMatterTag(5616, 2371, asset)>, <KeyAuditMatterTag(5617, 2371, expected credit loss)>, <KeyAuditMatterTag(5618, 2371, fair)>, <KeyAuditMatterTag(5619, 2371, financial asset)>, <KeyAuditMatterTag(5620, 2371, income)>, <KeyAuditMatterTag(5621, 2371, measurement)>, <KeyAuditMatterTag(5622, 2371, value)>, <KeyAuditMatterTag(5623, 2372, asset)>, <KeyAuditMatterTag(5624, 2372, expected credit loss)>, <KeyAuditMatterTag(5625, 2372, fair)>, <KeyAuditMatterTag(5626, 2372, financial asset)>, <KeyAuditMatterTag(5627, 2372, income)>, <KeyAuditMatterTag(5628, 2372, measurement)>, <KeyAuditMatterTag(5629, 2372, value)>]",https://www1.hkexnews.hk/listedco/listconews/sehk/2020/0428/2020042801128.pdf
26,1082,9255156,28/04/2020 16:36,1288,ABC,2019 Annual Report,Financial Statements/ESG Information - [Annual Report],5MB,"[<Auditor(1034, 9255156, PricewaterhouseCoopers)>]","[<KeyAuditMatter(2432, 9255156 Key Audit MatterHow our audit addressed the Key Audit MatterMeasurement of expected credit losses for loans and advances to customers)>, <KeyAuditMatter(2433, 9255156 Key Audit MatterHow our audit addressed the Key Audit MatterMeasurement of expected credit losses for loans and advances to customers )>]","[<KeyAuditMatterTag(5756, 2432, expected credit loss)>, <KeyAuditMatterTag(5757, 2432, measurement)>, <KeyAuditMatterTag(5758, 2433, expected credit loss)>, <KeyAuditMatterTag(5759, 2433, measurement)>]",https://www1.hkexnews.hk/listedco/listconews/sehk/2020/0428/2020042800804.pdf
27,1087,9255126,28/04/2020 16:33,1873,VIVA BIOTECH,2019 Annual Report,Financial Statements/ESG Information - [Annual Report],2MB,"[<Auditor(1039, 9255126, Deloitte Touche Tohmatsu)>]","[<KeyAuditMatter(2439, 9255126 Key audit matterHow our audit addressed the key audit matterFair value measurement for unlisted investments)>]","[<KeyAuditMatterTag(5769, 2439, fair)>, <KeyAuditMatterTag(5770, 2439, investment)>, <KeyAuditMatterTag(5771, 2439, measurement)>, <KeyAuditMatterTag(5772, 2439, value)>]",https://www1.hkexnews.hk/listedco/listconews/sehk/2020/0428/2020042800774.pdf
28,1136,9254240,27/04/2020 22:11,1003,HUANXI MEDIA,ANNUAL REPORT 2019,"Financial Statements/ESG Information - [Annual Report / Environmental, Social and Governance Information/Report]",5MB,"[<Auditor(1085, 9254240, PricewaterhouseCoopers)>]","[<KeyAuditMatter(2565, 9254240 Valuation and measurement of film and TV programmes rights classified as intangible assets and other intangible assets)>, <KeyAuditMatter(2566, 9254240 Film and TV programmes rights completed and under production)>, <KeyAuditMatter(2567, 9254240 Valuation and measurement of film and TV programmes rights classified as intangible assets and other intangible assets(Continued))>, <KeyAuditMatter(2568, 9254240 Film and TV programmes rights Film and TV programmes rights completedunder production)>, <KeyAuditMatter(2569, 9254240 Film and TV programmes rights under production)>, <KeyAuditMatter(2570, 9254240 Licensed film and TV programmes rights and other intangible assets)>, <KeyAuditMatter(2571, 9254240 Valuation and measurement of film and TV programmes rights classified as intangible assets and other intangible assets(Continued))>, <KeyAuditMatter(2572, 9254240 Licensed film and TV programmes rights and other intangible assets)>, <KeyAuditMatter(2573, 9254240 Valuation and measurement of film and TV programmes rights classified as intangible assets and other intangible assets(Continued))>, <KeyAuditMatter(2574, 9254240 Impairment of prepayments for film and TV programmes rights)>]","[<KeyAuditMatterTag(6057, 2565, asset)>, <KeyAuditMatterTag(6058, 2565, film)>, <KeyAuditMatterTag(6059, 2565, measurement)>, <KeyAuditMatterTag(6060, 2565, right)>, <KeyAuditMatterTag(6061, 2565, valuation)>, <KeyAuditMatterTag(6062, 2566, film)>, <KeyAuditMatterTag(6063, 2566, right)>, <KeyAuditMatterTag(6064, 2567, asset)>, <KeyAuditMatterTag(6065, 2567, film)>, <KeyAuditMatterTag(6066, 2567, measurement)>, <KeyAuditMatterTag(6067, 2567, right)>, <KeyAuditMatterTag(6068, 2567, valuation)>, <KeyAuditMatterTag(6069, 2568, film)>, <KeyAuditMatterTag(6070, 2568, right)>, <KeyAuditMatterTag(6071, 2569, film)>, <KeyAuditMatterTag(6072, 2569, right)>, <KeyAuditMatterTag(6073, 2570, asset)>, <KeyAuditMatterTag(6074, 2570, film)>, <KeyAuditMatterTag(6075, 2570, right)>, <KeyAuditMatterTag(6076, 2571, asset)>, <KeyAuditMatterTag(6077, 2571, film)>, <KeyAuditMatterTag(6078, 2571, measurement)>, <KeyAuditMatterTag(6079, 2571, right)>, <KeyAuditMatterTag(6080, 2571, valuation)>, <KeyAuditMatterTag(6081, 2572, asset)>, <KeyAuditMatterTag(6082, 2572, film)>, <KeyAuditMatterTag(6083, 2572, right)>, <KeyAuditMatterTag(6084, 2573, asset)>, <KeyAuditMatterTag(6085, 2573, film)>, <KeyAuditMatterTag(6086, 2573, measurement)>, <KeyAuditMatterTag(6087, 2573, right)>, <KeyAuditMatterTag(6088, 2573, valuation)>, <KeyAuditMatterTag(6089, 2574, film)>, <KeyAuditMatterTag(6090, 2574, impairment)>, <KeyAuditMatterTag(6091, 2574, right)>]",https://www1.hkexnews.hk/listedco/listconews/sehk/2020/0427/2020042702814.pdf
29,1164,9253540,27/04/2020 18:29,772,CHINA LIT,Annual Report 2019,"Financial Statements/ESG Information - [Annual Report / Environmental, Social and Governance Information/Report]",1MB,"[<Auditor(1113, 9253540, PricewaterhouseCoopers)>]","[<KeyAuditMatter(2622, 9253540 unnAImpairment assessment of goodwill)>, <KeyAuditMatter(2623, 9253540 Key Audit MatterHow our audit addressed the Key Audit MatterFair value measurement of financial assets at fair value through profit or loss  investments in redeemable shares of associates)>, <KeyAuditMatter(2624, 9253540 unnAFair value measurement of financial liabilities at fair value through profit or loss  contingent )>, <KeyAuditMatter(2625, 9253540 Key Audit MatterHow our audit addressed the Key Audit MatterImpairment assessment of television series and film rights and adaptation rights and scripts)>]","[<KeyAuditMatterTag(6211, 2622, assessment)>, <KeyAuditMatterTag(6212, 2622, goodwill)>, <KeyAuditMatterTag(6213, 2622, impairment)>, <KeyAuditMatterTag(6214, 2623, asset)>, <KeyAuditMatterTag(6215, 2623, associate)>, <KeyAuditMatterTag(6216, 2623, fair)>, <KeyAuditMatterTag(6217, 2623, financial asset)>, <KeyAuditMatterTag(6218, 2623, investment)>, <KeyAuditMatterTag(6219, 2623, measurement)>, <KeyAuditMatterTag(6220, 2623, value)>, <KeyAuditMatterTag(6221, 2624, fair)>, <KeyAuditMatterTag(6222, 2624, measurement)>, <KeyAuditMatterTag(6223, 2624, value)>, <KeyAuditMatterTag(6224, 2625, assessment)>, <KeyAuditMatterTag(6225, 2625, film)>, <KeyAuditMatterTag(6226, 2625, impairment)>, <KeyAuditMatterTag(6227, 2625, right)>]",https://www1.hkexnews.hk/listedco/listconews/sehk/2020/0427/2020042701968.pdf
30,1174,9253421,27/04/2020 18:07,2236,WISON ENGRG,Annual Report 2019,Financial Statements/ESG Information - [Annual Report],11MB,"[<Auditor(1123, 9253421, Ernst & Young)>]","[<KeyAuditMatter(2637, 9253421 Key audit matterHow our audit addressed the key audit matterRevenue recognition and measurement)>, <KeyAuditMatter(2638, 9253421 Key audit matterHow our audit addressed the key audit matterRecoverability of trade receivables and contract assets)>]","[<KeyAuditMatterTag(6253, 2637, measurement)>, <KeyAuditMatterTag(6254, 2637, recognition)>, <KeyAuditMatterTag(6255, 2637, revenue)>, <KeyAuditMatterTag(6256, 2638, asset)>, <KeyAuditMatterTag(6257, 2638, recoverability)>]",https://www1.hkexnews.hk/listedco/listconews/sehk/2020/0427/2020042701849.pdf
31,1231,9252545,27/04/2020 16:47,1528,RS MACALLINE,2019 Annual Report,Financial Statements/ESG Information - [Annual Report],5MB,"[<Auditor(1180, 9252545, Ernst & Young Hua Ming LLP Chinese)>]","[<KeyAuditMatter(2775, 9252545 Measurement of investment properties at fair value)>, <KeyAuditMatter(2776, 9252545 The recognition of revenue from the brand consulting and management service for the early stage of the project (Revenue for the Early Stage of the Project) and construction revenue)>, <KeyAuditMatter(2777, 9252545 Estimation of impairment allowance of accounts receivable, contract assets and other financial assets measured at amortized cost)>, <KeyAuditMatter(2778, 9252545 Estimation of impairment allowance of accounts receivable, contract assets and other financial assets measured at amortized cost (continued))>]","[<KeyAuditMatterTag(6572, 2775, fair)>, <KeyAuditMatterTag(6573, 2775, investment)>, <KeyAuditMatterTag(6574, 2775, measurement)>, <KeyAuditMatterTag(6575, 2775, properties)>, <KeyAuditMatterTag(6576, 2775, value)>, <KeyAuditMatterTag(6577, 2776, recognition)>, <KeyAuditMatterTag(6578, 2776, revenue)>, <KeyAuditMatterTag(6579, 2777, asset)>, <KeyAuditMatterTag(6580, 2777, estimation)>, <KeyAuditMatterTag(6581, 2777, financial asset)>, <KeyAuditMatterTag(6582, 2777, impairment)>, <KeyAuditMatterTag(6583, 2778, asset)>, <KeyAuditMatterTag(6584, 2778, estimation)>, <KeyAuditMatterTag(6585, 2778, financial asset)>, <KeyAuditMatterTag(6586, 2778, impairment)>]",https://www1.hkexnews.hk/listedco/listconews/sehk/2020/0427/2020042700980.pdf
32,1260,9252306,27/04/2020 16:37,2051,51 CREDIT CARD,2019 Annual Report,"Financial Statements/ESG Information - [Annual Report / Environmental, Social and Governance Information/Report]",5MB,"[<Auditor(1208, 9252306, PricewaterhouseCoopers)>]","[<KeyAuditMatter(2853, 9252306 Recognition of revenue and quality assurance fund payable (QAF payable))>, <KeyAuditMatter(2854, 9252306 Recognition of revenue and quality assurance fund payable )>, <KeyAuditMatter(2855, 9252306 Measurement of expected credit losses)>, <KeyAuditMatter(2856, 9252306 Measurement of expected credit losses )>, <KeyAuditMatter(2857, 9252306 Impairment assessments of goodwill and payment license)>, <KeyAuditMatter(2858, 9252306 Impairment assessments of goodwill and payment license )>]","[<KeyAuditMatterTag(6757, 2853, recognition)>, <KeyAuditMatterTag(6758, 2853, revenue)>, <KeyAuditMatterTag(6759, 2854, recognition)>, <KeyAuditMatterTag(6760, 2854, revenue)>, <KeyAuditMatterTag(6761, 2855, expected credit loss)>, <KeyAuditMatterTag(6762, 2855, measurement)>, <KeyAuditMatterTag(6763, 2856, expected credit loss)>, <KeyAuditMatterTag(6764, 2856, measurement)>, <KeyAuditMatterTag(6765, 2857, assessment)>, <KeyAuditMatterTag(6766, 2857, goodwill)>, <KeyAuditMatterTag(6767, 2857, impairment)>, <KeyAuditMatterTag(6768, 2858, assessment)>, <KeyAuditMatterTag(6769, 2858, goodwill)>, <KeyAuditMatterTag(6770, 2858, impairment)>]",https://www1.hkexnews.hk/listedco/listconews/sehk/2020/0427/2020042700741.pdf
33,1266,9252272,27/04/2020 16:35,3898,CRRC TIMES ELEC,2019 Annual Report,Financial Statements/ESG Information - [Annual Report],3MB,"[<Auditor(1214, 9252272, Deloitte Touche Tohmatsu Certified  Chinese)>]","[<KeyAuditMatter(2865, 9252272 (I) Measurement of Expected Credit Losses of Trade Receivables and Contract AssetsDescription of Matter)>, <KeyAuditMatter(2866, 9252272 (II) Impairment of GoodwillDescription of Matter)>, <KeyAuditMatter(2867, 9252272 (II) Impairment of GoodwillAudit Responses)>]","[<KeyAuditMatterTag(6785, 2865, asset)>, <KeyAuditMatterTag(6786, 2865, expected credit loss)>, <KeyAuditMatterTag(6787, 2865, measurement)>, <KeyAuditMatterTag(6788, 2866, goodwill)>, <KeyAuditMatterTag(6789, 2866, impairment)>, <KeyAuditMatterTag(6790, 2867, goodwill)>, <KeyAuditMatterTag(6791, 2867, impairment)>]",https://www1.hkexnews.hk/listedco/listconews/sehk/2020/0427/2020042700707.pdf
34,1268,9252258,27/04/2020 16:34,658,C TRANSMISSION,2019 ANNUAL REPORT,Financial Statements/ESG Information - [Annual Report],2MB,"[<Auditor(1216, 9252258, Baker Tilly Hong Kong Limited)>]","[<KeyAuditMatter(2868, 9252258 Fair value measurement of financial instruments with significant inputs not based on observable market data (level 3))>, <KeyAuditMatter(2869, 9252258 Fair value measurement of financial instruments with significant inputs not based on observable market data (level 3) (continued))>, <KeyAuditMatter(2870, 9252258 Recoverability of trade receivables)>]","[<KeyAuditMatterTag(6792, 2868, fair)>, <KeyAuditMatterTag(6793, 2868, measurement)>, <KeyAuditMatterTag(6794, 2868, value)>, <KeyAuditMatterTag(6795, 2869, fair)>, <KeyAuditMatterTag(6796, 2869, measurement)>, <KeyAuditMatterTag(6797, 2869, value)>, <KeyAuditMatterTag(6798, 2870, recoverability)>]",https://www1.hkexnews.hk/listedco/listconews/sehk/2020/0427/2020042700693.pdf
35,1277,9252190,27/04/2020 16:31,1980,TIANGE,ANNUAL REPORT 2019,"Financial Statements/ESG Information - [Annual Report / Environmental, Social and Governance Information/Report]",2MB,"[<Auditor(1225, 9252190, PricewaterhouseCoopers)>]","[<KeyAuditMatter(2903, 9252190 Impairment assessments of goodwill)>, <KeyAuditMatter(2904, 9252190 Fair value measurement of investments in unlisted equity investments and venture capital funds recorded as financial assets at fair value through profit or loss)>]","[<KeyAuditMatterTag(6859, 2903, assessment)>, <KeyAuditMatterTag(6860, 2903, goodwill)>, <KeyAuditMatterTag(6861, 2903, impairment)>, <KeyAuditMatterTag(6862, 2904, asset)>, <KeyAuditMatterTag(6863, 2904, fair)>, <KeyAuditMatterTag(6864, 2904, financial asset)>, <KeyAuditMatterTag(6865, 2904, investment)>, <KeyAuditMatterTag(6866, 2904, measurement)>, <KeyAuditMatterTag(6867, 2904, value)>]",https://www1.hkexnews.hk/listedco/listconews/sehk/2020/0427/2020042700625.pdf
36,1286,9252160,27/04/2020 16:30,1983,LUZHOU BANK,ANNUAL REPORT 2019,Financial Statements/ESG Information - [Annual Report],2MB,"[<Auditor(1234, 9252160, PricewaterhouseCoopers)>]","[<KeyAuditMatter(2918, 9252160 Measurement of expected credit losses for customer loans, credit related financial assets and financial investments measured at amortised cost)>, <KeyAuditMatter(2919, 9252160 Measurement of expected credit losses for customer loans, credit related financial assets and financial investments measured at amortised cost )>, <KeyAuditMatter(2920, 9252160 Measurement of expected credit losses for customer loans, credit related financial assets and financial investments measured at amortised cost )>]","[<KeyAuditMatterTag(6895, 2918, asset)>, <KeyAuditMatterTag(6896, 2918, expected credit loss)>, <KeyAuditMatterTag(6897, 2918, financial asset)>, <KeyAuditMatterTag(6898, 2918, investment)>, <KeyAuditMatterTag(6899, 2918, measurement)>, <KeyAuditMatterTag(6900, 2919, asset)>, <KeyAuditMatterTag(6901, 2919, expected credit loss)>, <KeyAuditMatterTag(6902, 2919, financial asset)>, <KeyAuditMatterTag(6903, 2919, investment)>, <KeyAuditMatterTag(6904, 2919, measurement)>, <KeyAuditMatterTag(6905, 2920, asset)>, <KeyAuditMatterTag(6906, 2920, expected credit loss)>, <KeyAuditMatterTag(6907, 2920, financial asset)>, <KeyAuditMatterTag(6908, 2920, investment)>, <KeyAuditMatterTag(6909, 2920, measurement)>]",https://www1.hkexnews.hk/listedco/listconews/sehk/2020/0427/2020042700595.pdf
37,1341,9250319,24/04/2020 18:00,9969,INNOCARE-B,ANNUAL REPORT 2019,Financial Statements/ESG Information - [Annual Report],3MB,"[<Auditor(1288, 9250319, Ernst & Young)>]","[<KeyAuditMatter(3030, 9250319 Fair value measurement of financial liabilities at fair value through profit or loss)>]","[<KeyAuditMatterTag(7156, 3030, fair)>, <KeyAuditMatterTag(7157, 3030, measurement)>, <KeyAuditMatterTag(7158, 3030, value)>]",https://www1.hkexnews.hk/listedco/listconews/sehk/2020/0424/2020042401743.pdf
38,1373,9249806,24/04/2020 17:07,3396,LEGENDHOLDING,2019 Annual Report,Financial Statements/ESG Information - [Annual Report],5MB,"[<Auditor(1318, 9249806, PricewaterhouseCoopers)>]","[<KeyAuditMatter(3119, 9249806 Impairment assessment of goodwill and other intangible assets with indefinite useful lives)>, <KeyAuditMatter(3120, 9249806 Impairment assessment of goodwill and other intangible assets with indefinite useful lives (Continued))>, <KeyAuditMatter(3121, 9249806 Classification of investments)>, <KeyAuditMatter(3122, 9249806 Fair value measurement using of level 3 inputs for financial assets and financial liabilities)>, <KeyAuditMatter(3123, 9249806 Recognition of deferred income tax assets)>, <KeyAuditMatter(3124, 9249806 Measurement of expected credit loss of loans to customers of subsidiaries engaged in banking business)>, <KeyAuditMatter(3125, 9249806 Measurement of expected credit loss of loans to customers of subsidiaries engaged in banking business (Continued))>]","[<KeyAuditMatterTag(7355, 3119, assessment)>, <KeyAuditMatterTag(7356, 3119, asset)>, <KeyAuditMatterTag(7357, 3119, goodwill)>, <KeyAuditMatterTag(7358, 3119, impairment)>, <KeyAuditMatterTag(7359, 3120, assessment)>, <KeyAuditMatterTag(7360, 3120, asset)>, <KeyAuditMatterTag(7361, 3120, goodwill)>, <KeyAuditMatterTag(7362, 3120, impairment)>, <KeyAuditMatterTag(7363, 3121, investment)>, <KeyAuditMatterTag(7364, 3122, asset)>, <KeyAuditMatterTag(7365, 3122, fair)>, <KeyAuditMatterTag(7366, 3122, financial asset)>, <KeyAuditMatterTag(7367, 3122, measurement)>, <KeyAuditMatterTag(7368, 3122, value)>, <KeyAuditMatterTag(7369, 3123, asset)>, <KeyAuditMatterTag(7370, 3123, deferred)>, <KeyAuditMatterTag(7371, 3123, income)>, <KeyAuditMatterTag(7372, 3123, recognition)>, <KeyAuditMatterTag(7373, 3123, tax)>, <KeyAuditMatterTag(7374, 3124, expected credit loss)>, <KeyAuditMatterTag(7375, 3124, measurement)>, <KeyAuditMatterTag(7376, 3125, expected credit loss)>, <KeyAuditMatterTag(7377, 3125, measurement)>]",https://www1.hkexnews.hk/listedco/listconews/sehk/2020/0424/2020042401236.pdf
39,1383,9249628,24/04/2020 16:53,913,UNITY INV HOLD,Annual Report 2019,"Financial Statements/ESG Information - [Annual Report / Environmental, Social and Governance Information/Report]",1MB,"[<Auditor(1327, 9249628, Elite Partners CPA Limited)>]","[<KeyAuditMatter(3143, 9249628 i) i) Fair value measurement of equity investment at fair value through profit or lossKey audit matter)>, <KeyAuditMatter(3144, 9249628 KEY AUDIT MATTERS i) i) Fair value measurement of equity investment at fair value through profit or loss Key audit matter )>, <KeyAuditMatter(3145, 9249628 Valuer)>]","[<KeyAuditMatterTag(7424, 3143, fair)>, <KeyAuditMatterTag(7425, 3143, investment)>, <KeyAuditMatterTag(7426, 3143, measurement)>, <KeyAuditMatterTag(7427, 3143, value)>, <KeyAuditMatterTag(7428, 3144, fair)>, <KeyAuditMatterTag(7429, 3144, investment)>, <KeyAuditMatterTag(7430, 3144, measurement)>, <KeyAuditMatterTag(7431, 3144, value)>, <KeyAuditMatterTag(7432, 3145, value)>]",https://www1.hkexnews.hk/listedco/listconews/sehk/2020/0424/2020042401064.pdf
40,1438,9248913,24/04/2020 08:08,665,HAITONG INT'L,ANNUAL REPORT 2019,Financial Statements/ESG Information - [Annual Report],5MB,"[<Auditor(1381, 9248913, Deloitte Touche Tohmatsu)>]","[<KeyAuditMatter(3244, 9248913 Evaluation of HKFRS 9 Financial Instruments (HKFRS 9) on the application of Expected Credit Loss (ECL) Model on advances to customers in margin financing, advances to customers for merger and acquisition activities, asset-backed financing to customers (collectively referred to as the Advances to Customers) and investment securities at amortised cost (Debt Investment Securities))>, <KeyAuditMatter(3245, 9248913 of	the	ECL	Model	upon	the	adoption	of	HKFRS	9,	as	of	the	ECL	Model	upon	the	adoption	of	HKFRS	9,	and	estimation	by	management	to	determine	the	ECL	)>, <KeyAuditMatter(3246, 9248913 statements,	the	ECL	measurement	involves	significant	application	of	ECL	model	under	HKFRS	9,	)>, <KeyAuditMatter(3247, 9248913 appropriate	models	and	key	inputs	used	in	the	ECL	key	inputs	into	the	model;loss	given	default	(LGD),	and	(ii)	the	selection	and		Understanding	the	key	controls	over	ongoing	information	without	undue	cost	or	effort	in	the	ECL	)>, <KeyAuditMatter(3248, 9248913 lifetime	ECL	rather	than	12-month	ECL.	In	assessing	Securities;)>, <KeyAuditMatter(3249, 9248913 and	appropriateness	of	the	ECL	models	and	)>, <KeyAuditMatter(3250, 9248913 the	key	inputs,	including	PD	and	LGD,	in	the	ECL	model	to	determine	the	impairment	)>, <KeyAuditMatter(3251, 9248913 Investment	Securities	in	stage	1	or	2;	and)>, <KeyAuditMatter(3252, 9248913 	Testing	the	accuracy	and	completeness	of	key	data	sources	applied	in	the	ECL	)>, <KeyAuditMatter(3253, 9248913 Impairment of advances to customers in Stage3)>, <KeyAuditMatter(3254, 9248913 ECL	model	on	Advances	to	Customers	and	Debt	uncertainty	in	determining	the	ECL	amount.)>, <KeyAuditMatter(3255, 9248913 	For	impairment	of	the	Margin	Loan,	our	)>, <KeyAuditMatter(3256, 9248913 An	ECL	of	HK$811	million,	HK$39	million	and	HK$11	)>, <KeyAuditMatter(3257, 9248913 In	assessing	the	lifetime	ECL	on	individual	credit-)>, <KeyAuditMatter(3258, 9248913 Valuation of Level 3 financial instruments)>, <KeyAuditMatter(3259, 9248913 Our	procedures	in	relation	to	the	valuation	of	Level	We	identified	the	valuation	of	Level	3	financial	)>, <KeyAuditMatter(3260, 9248913 	Understanding	the	Groups	valuation	models	and	the	subjectivity	in	determination	of	Level	3	fair	value	for	Level	3	financial	instruments	and	the	key	)>, <KeyAuditMatter(3261, 9248913 	Discussing	with	management,	together	with	at	FVTPL,	asset	acquired	for	financial	products	issued	)>, <KeyAuditMatter(3262, 9248913 necessary,	on	the	valuation	of	the	Level	3	Level	3,	amounted	to	HK$339	million,	HK$2,317	million,	)>]","[<KeyAuditMatterTag(7663, 3244, acquisition)>, <KeyAuditMatterTag(7664, 3244, asset)>, <KeyAuditMatterTag(7665, 3244, ecl)>, <KeyAuditMatterTag(7666, 3244, expected credit loss)>, <KeyAuditMatterTag(7667, 3244, investment)>, <KeyAuditMatterTag(7668, 3244, valuation)>, <KeyAuditMatterTag(7669, 3245, ecl)>, <KeyAuditMatterTag(7670, 3245, estimation)>, <KeyAuditMatterTag(7671, 3246, ecl)>, <KeyAuditMatterTag(7672, 3246, measurement)>, <KeyAuditMatterTag(7673, 3247, ecl)>, <KeyAuditMatterTag(7674, 3248, ecl)>, <KeyAuditMatterTag(7675, 3249, ecl)>, <KeyAuditMatterTag(7676, 3250, ecl)>, <KeyAuditMatterTag(7677, 3250, impairment)>, <KeyAuditMatterTag(7678, 3251, investment)>, <KeyAuditMatterTag(7679, 3252, ecl)>, <KeyAuditMatterTag(7680, 3253, impairment)>, <KeyAuditMatterTag(7681, 3254, ecl)>, <KeyAuditMatterTag(7682, 3254, mining)>, <KeyAuditMatterTag(7683, 3255, impairment)>, <KeyAuditMatterTag(7684, 3256, ecl)>, <KeyAuditMatterTag(7685, 3257, ecl)>, <KeyAuditMatterTag(7686, 3258, valuation)>, <KeyAuditMatterTag(7687, 3259, valuation)>, <KeyAuditMatterTag(7688, 3260, fair)>, <KeyAuditMatterTag(7689, 3260, valuation)>, <KeyAuditMatterTag(7690, 3260, value)>, <KeyAuditMatterTag(7691, 3261, asset)>, <KeyAuditMatterTag(7692, 3262, valuation)>]",https://www1.hkexnews.hk/listedco/listconews/sehk/2020/0424/2020042400361.pdf
41,1463,9248142,23/04/2020 19:24,2312,CH FIN LEASING,ANNUAL REPORT 2019,Financial Statements/ESG Information - [Annual Report],3MB,"[<Auditor(1404, 9248142, RSM Hong Kong)>]","[<KeyAuditMatter(3318, 9248142 Fair value measurement of unlisted equity  investments)>]","[<KeyAuditMatterTag(7819, 3318, fair)>, <KeyAuditMatterTag(7820, 3318, investment)>, <KeyAuditMatterTag(7821, 3318, measurement)>, <KeyAuditMatterTag(7822, 3318, value)>]",https://www1.hkexnews.hk/listedco/listconews/sehk/2020/0423/2020042301949.pdf
42,1538,9246885,23/04/2020 16:46,981,SMIC,2019 Annual Report,Financial Statements/ESG Information - [Annual Report],6MB,"[<Auditor(1476, 9246885, PricewaterhouseCoopers)>]","[<KeyAuditMatter(3488, 9246885 Fair value measurement of joint ventures and Our procedures in relation to the fair value measurement associates portfolio investmentsof joint ventures and associates portfolio investments include:)>]","[<KeyAuditMatterTag(8195, 3488, associate)>, <KeyAuditMatterTag(8196, 3488, fair)>, <KeyAuditMatterTag(8197, 3488, investment)>, <KeyAuditMatterTag(8198, 3488, joint ventures)>, <KeyAuditMatterTag(8199, 3488, measurement)>, <KeyAuditMatterTag(8200, 3488, value)>]",https://www1.hkexnews.hk/listedco/listconews/sehk/2020/0423/2020042300692.pdf
43,1566,9246661,23/04/2020 16:33,3958,DFZQ,2019 Annual Report,Financial Statements/ESG Information - [Annual Report],3MB,"[<Auditor(1503, 9246661, Deloitte Touche Tohmatsu)>]","[<KeyAuditMatter(3540, 9246661 Measurement of expected credit loss (ECL) of advances to customers and financial assets held under resale agreements)>]","[<KeyAuditMatterTag(8316, 3540, asset)>, <KeyAuditMatterTag(8317, 3540, ecl)>, <KeyAuditMatterTag(8318, 3540, expected credit loss)>, <KeyAuditMatterTag(8319, 3540, financial asset)>, <KeyAuditMatterTag(8320, 3540, measurement)>]",https://www1.hkexnews.hk/listedco/listconews/sehk/2020/0423/2020042300468.pdf
44,1569,9246651,23/04/2020 16:32,905,GLOBAL M CAP,Annual Report 2019,Financial Statements/ESG Information - [Annual Report],3MB,"[<Auditor(1505, 9246651, HLB Hodgson Impey Cheng Limited)>]","[<KeyAuditMatter(3545, 9246651 Classification and fair value measurement on financial assets)>, <KeyAuditMatter(3546, 9246651 Classification and fair value measurement on financial assets (Continued))>, <KeyAuditMatter(3547, 9246651 Classification and fair value measurement on financial assets (Continued))>]","[<KeyAuditMatterTag(8331, 3545, asset)>, <KeyAuditMatterTag(8332, 3545, fair)>, <KeyAuditMatterTag(8333, 3545, financial asset)>, <KeyAuditMatterTag(8334, 3545, measurement)>, <KeyAuditMatterTag(8335, 3545, value)>, <KeyAuditMatterTag(8336, 3546, asset)>, <KeyAuditMatterTag(8337, 3546, fair)>, <KeyAuditMatterTag(8338, 3546, financial asset)>, <KeyAuditMatterTag(8339, 3546, measurement)>, <KeyAuditMatterTag(8340, 3546, value)>, <KeyAuditMatterTag(8341, 3547, asset)>, <KeyAuditMatterTag(8342, 3547, fair)>, <KeyAuditMatterTag(8343, 3547, financial asset)>, <KeyAuditMatterTag(8344, 3547, measurement)>, <KeyAuditMatterTag(8345, 3547, value)>]",https://www1.hkexnews.hk/listedco/listconews/sehk/2020/0423/2020042300458.pdf
45,1585,9246182,23/04/2020 06:53,01658<br/>04612,PSBC<br/>PSBC 17USDPREF,2019 Annual Report,Financial Statements/ESG Information - [Annual Report],5MB,"[<Auditor(1521, 9246182, PricewaterhouseCoopers)>]","[<KeyAuditMatter(3572, 9246182 Measurement of expected credit losses for loans and advances to customers and other debt instruments measured at amortized cost)>, <KeyAuditMatter(3573, 9246182 Measurement of expected credit losses for loans and advances to customers and other debt instruments measured at amortized cost (continued))>, <KeyAuditMatter(3574, 9246182 Measurement of expected credit losses for loans and advances to customers and other debt instruments measured at amortized cost (continued))>]","[<KeyAuditMatterTag(8406, 3572, expected credit loss)>, <KeyAuditMatterTag(8407, 3572, measurement)>, <KeyAuditMatterTag(8408, 3573, expected credit loss)>, <KeyAuditMatterTag(8409, 3573, measurement)>, <KeyAuditMatterTag(8410, 3574, expected credit loss)>, <KeyAuditMatterTag(8411, 3574, measurement)>]",https://www1.hkexnews.hk/listedco/listconews/sehk/2020/0423/2020042300081.pdf
46,1595,9245773,22/04/2020 19:45,1357,MEITU,Annual Report 2019,"Financial Statements/ESG Information - [Annual Report / Environmental, Social and Governance Information/Report]",5MB,"[<Auditor(1531, 9245773, PricewaterhouseCoopers)>]","[<KeyAuditMatter(3594, 9245773 Fair value measurement of financial assets  at fair value through profit or loss)>, <KeyAuditMatter(3595, 9245773 Fair value measurement of financial assets  at fair value through profit or loss)>, <KeyAuditMatter(3596, 9245773 Impairment assessments of goodwill)>]","[<KeyAuditMatterTag(8453, 3594, asset)>, <KeyAuditMatterTag(8454, 3594, fair)>, <KeyAuditMatterTag(8455, 3594, financial asset)>, <KeyAuditMatterTag(8456, 3594, measurement)>, <KeyAuditMatterTag(8457, 3594, value)>, <KeyAuditMatterTag(8458, 3595, asset)>, <KeyAuditMatterTag(8459, 3595, fair)>, <KeyAuditMatterTag(8460, 3595, financial asset)>, <KeyAuditMatterTag(8461, 3595, measurement)>, <KeyAuditMatterTag(8462, 3595, value)>, <KeyAuditMatterTag(8463, 3596, assessment)>, <KeyAuditMatterTag(8464, 3596, goodwill)>, <KeyAuditMatterTag(8465, 3596, impairment)>]",https://www1.hkexnews.hk/listedco/listconews/sehk/2020/0422/2020042201485.pdf
47,1621,9245189,22/04/2020 17:15,127,CHINESE EST H,2019 Annual Report,Financial Statements/ESG Information - [Annual Report],10MB,"[<Auditor(1554, 9245189, HLB Hodgson Impey Cheng Limited)>]","[<KeyAuditMatter(3641, 9245189 Valuation of investment properties)>, <KeyAuditMatter(3642, 9245189 Classification and fair value measurement on financial assets)>, <KeyAuditMatter(3643, 9245189 Classification and fair value measurement on financial assets )>, <KeyAuditMatter(3644, 9245189 Classification and fair value measurement on financial assets )>, <KeyAuditMatter(3645, 9245189 Impairment assessment on goodwill)>]","[<KeyAuditMatterTag(8554, 3641, investment)>, <KeyAuditMatterTag(8555, 3641, properties)>, <KeyAuditMatterTag(8556, 3641, valuation)>, <KeyAuditMatterTag(8557, 3642, asset)>, <KeyAuditMatterTag(8558, 3642, fair)>, <KeyAuditMatterTag(8559, 3642, financial asset)>, <KeyAuditMatterTag(8560, 3642, measurement)>, <KeyAuditMatterTag(8561, 3642, value)>, <KeyAuditMatterTag(8562, 3643, asset)>, <KeyAuditMatterTag(8563, 3643, fair)>, <KeyAuditMatterTag(8564, 3643, financial asset)>, <KeyAuditMatterTag(8565, 3643, measurement)>, <KeyAuditMatterTag(8566, 3643, value)>, <KeyAuditMatterTag(8567, 3644, asset)>, <KeyAuditMatterTag(8568, 3644, fair)>, <KeyAuditMatterTag(8569, 3644, financial asset)>, <KeyAuditMatterTag(8570, 3644, measurement)>, <KeyAuditMatterTag(8571, 3644, value)>, <KeyAuditMatterTag(8572, 3645, assessment)>, <KeyAuditMatterTag(8573, 3645, goodwill)>, <KeyAuditMatterTag(8574, 3645, impairment)>]",https://www1.hkexnews.hk/listedco/listconews/sehk/2020/0422/2020042200913.pdf
48,1644,9244917,22/04/2020 16:45,1835,REALWAY CAPITAL,ANNUAL REPORT 2019,"Financial Statements/ESG Information - [Annual Report / Environmental, Social and Governance Information/Report]",6MB,"[<Auditor(1577, 9244917, Ernst & Young)>]","[<KeyAuditMatter(3683, 9244917 To the shareholders of Shanghai Realway Capital Assets Management Co., Ltd.(Established in the Peoples Republic of China with limited liability))>, <KeyAuditMatter(3684, 9244917 OPINIONWe have audited the consolidated financial statements of Shanghai Realway Capital Assets Management Co., Ltd. (the Company) set out on pages 74 to 132, which comprise the consolidated statement of financial position as at Group)>, <KeyAuditMatter(3685, 9244917 Valuation of investments classified as level 3 in the fair value hierarchy)>, <KeyAuditMatter(3686, 9244917 Impairment assessment on trade receivables)>, <KeyAuditMatter(3687, 9244917 ECLreceivables. The measurement of ECL involves significant judgement and assumptions used in the ECL approach as the )>, <KeyAuditMatter(3688, 9244917 ECL approach and checked the mathematical accuracy of the in note 2.4, note 3 and note 18 to the consolidated financial )>]","[<KeyAuditMatterTag(8675, 3683, asset)>, <KeyAuditMatterTag(8676, 3684, asset)>, <KeyAuditMatterTag(8677, 3685, fair)>, <KeyAuditMatterTag(8678, 3685, investment)>, <KeyAuditMatterTag(8679, 3685, valuation)>, <KeyAuditMatterTag(8680, 3685, value)>, <KeyAuditMatterTag(8681, 3686, assessment)>, <KeyAuditMatterTag(8682, 3686, impairment)>, <KeyAuditMatterTag(8683, 3687, ecl)>, <KeyAuditMatterTag(8684, 3687, measurement)>, <KeyAuditMatterTag(8685, 3688, ecl)>]",https://www1.hkexnews.hk/listedco/listconews/sehk/2020/0422/2020042200650.pdf
49,1647,9244844,22/04/2020 16:39,357,MEILAN AIRPORT,Annual Report 2019,"Financial Statements/ESG Information - [Annual Report / Environmental, Social and Governance Information/Report]",10MB,[],"[<KeyAuditMatter(3696, 9244844   The measurement of capitalised costs and expenses related to major construction in progress  Phase II Expansion Project)>]","[<KeyAuditMatterTag(8702, 3696, measurement)>]",https://www1.hkexnews.hk/listedco/listconews/sehk/2020/0422/2020042200577.pdf
50,1655,9244770,22/04/2020 16:34,302,CMGE,2019 ANNUAL REPORT,"Financial Statements/ESG Information - [Annual Report / Environmental, Social and Governance Information/Report]",3MB,"[<Auditor(1587, 9244770, Ernst & Young)>]","[<KeyAuditMatter(3710, 9244770 Impairment of goodwill)>, <KeyAuditMatter(3711, 9244770 Impairment of trade receivables)>, <KeyAuditMatter(3712, 9244770 Fair value measurement of financial instruments)>]","[<KeyAuditMatterTag(8733, 3710, goodwill)>, <KeyAuditMatterTag(8734, 3710, impairment)>, <KeyAuditMatterTag(8735, 3711, impairment)>, <KeyAuditMatterTag(8736, 3712, fair)>, <KeyAuditMatterTag(8737, 3712, measurement)>, <KeyAuditMatterTag(8738, 3712, value)>]",https://www1.hkexnews.hk/listedco/listconews/sehk/2020/0422/2020042200503.pdf
51,1664,9244738,22/04/2020 16:30,02016<br/>04610,CZBANK<br/>CZB 17USDPREF,2019 Annual Report,Financial Statements/ESG Information - [Annual Report],7MB,"[<Auditor(1596, 9244738, PricewaterhouseCoopers)>]","[<KeyAuditMatter(3730, 9244738 Key Audit MatterHow our audit addressed the Key Audit Matter(i) Measurement of expected credit losses for loans and advances to customers, financial assets measured at amortized cost in financial investments and loan commitments and financial 169guarantees)>, <KeyAuditMatter(3731, 9244738 Key Audit MatterHow our audit addressed the Key Audit Matter(i) Measurement of expected credit losses for loans and advances to customers, financial assets measured at amortized cost in financial investments and loan commitments and financial guarantees (continued))>, <KeyAuditMatter(3732, 9244738 Key Audit MatterHow our audit addressed the Key Audit Matter(i) Measurement of expected credit losses for loans and advances to customers, financial assets measured at amortized cost in financial investments and loan commitments and financial guarantees (continued))>, <KeyAuditMatter(3733, 9244738 Key Audit MatterHow our audit addressed the Key Audit Matter(ii) Consolidation assessment and disclosure of structured entities)>]","[<KeyAuditMatterTag(8779, 3730, asset)>, <KeyAuditMatterTag(8780, 3730, expected credit loss)>, <KeyAuditMatterTag(8781, 3730, financial asset)>, <KeyAuditMatterTag(8782, 3730, investment)>, <KeyAuditMatterTag(8783, 3730, measurement)>, <KeyAuditMatterTag(8784, 3731, asset)>, <KeyAuditMatterTag(8785, 3731, expected credit loss)>, <KeyAuditMatterTag(8786, 3731, financial asset)>, <KeyAuditMatterTag(8787, 3731, investment)>, <KeyAuditMatterTag(8788, 3731, measurement)>, <KeyAuditMatterTag(8789, 3732, asset)>, <KeyAuditMatterTag(8790, 3732, expected credit loss)>, <KeyAuditMatterTag(8791, 3732, financial asset)>, <KeyAuditMatterTag(8792, 3732, investment)>, <KeyAuditMatterTag(8793, 3732, measurement)>, <KeyAuditMatterTag(8794, 3733, assessment)>]",https://www1.hkexnews.hk/listedco/listconews/sehk/2020/0422/2020042200471.pdf
52,1681,9243881,21/04/2020 20:10,9966,ALPHAMAB-B,2019 Annual Report,Financial Statements/ESG Information - [Annual Report],2MB,"[<Auditor(1613, 9243881, Deloitte Touche Tohmatsu)>]","[<KeyAuditMatter(3761, 9243881 Recognition and measurement of outsourcing service fees)>]","[<KeyAuditMatterTag(8870, 3761, measurement)>, <KeyAuditMatterTag(8871, 3761, recognition)>]",https://www1.hkexnews.hk/listedco/listconews/sehk/2020/0421/2020042101210.pdf
53,1687,9243663,21/04/2020 18:17,267,CITIC,Annual Report 2019,"Financial Statements/ESG Information - [Annual Report / Environmental, Social and Governance Information/Report]",8MB,"[<Auditor(1619, 9243663, PricewaterhouseCoopers)>]","[<KeyAuditMatter(3774, 9243663 Measurement of expected credit losses for loans and advances to customers and other parties and investments in financial assets of CITIC Bank)>, <KeyAuditMatter(3775, 9243663 Measurement of expected credit losses for loans and advances to customers and other parties and investments in financial assets of CITIC Bank (Continued))>, <KeyAuditMatter(3776, 9243663 De-recognition of financial assets of CITIC Bank)>, <KeyAuditMatter(3777, 9243663 Impairment of the Sino Iron Project)>]","[<KeyAuditMatterTag(8901, 3774, asset)>, <KeyAuditMatterTag(8902, 3774, expected credit loss)>, <KeyAuditMatterTag(8903, 3774, financial asset)>, <KeyAuditMatterTag(8904, 3774, investment)>, <KeyAuditMatterTag(8905, 3774, measurement)>, <KeyAuditMatterTag(8906, 3775, asset)>, <KeyAuditMatterTag(8907, 3775, expected credit loss)>, <KeyAuditMatterTag(8908, 3775, financial asset)>, <KeyAuditMatterTag(8909, 3775, investment)>, <KeyAuditMatterTag(8910, 3775, measurement)>, <KeyAuditMatterTag(8911, 3776, asset)>, <KeyAuditMatterTag(8912, 3776, financial asset)>, <KeyAuditMatterTag(8913, 3776, recognition)>, <KeyAuditMatterTag(8914, 3777, impairment)>]",https://www1.hkexnews.hk/listedco/listconews/sehk/2020/0421/2020042100994.pdf
54,1688,9243617,21/04/2020 18:06,1290,CHINA HUIRONG,ANNUAL REPORT 2019,Financial Statements/ESG Information - [Annual Report],14MB,"[<Auditor(1620, 9243617, PricewaterhouseCoopers)>]","[<KeyAuditMatter(3778, 9243617 Measurement of Expected Credit Loss (ECL) for loans to customers)>]","[<KeyAuditMatterTag(8915, 3778, ecl)>, <KeyAuditMatterTag(8916, 3778, expected credit loss)>, <KeyAuditMatterTag(8917, 3778, measurement)>]",https://www1.hkexnews.hk/listedco/listconews/sehk/2020/0421/2020042100948.pdf
55,1699,9243371,21/04/2020 17:15,538,AJISEN (CHINA),Annual Report 2019,"Financial Statements/ESG Information - [Annual Report / Environmental, Social and Governance Information/Report]",4MB,"[<Auditor(1631, 9243371, Deloitte Touche Tohmatsu)>]","[<KeyAuditMatter(3798, 9243371 TO THE SHAREHODLERS OF AJISEN (CHINA) HOLDINGS LIMITED(incorporated in the Cayman Islands with limited liability))>, <KeyAuditMatter(3799, 9243371 Fair value measurement for financial assets at fair  value through profit or loss (FVTPL))>]","[<KeyAuditMatterTag(8994, 3798, land)>, <KeyAuditMatterTag(8995, 3799, asset)>, <KeyAuditMatterTag(8996, 3799, fair)>, <KeyAuditMatterTag(8997, 3799, financial asset)>, <KeyAuditMatterTag(8998, 3799, measurement)>, <KeyAuditMatterTag(8999, 3799, value)>]",https://www1.hkexnews.hk/listedco/listconews/sehk/2020/0421/2020042100726.pdf
56,1765,9241465,20/04/2020 17:07,288,WH GROUP,2019 ANNUAL REPORT,Financial Statements/ESG Information - [Annual Report],4MB,"[<Auditor(1697, 9241465, Ernst & Young)>]","[<KeyAuditMatter(3926, 9241465 Key audit matterHow our audit addressed the key audit matterFair value measurement of live hogs included in biological assets)>]","[<KeyAuditMatterTag(9295, 3926, asset)>, <KeyAuditMatterTag(9296, 3926, fair)>, <KeyAuditMatterTag(9297, 3926, measurement)>, <KeyAuditMatterTag(9298, 3926, value)>]",https://www1.hkexnews.hk/listedco/listconews/sehk/2020/0420/2020042000666.pdf
57,1844,9239260,17/04/2020 16:40,02359<br/>06015,WUXI APPTEC<br/>WXAT B2409,2019 ANNUAL REPORT,Financial Statements/ESG Information - [Annual Report],2MB,"[<Auditor(1775, 9239260, Deloitte Touche Tohmatsu)>]","[<KeyAuditMatter(4133, 9239260 Impairment of goodwill acquired in business combinations)>, <KeyAuditMatter(4134, 9239260 Revenue recognition for Fee-For-Service (FFS) revenue)>, <KeyAuditMatter(4135, 9239260 Revenue from Contracts with Customers)>, <KeyAuditMatter(4136, 9239260 Fair value measurement for investments with no quoted market prices in active markets)>]","[<KeyAuditMatterTag(9724, 4133, business combination)>, <KeyAuditMatterTag(9725, 4133, goodwill)>, <KeyAuditMatterTag(9726, 4133, impairment)>, <KeyAuditMatterTag(9727, 4134, recognition)>, <KeyAuditMatterTag(9728, 4134, revenue)>, <KeyAuditMatterTag(9729, 4135, contracts)>, <KeyAuditMatterTag(9730, 4135, revenue)>, <KeyAuditMatterTag(9731, 4136, fair)>, <KeyAuditMatterTag(9732, 4136, investment)>, <KeyAuditMatterTag(9733, 4136, measurement)>, <KeyAuditMatterTag(9734, 4136, price)>, <KeyAuditMatterTag(9735, 4136, value)>]",https://www1.hkexnews.hk/listedco/listconews/sehk/2020/0417/2020041700618.pdf
58,1862,9238722,17/04/2020 06:47,1065,TIANJIN CAPITAL,Annual Report 2019,Financial Statements/ESG Information - [Annual Report],2MB,"[<Auditor(1792, 9238722, PricewaterhouseCoopers)>]","[<KeyAuditMatter(4181, 9238722 Measurement of expected credit losses for trade receivables)>, <KeyAuditMatter(4182, 9238722 Measurement of expected credit losses for trade receivables (Continued))>, <KeyAuditMatter(4183, 9238722 Measurement of expected credit losses for trade receivables)>, <KeyAuditMatter(4184, 9238722 Measurement of expected credit losses for trade receivables (Continued))>]","[<KeyAuditMatterTag(9832, 4181, expected credit loss)>, <KeyAuditMatterTag(9833, 4181, measurement)>, <KeyAuditMatterTag(9834, 4182, expected credit loss)>, <KeyAuditMatterTag(9835, 4182, measurement)>, <KeyAuditMatterTag(9836, 4183, expected credit loss)>, <KeyAuditMatterTag(9837, 4183, measurement)>, <KeyAuditMatterTag(9838, 4184, expected credit loss)>, <KeyAuditMatterTag(9839, 4184, measurement)>]",https://www1.hkexnews.hk/listedco/listconews/sehk/2020/0417/2020041700069.pdf
59,1868,9238392,16/04/2020 20:45,2003,VCREDIT,Annual Report 2019,Financial Statements/ESG Information - [Annual Report],2MB,"[<Auditor(1797, 9238392, PricewaterhouseCoopers)>]","[<KeyAuditMatter(4193, 9238392 Key Audit MatterHow our audit addressed the Key Audit MatterMeasurement of fair value of loans to customers)>, <KeyAuditMatter(4194, 9238392 Key Audit MatterHow our audit addressed the Key Audit MatterMeasurement of expected credit losses)>, <KeyAuditMatter(4195, 9238392 ECL)>, <KeyAuditMatter(4196, 9238392 Consolidation assessment of, and disclosures about, structured entities)>]","[<KeyAuditMatterTag(9855, 4193, fair)>, <KeyAuditMatterTag(9856, 4193, measurement)>, <KeyAuditMatterTag(9857, 4193, value)>, <KeyAuditMatterTag(9858, 4194, expected credit loss)>, <KeyAuditMatterTag(9859, 4194, measurement)>, <KeyAuditMatterTag(9860, 4195, ecl)>, <KeyAuditMatterTag(9861, 4196, assessment)>]",https://www1.hkexnews.hk/listedco/listconews/sehk/2020/0416/2020041601441.pdf
60,1899,9237382,16/04/2020 16:46,6881,CGS,Annual Report 2019,Financial Statements/ESG Information - [Annual Report],7MB,"[<Auditor(1825, 9237382, Ernst & Young)>]","[<KeyAuditMatter(4273, 9237382 Measurement of expected credit losses (ECLs))>, <KeyAuditMatter(4274, 9237382 Valuation of financial instruments measured at Level 3 fair value)>]","[<KeyAuditMatterTag(10031, 4273, ecl)>, <KeyAuditMatterTag(10032, 4273, expected credit loss)>, <KeyAuditMatterTag(10033, 4273, measurement)>, <KeyAuditMatterTag(10034, 4274, fair)>, <KeyAuditMatterTag(10035, 4274, valuation)>, <KeyAuditMatterTag(10036, 4274, value)>]",https://www1.hkexnews.hk/listedco/listconews/sehk/2020/0416/2020041600515.pdf
61,1918,9237132,16/04/2020 16:06,2038,FIH,2019 ANNUAL REPORT,Financial Statements/ESG Information - [Annual Report],6MB,"[<Auditor(1844, 9237132, Deloitte Touche Tohmatsu)>]","[<KeyAuditMatter(4310, 9237132 TO THE SHAREHOLDERS OF FIH MOBILE LIMITED(incorporated in the Cayman Islands with limited liability))>, <KeyAuditMatter(4311, 9237132 Fair value measurement of unlisted equity investment in relation to HMD global Oy (HMD))>, <KeyAuditMatter(4312, 9237132 	Engaging	our	valuation	expert	to	evaluate	the	appropriateness	)>, <KeyAuditMatter(4313, 9237132 Allowance for inventories)>]","[<KeyAuditMatterTag(10138, 4310, land)>, <KeyAuditMatterTag(10139, 4311, fair)>, <KeyAuditMatterTag(10140, 4311, investment)>, <KeyAuditMatterTag(10141, 4311, measurement)>, <KeyAuditMatterTag(10142, 4311, value)>, <KeyAuditMatterTag(10143, 4312, valuation)>, <KeyAuditMatterTag(10144, 4313, inventories)>]",https://www1.hkexnews.hk/listedco/listconews/sehk/2020/0416/2020041600335.pdf
62,1953,9235603,15/04/2020 16:40,1806,HUIFU PAYMENT,ANNUAL REPORT 2019,"Financial Statements/ESG Information - [Annual Report / Environmental, Social and Governance Information/Report]",6MB,"[<Auditor(1877, 9235603, Ernst & Young)>]","[<KeyAuditMatter(4383, 9235603 Provision for receivable on behalf of clients)>, <KeyAuditMatter(4384, 9235603 Fair value measurement of financial assets at fair value through profit or loss)>]","[<KeyAuditMatterTag(10291, 4383, provision)>, <KeyAuditMatterTag(10292, 4384, asset)>, <KeyAuditMatterTag(10293, 4384, fair)>, <KeyAuditMatterTag(10294, 4384, financial asset)>, <KeyAuditMatterTag(10295, 4384, measurement)>, <KeyAuditMatterTag(10296, 4384, value)>]",https://www1.hkexnews.hk/listedco/listconews/sehk/2020/0415/2020041500507.pdf
63,1996,9232493,09/04/2020 20:26,1111,CHONG HING BANK,2019 Annual Report,Financial Statements/ESG Information - [Annual Report],8MB,"[<Auditor(1920, 9232493, PricewaterhouseCoopers)>]","[<KeyAuditMatter(4474, 9232493 Nature of the Key Audit MatterHow our audit addressed the Key Audit MatterMeasurement of impairment allowances of advances to customers)>]","[<KeyAuditMatterTag(10505, 4474, impairment)>, <KeyAuditMatterTag(10506, 4474, measurement)>]",https://www1.hkexnews.hk/listedco/listconews/sehk/2020/0409/2020040901235.pdf
64,2062,9228744,07/04/2020 18:16,01551<br/>04618,GRCB<br/>GRCB 19USDPREF,2019 Annual Report,Financial Statements/ESG Information - [Annual Report],2MB,"[<Auditor(1981, 9228744, PricewaterhouseCoopers)>]","[<KeyAuditMatter(4610, 9228744 Measurement of expected credit losses for loans and advances to customers and financial investments measured at amortized costs)>, <KeyAuditMatter(4611, 9228744 Measurement of expected credit losses for loans and advances to customers and financial investments measured at amortized costs)>, <KeyAuditMatter(4612, 9228744 Measurement of expected credit losses for loans and advances to customers and financial investments measured at amortized costs)>]","[<KeyAuditMatterTag(10819, 4610, expected credit loss)>, <KeyAuditMatterTag(10820, 4610, investment)>, <KeyAuditMatterTag(10821, 4610, measurement)>, <KeyAuditMatterTag(10822, 4611, expected credit loss)>, <KeyAuditMatterTag(10823, 4611, investment)>, <KeyAuditMatterTag(10824, 4611, measurement)>, <KeyAuditMatterTag(10825, 4612, expected credit loss)>, <KeyAuditMatterTag(10826, 4612, investment)>, <KeyAuditMatterTag(10827, 4612, measurement)>]",https://www1.hkexnews.hk/listedco/listconews/sehk/2020/0407/2020040700869.pdf
65,2100,9222862,02/04/2020 17:51,00700<br/>05091<br/>05092<br/>05093<br/>05094<br/>05542<br/>05873<br/>05957<br/>05960<br/>05961<br/>05962<br/>05963,TENCENT<br/>TENCENT N2301A<br/>TENCENT N2301B<br/>TENCENT N2801<br/>TENCENT N3801<br/>TENCENT N3507<br/>TENCENT N2502<br/>TENCENT N2404<br/>TENCENT N2404B<br/>TENCENT N2604<br/>TENCENT N2904<br/>TENCENT N4904,ANNUAL REPORT 2019,"Financial Statements/ESG Information - [Annual Report / Environmental, Social and Governance Information/Report]",2MB,"[<Auditor(2019, 9222862, PricewaterhouseCoopers)>]","[<KeyAuditMatter(4691, 9222862 Revenue recognition on provision of online games value-added services  estimates of the lifespans of virtual products/items)>, <KeyAuditMatter(4692, 9222862 Impairment assessments of goodwill, investments in associates and joint ventures)>, <KeyAuditMatter(4693, 9222862 Fair value measurement of financial instruments, including financial assets at fair value through profit or loss, financial assets at fair value through other comprehensive income and other financial liabilities)>]","[<KeyAuditMatterTag(11020, 4691, provision)>, <KeyAuditMatterTag(11021, 4691, recognition)>, <KeyAuditMatterTag(11022, 4691, revenue)>, <KeyAuditMatterTag(11023, 4691, value)>, <KeyAuditMatterTag(11024, 4692, assessment)>, <KeyAuditMatterTag(11025, 4692, associate)>, <KeyAuditMatterTag(11026, 4692, goodwill)>, <KeyAuditMatterTag(11027, 4692, impairment)>, <KeyAuditMatterTag(11028, 4692, investment)>, <KeyAuditMatterTag(11029, 4692, joint ventures)>, <KeyAuditMatterTag(11030, 4693, asset)>, <KeyAuditMatterTag(11031, 4693, fair)>, <KeyAuditMatterTag(11032, 4693, financial asset)>, <KeyAuditMatterTag(11033, 4693, income)>, <KeyAuditMatterTag(11034, 4693, measurement)>, <KeyAuditMatterTag(11035, 4693, value)>]",https://www1.hkexnews.hk/listedco/listconews/sehk/2020/0402/2020040201883.pdf
66,2106,9222454,02/04/2020 17:04,3618,CQRC BANK,2019 ANNUAL REPORT,Financial Statements/ESG Information - [Annual Report],2MB,"[<Auditor(2022, 9222454, PricewaterhouseCoopers)>]","[<KeyAuditMatter(4700, 9222454 Measurement of expected credit losses for loans and advances to customers)>, <KeyAuditMatter(4701, 9222454 Measurement of expected credit losses for (Coutinued)loans and advances to customers )>]","[<KeyAuditMatterTag(11052, 4700, expected credit loss)>, <KeyAuditMatterTag(11053, 4700, measurement)>, <KeyAuditMatterTag(11054, 4701, expected credit loss)>, <KeyAuditMatterTag(11055, 4701, measurement)>]",https://www1.hkexnews.hk/listedco/listconews/sehk/2020/0402/2020040201480.pdf
67,2132,9215341,31/03/2020 22:43,8095,BEIDA JADE BIRD,ANNUAL REPORT 2019,"Financial Statements/ESG Information - [Annual Report / Environmental, Social and Governance Information/Report]",3MB,"[<Auditor(2048, 9215341, BDO Limited)>]","[<KeyAuditMatter(4768, 9215341 Fair value measurement on investments in unlisted equity securities)>]","[<KeyAuditMatterTag(11188, 4768, fair)>, <KeyAuditMatterTag(11189, 4768, investment)>, <KeyAuditMatterTag(11190, 4768, measurement)>, <KeyAuditMatterTag(11191, 4768, value)>]",https://www1.hkexnews.hk/listedco/listconews/gem/2020/0331/2020033103010.pdf
68,2141,9213683,31/03/2020 17:44,9909,POWERLONG CM,2019 ANNUAL REPORT,Financial Statements/ESG Information - [Annual Report],8MB,"[<Auditor(2056, 9213683, PricewaterhouseCoopers)>]","[<KeyAuditMatter(4795, 9213683 Key Audit MatterHow our audit addressed the Key Audit MatterRecoverability of operating lease and trade receivables )>, <KeyAuditMatter(4796, 9213683 ECL)>, <KeyAuditMatter(4797, 9213683 Key Audit MatterHow our audit addressed the Key Audit MatterMeasurement of right-of-use assets and lease liabilities)>, <KeyAuditMatter(4798, 9213683 ROU assets)>]","[<KeyAuditMatterTag(11248, 4795, recoverability)>, <KeyAuditMatterTag(11249, 4796, ecl)>, <KeyAuditMatterTag(11250, 4797, asset)>, <KeyAuditMatterTag(11251, 4797, measurement)>, <KeyAuditMatterTag(11252, 4797, right)>, <KeyAuditMatterTag(11253, 4798, asset)>]",https://www1.hkexnews.hk/listedco/listconews/sehk/2020/0331/2020033101272.pdf
69,2159,9213139,31/03/2020 16:08,576,ZHEJIANGEXPRESS,2019 Annual Report,Financial Statements/ESG Information - [Annual Report],8MB,"[<Auditor(2073, 9213139, Deloitte Touche Tohmatsu)>, <Auditor(2074, 9213139, Deloitte Touche Tohmatsu Certified Public Accountants LLP)>]","[<KeyAuditMatter(4824, 9213139 Key audit matterHow our audit addressed the key audit matterMeasurement of expected credit losses (ECL) for loans to customers arising from margin financing business and financial assets held under resale agreements)>, <KeyAuditMatter(4825, 9213139 Key audit matterHow our audit addressed the key audit matterMeasurement of expected credit losses (ECL) for loans to customers arising from margin financing business and financial assets held under resale agreements)>]","[<KeyAuditMatterTag(11312, 4824, asset)>, <KeyAuditMatterTag(11313, 4824, ecl)>, <KeyAuditMatterTag(11314, 4824, expected credit loss)>, <KeyAuditMatterTag(11315, 4824, financial asset)>, <KeyAuditMatterTag(11316, 4824, measurement)>, <KeyAuditMatterTag(11317, 4825, asset)>, <KeyAuditMatterTag(11318, 4825, ecl)>, <KeyAuditMatterTag(11319, 4825, expected credit loss)>, <KeyAuditMatterTag(11320, 4825, financial asset)>, <KeyAuditMatterTag(11321, 4825, measurement)>]",https://www1.hkexnews.hk/listedco/listconews/sehk/2020/0331/2020033100779.pdf
70,2174,9211374,30/03/2020 21:31,8362,WINNING TOWER,ANNUAL REPORT 2019,"Financial Statements/ESG Information - [Annual Report / Environmental, Social and Governance Information/Report]",3MB,"[<Auditor(2088, 9211374, Ernst & Young)>]","[<KeyAuditMatter(4861, 9211374 To the shareholders of Winning Tower Group Holdings Limited(Incorporated in the Cayman Islands with limited liability))>, <KeyAuditMatter(4862, 9211374 Key audit matterHow our audit addressed the key audit matterFair value measurement of leasehold land and buildings)>, <KeyAuditMatter(4863, 9211374 Impairment assessment of goodwill, property, plant and equipment and right-of-use assets)>]","[<KeyAuditMatterTag(11400, 4861, land)>, <KeyAuditMatterTag(11401, 4862, fair)>, <KeyAuditMatterTag(11402, 4862, land)>, <KeyAuditMatterTag(11403, 4862, measurement)>, <KeyAuditMatterTag(11404, 4862, value)>, <KeyAuditMatterTag(11405, 4863, assessment)>, <KeyAuditMatterTag(11406, 4863, asset)>, <KeyAuditMatterTag(11407, 4863, goodwill)>, <KeyAuditMatterTag(11408, 4863, impairment)>, <KeyAuditMatterTag(11409, 4863, plant and equipment)>, <KeyAuditMatterTag(11410, 4863, property)>, <KeyAuditMatterTag(11411, 4863, right)>]",https://www1.hkexnews.hk/listedco/listconews/gem/2020/0330/2020033002181.pdf
71,2203,9210127,30/03/2020 17:07,2688,ENN ENERGY,Annual Report 2019,Financial Statements/ESG Information - [Annual Report],8MB,"[<Auditor(2116, 9210127, Deloitte Touche Tohmatsu)>]","[<KeyAuditMatter(4917, 9210127 TO THE SHAREHOLDERS OF ENN ENERGY HOLDINGS LIMITED(incorporated in the Cayman Islands with limited liability))>, <KeyAuditMatter(4918, 9210127 Key audit matterHow our audit addressed the key audit matterImpairment assessment of goodwill allocated to integrated energy business)>, <KeyAuditMatter(4919, 9210127 Key audit matterHow our audit addressed the key audit matterFair value measurement of commodity derivative contracts)>]","[<KeyAuditMatterTag(11509, 4917, land)>, <KeyAuditMatterTag(11510, 4918, assessment)>, <KeyAuditMatterTag(11511, 4918, goodwill)>, <KeyAuditMatterTag(11512, 4918, impairment)>, <KeyAuditMatterTag(11513, 4919, contracts)>, <KeyAuditMatterTag(11514, 4919, fair)>, <KeyAuditMatterTag(11515, 4919, measurement)>, <KeyAuditMatterTag(11516, 4919, value)>]",https://www1.hkexnews.hk/listedco/listconews/sehk/2020/0330/2020033000712.pdf
72,2361,9136517,23/01/2020 06:05,860,WE SOLUTIONS,Annual Report 2019,"Financial Statements/ESG Information - [Annual Report / Environmental, Social and Governance Information/Report]",4MB,"[<Auditor(2265, 9136517, Ernst & Young)>]","[<KeyAuditMatter(5240, 9136517 To the shareholders of WE Solutions Limited(Incorporated in the Cayman Islands with limited liability))>, <KeyAuditMatter(5241, 9136517 Impairment assessment of goodwill and other intangible asset with indefinite useful life)>, <KeyAuditMatter(5242, 9136517 Valuation of financial assets at fair value through profit or loss)>, <KeyAuditMatter(5243, 9136517 Impairment assessment of loans receivable)>, <KeyAuditMatter(5244, 9136517 Financial Instruments: Recognition and Measurement)>, <KeyAuditMatter(5245, 9136517 Assessment of net realisable value of inventories)>]","[<KeyAuditMatterTag(12160, 5240, land)>, <KeyAuditMatterTag(12161, 5241, assessment)>, <KeyAuditMatterTag(12162, 5241, asset)>, <KeyAuditMatterTag(12163, 5241, goodwill)>, <KeyAuditMatterTag(12164, 5241, impairment)>, <KeyAuditMatterTag(12165, 5242, asset)>, <KeyAuditMatterTag(12166, 5242, fair)>, <KeyAuditMatterTag(12167, 5242, financial asset)>, <KeyAuditMatterTag(12168, 5242, valuation)>, <KeyAuditMatterTag(12169, 5242, value)>, <KeyAuditMatterTag(12170, 5243, assessment)>, <KeyAuditMatterTag(12171, 5243, impairment)>, <KeyAuditMatterTag(12172, 5244, measurement)>, <KeyAuditMatterTag(12173, 5244, recognition)>, <KeyAuditMatterTag(12174, 5245, assessment)>, <KeyAuditMatterTag(12175, 5245, inventories)>, <KeyAuditMatterTag(12176, 5245, net realisable value)>, <KeyAuditMatterTag(12177, 5245, value)>]",https://www1.hkexnews.hk/listedco/listconews/sehk/2020/0123/2020012300005.pdf
73,2380,9103189,19/12/2019 16:34,839,CHINA EDU GROUP,ANNUAL REPORT 2018/2019,"Financial Statements/ESG Information - [Annual Report / Environmental, Social and Governance Information/Report]",9MB,"[<Auditor(2284, 9103189, Deloitte Touche Tohmatsu)>]","[<KeyAuditMatter(5284, 9103189 (incorporated in the Cayman Islands with limited liability))>, <KeyAuditMatter(5285, 9103189 Acquisitions of businesses and impairment assessments of goodwill and intangible assets with indefinite useful life)>, <KeyAuditMatter(5286, 9103189 Acquisitions of businesses and impairment assessments of goodwill and intangible assets with indefinite useful life)>, <KeyAuditMatter(5287, 9103189 Fair value measurement of convertible bonds)>]","[<KeyAuditMatterTag(12266, 5284, land)>, <KeyAuditMatterTag(12267, 5285, acquisition)>, <KeyAuditMatterTag(12268, 5285, assessment)>, <KeyAuditMatterTag(12269, 5285, asset)>, <KeyAuditMatterTag(12270, 5285, goodwill)>, <KeyAuditMatterTag(12271, 5285, impairment)>, <KeyAuditMatterTag(12272, 5286, acquisition)>, <KeyAuditMatterTag(12273, 5286, assessment)>, <KeyAuditMatterTag(12274, 5286, asset)>, <KeyAuditMatterTag(12275, 5286, goodwill)>, <KeyAuditMatterTag(12276, 5286, impairment)>, <KeyAuditMatterTag(12277, 5287, fair)>, <KeyAuditMatterTag(12278, 5287, measurement)>, <KeyAuditMatterTag(12279, 5287, value)>]",https://www1.hkexnews.hk/listedco/listconews/sehk/2019/1219/2019121900277.pdf
74,2409,3621200,30/10/2019 21:01,721,C FIN INT INV,ANNUAL REPORT 2019,"Financial Statements/ESG Information - [Annual Report / Environmental, Social and Governance Information/Report]",1460KB,"[<Auditor(2311, 3621200, Moore Stephens CPA Limited)>]","[<KeyAuditMatter(5344, 3621200 TO THE SHAREHOLDERS OF CHINA FINANCIAL INTERNATIONAL INVESTMENTS LIMITED)>, <KeyAuditMatter(5345, 3621200 Valuation of financial instruments at fair value through profit or loss (FVTPL) and financial instruments at fair value through other comprehensive income (FVTOCI) measured  at level 3 fair value measurement)>, <KeyAuditMatter(5346, 3621200 Provision of expected credit losses (ECL) on debt instruments at FVTOCI)>]","[<KeyAuditMatterTag(12433, 5344, investment)>, <KeyAuditMatterTag(12434, 5345, fair)>, <KeyAuditMatterTag(12435, 5345, income)>, <KeyAuditMatterTag(12436, 5345, measurement)>, <KeyAuditMatterTag(12437, 5345, valuation)>, <KeyAuditMatterTag(12438, 5345, value)>, <KeyAuditMatterTag(12439, 5346, ecl)>, <KeyAuditMatterTag(12440, 5346, expected credit loss)>, <KeyAuditMatterTag(12441, 5346, provision)>]",https://www1.hkexnews.hk/listedco/listconews/sehk/2019/1030/ltn20191030275.pdf
75,2431,3620138,25/10/2019 16:45,565,ART GROUP HOLD,2019 ANNUAL REPORT,"Financial Statements/ESG Information - [Annual Report / Environmental, Social and Governance Information/Report]",1435KB,"[<Auditor(2333, 3620138, Elite Partners CPA Limited)>]","[<KeyAuditMatter(5397, 3620138 Fair value measurement of investment Our major procedures to address the fair value propertiesmeasurement of investment properties included the following:)>]","[<KeyAuditMatterTag(12544, 5397, fair)>, <KeyAuditMatterTag(12545, 5397, investment)>, <KeyAuditMatterTag(12546, 5397, measurement)>, <KeyAuditMatterTag(12547, 5397, properties)>, <KeyAuditMatterTag(12548, 5397, value)>]",https://www1.hkexnews.hk/listedco/listconews/sehk/2019/1025/ltn20191025071.pdf
76,2441,9482444,23/10/2020 16:34,565,ART GROUP HOLD,2020 ANNUAL REPORT,"Financial Statements/ESG Information - [Annual Report / Environmental, Social and Governance Information/Report]",1MB,"[<Auditor(2343, 9482444, Elite Partners CPA Limited)>]","[<KeyAuditMatter(5433, 9482444 Fair value measurement of investment Our major procedures to address the valuation of propertiesinvestment properties included the following:)>]","[<KeyAuditMatterTag(12655, 5433, fair)>, <KeyAuditMatterTag(12656, 5433, investment)>, <KeyAuditMatterTag(12657, 5433, measurement)>, <KeyAuditMatterTag(12658, 5433, properties)>, <KeyAuditMatterTag(12659, 5433, valuation)>, <KeyAuditMatterTag(12660, 5433, value)>]",https://www1.hkexnews.hk/listedco/listconews/sehk/2020/1023/2020102300360.pdf
