,id,news_id,date_time,stock_code,stock_name,title,long_text,file_info,audit_firms,kams,kam_tags,file_link
0,31,9457583,30/09/2020 06:10,8140,BOSATECH,ANNUAL REPORT 2020,Financial Statements/ESG Information - [Annual Report],2MB,"[<Auditor(31, 9457583, Baker Tilly Hong Kong Limited)>]","[<KeyAuditMatter(59, 9457583 TO THE SHAREHOLDERS OF BOSA TECHNOLOGY HOLDINGS LIMITED(Incorporated in the Cayman Islands with limited liability))>, <KeyAuditMatter(60, 9457583 Revenue recognition on provision of mechanical splicing services)>, <KeyAuditMatter(61, 9457583 	understanding	the	revenue	business	process	and	)>, <KeyAuditMatter(62, 9457583 Valuation of trade receivables)>, <KeyAuditMatter(63, 9457583 	criteria	for	determining	whether	or	not	there	)>, <KeyAuditMatter(64, 9457583 	economic	indicators	for	forward-looking		reviewing	subsequent	settlements	of	trade	)>]","[<KeyAuditMatterTag(170, 59, land)>, <KeyAuditMatterTag(171, 60, provision)>, <KeyAuditMatterTag(172, 60, recognition)>, <KeyAuditMatterTag(173, 60, revenue)>, <KeyAuditMatterTag(174, 61, revenue)>, <KeyAuditMatterTag(175, 62, valuation)>, <KeyAuditMatterTag(176, 63, mining)>, <KeyAuditMatterTag(177, 64, indicator)>]",https://www1.hkexnews.hk/listedco/listconews/gem/2020/0930/2020093000043.pdf
1,35,9457136,29/09/2020 20:00,8250,SILK RD ENERGY,Annual Report 2020,"Financial Statements/ESG Information - [Annual Report / Environmental, Social and Governance Information/Report]",9MB,"[<Auditor(35, 9457136, SHINEWING (HK) CPA Limited)>]","[<KeyAuditMatter(69, 9457136 Impairment assessment on coal mining and construction services related non-current assets)>, <KeyAuditMatter(70, 9457136 Impairment assessment on coal mining and construction services related non-current assets )>, <KeyAuditMatter(71, 9457136 Valuation of trade receivables)>, <KeyAuditMatter(72, 9457136 Valuation of loan receivables)>]","[<KeyAuditMatterTag(189, 69, assessment)>, <KeyAuditMatterTag(190, 69, asset)>, <KeyAuditMatterTag(191, 69, impairment)>, <KeyAuditMatterTag(192, 69, mining)>, <KeyAuditMatterTag(193, 70, assessment)>, <KeyAuditMatterTag(194, 70, asset)>, <KeyAuditMatterTag(195, 70, impairment)>, <KeyAuditMatterTag(196, 70, mining)>, <KeyAuditMatterTag(197, 71, valuation)>, <KeyAuditMatterTag(198, 72, valuation)>]",https://www1.hkexnews.hk/listedco/listconews/gem/2020/0929/2020092901126.pdf
2,61,9442588,15/09/2020 22:21,159,BROCKMAN MINING,Annual Report 2020,Financial Statements/ESG Information - [Annual Report],3MB,"[<Auditor(61, 9442588, ernst & Young)>]","[<KeyAuditMatter(113, 9442588 to the shareholders of Brockman Mining limited(incorporated in Bermuda with limited liability))>, <KeyAuditMatter(114, 9442588 1. Carrying value of capitalised mining exploration properties)>, <KeyAuditMatter(115, 9442588 	Considered	whether	the	Groups	right	to	explore	was	)>, <KeyAuditMatter(116, 9442588 	Assessed	whether	exploration	and	evaluation	data	exists	)>, <KeyAuditMatter(117, 9442588  Recognition of deferred tax asset)>, <KeyAuditMatter(118, 9442588 	Between	the	Group	and	the	Australian	tax	)>, <KeyAuditMatter(119, 9442588 	Between	the	Group	and	external	tax	advisors.)>, <KeyAuditMatter(120, 9442588  Measurement of polaris loan)>, <KeyAuditMatter(121, 9442588 	We	considered	and	challenged	the	Groups	assessment	)>]","[<KeyAuditMatterTag(272, 113, mining)>, <KeyAuditMatterTag(273, 114, mining)>, <KeyAuditMatterTag(274, 114, properties)>, <KeyAuditMatterTag(275, 114, value)>, <KeyAuditMatterTag(276, 115, right)>, <KeyAuditMatterTag(277, 116, valuation)>, <KeyAuditMatterTag(278, 117, asset)>, <KeyAuditMatterTag(279, 117, deferred)>, <KeyAuditMatterTag(280, 117, recognition)>, <KeyAuditMatterTag(281, 117, tax)>, <KeyAuditMatterTag(282, 118, tax)>, <KeyAuditMatterTag(283, 119, tax)>, <KeyAuditMatterTag(284, 120, measurement)>, <KeyAuditMatterTag(285, 121, assessment)>]",https://www1.hkexnews.hk/listedco/listconews/sehk/2020/0915/2020091501064.pdf
3,97,9396712,13/08/2020 16:53,766,SINO PROSPER GP,ANNUAL REPORT 2020,"Financial Statements/ESG Information - [Annual Report / Environmental, Social and Governance Information/Report]",2MB,"[<Auditor(95, 9396712, HLB Hodgson Impey Cheng Limited)>]","[<KeyAuditMatter(179, 9396712 Impairment assessment on mining related assets)>, <KeyAuditMatter(180, 9396712 Impairment assessment on goodwill)>, <KeyAuditMatter(181, 9396712 Impairment assessment on loans receivables)>]","[<KeyAuditMatterTag(416, 179, assessment)>, <KeyAuditMatterTag(417, 179, asset)>, <KeyAuditMatterTag(418, 179, impairment)>, <KeyAuditMatterTag(419, 179, mining)>, <KeyAuditMatterTag(420, 180, assessment)>, <KeyAuditMatterTag(421, 180, goodwill)>, <KeyAuditMatterTag(422, 180, impairment)>, <KeyAuditMatterTag(423, 181, assessment)>, <KeyAuditMatterTag(424, 181, impairment)>]",https://www1.hkexnews.hk/listedco/listconews/sehk/2020/0813/2020081300670.pdf
4,140,9376376,30/07/2020 17:31,259,YEEBO (INT'L H),2019/20 ANNUAL REPORT,Financial Statements/ESG Information - [Annual Report],1MB,"[<Auditor(130, 9376376, Deloitte Touche Tohmatsu)>]","[<KeyAuditMatter(251, 9376376 We identified valuation of trade receivables Our procedures in relation to impairment as a key audit matter due to the involvement )>, <KeyAuditMatter(252, 9376376 credit losses (eCL) of trade receivables based  Challenging managements basis in determining )>, <KeyAuditMatter(253, 9376376 category in the provision matrix (with reference looking information.to historical default rates and forward-looking information); and)>, <KeyAuditMatter(254, 9376376 We identified the valuation of inventories as a key Our procedures in relation to assessing the )>, <KeyAuditMatter(255, 9376376 measurement of the allowance for inventories;)>, <KeyAuditMatter(256, 9376376 assessment of the allowance for inventories;usability and saleability of inventories taking into account the nature of inventories, prevailing market  Testing the accuracy of the inventory ageing )>, <KeyAuditMatter(257, 9376376 usages/sales. Where the inventories are determined for inventories;)>, <KeyAuditMatter(258, 9376376  Testing the net realisable values of inventories )>, <KeyAuditMatter(259, 9376376 latest selling prices in recent sales or the market prices, on a sample basis; and)>, <KeyAuditMatter(260, 9376376 amount of inventories is HK$111,450,000 (net of allowance for inventories of HK$51,912,000).)>]","[<KeyAuditMatterTag(591, 251, impairment)>, <KeyAuditMatterTag(592, 251, valuation)>, <KeyAuditMatterTag(593, 252, ecl)>, <KeyAuditMatterTag(594, 252, mining)>, <KeyAuditMatterTag(595, 253, provision)>, <KeyAuditMatterTag(596, 254, inventories)>, <KeyAuditMatterTag(597, 254, valuation)>, <KeyAuditMatterTag(598, 255, inventories)>, <KeyAuditMatterTag(599, 255, measurement)>, <KeyAuditMatterTag(600, 256, assessment)>, <KeyAuditMatterTag(601, 256, inventories)>, <KeyAuditMatterTag(602, 256, inventory)>, <KeyAuditMatterTag(603, 257, inventories)>, <KeyAuditMatterTag(604, 258, inventories)>, <KeyAuditMatterTag(605, 258, net realisable value)>, <KeyAuditMatterTag(606, 258, value)>, <KeyAuditMatterTag(607, 258, values)>, <KeyAuditMatterTag(608, 259, price)>, <KeyAuditMatterTag(609, 260, inventories)>]",https://www1.hkexnews.hk/listedco/listconews/sehk/2020/0730/2020073001035.pdf
5,181,9374183,29/07/2020 17:30,1142,SIBERIAN MINING,Annual Report 2020,Financial Statements/ESG Information - [Annual Report],2MB,"[<Auditor(171, 9374183, JH CPA Alliance Limited)>]","[<KeyAuditMatter(368, 9374183 Exploration and evaluation assets & Other intangible assets  mining right)>]","[<KeyAuditMatterTag(881, 368, asset)>, <KeyAuditMatterTag(882, 368, mining)>, <KeyAuditMatterTag(883, 368, right)>, <KeyAuditMatterTag(884, 368, valuation)>]",https://www1.hkexnews.hk/listedco/listconews/sehk/2020/0729/2020072900672.pdf
6,188,9374044,29/07/2020 17:05,621,TAUNG GOLD,ANNUAL REPORT 2020,"Financial Statements/ESG Information - [Annual Report / Environmental, Social and Governance Information/Report]",8MB,"[<Auditor(178, 9374044, Deloitte Touche Tohmatsu)>]","[<KeyAuditMatter(394, 9374044 Impairment assessment of mining assets)>]","[<KeyAuditMatterTag(943, 394, assessment)>, <KeyAuditMatterTag(944, 394, asset)>, <KeyAuditMatterTag(945, 394, impairment)>, <KeyAuditMatterTag(946, 394, mining)>]",https://www1.hkexnews.hk/listedco/listconews/sehk/2020/0729/2020072900533.pdf
7,202,9373805,29/07/2020 16:29,476,CH DYNAMICS,Annual Report 2020,Financial Statements/ESG Information - [Annual Report],6MB,"[<Auditor(192, 9373805, BDO Limited)>]","[<KeyAuditMatter(450, 9373805 Impairment assessment of assets attributable to the mining assets)>]","[<KeyAuditMatterTag(1065, 450, assessment)>, <KeyAuditMatterTag(1066, 450, asset)>, <KeyAuditMatterTag(1067, 450, impairment)>, <KeyAuditMatterTag(1068, 450, mining)>]",https://www1.hkexnews.hk/listedco/listconews/sehk/2020/0729/2020072900320.pdf
8,245,9370777,27/07/2020 11:59,202,EVERCHINA INT'L,Annual Report 2020,Financial Statements/ESG Information - [Annual Report],2MB,"[<Auditor(234, 9370777, HLB Hodgson Impey Cheng Limited)>]","[<KeyAuditMatter(583, 9370777 Valuation on the investment properties)>, <KeyAuditMatter(584, 9370777 Impairment assessment of mining rights)>, <KeyAuditMatter(585, 9370777 Impairment assessment on goodwill)>, <KeyAuditMatter(586, 9370777 Allowance for expected credit losses (ECL) on the trade and other receivables and prepayments and loan receivables)>]","[<KeyAuditMatterTag(1395, 583, investment)>, <KeyAuditMatterTag(1396, 583, properties)>, <KeyAuditMatterTag(1397, 583, valuation)>, <KeyAuditMatterTag(1398, 584, assessment)>, <KeyAuditMatterTag(1399, 584, impairment)>, <KeyAuditMatterTag(1400, 584, mining)>, <KeyAuditMatterTag(1401, 584, right)>, <KeyAuditMatterTag(1402, 585, assessment)>, <KeyAuditMatterTag(1403, 585, goodwill)>, <KeyAuditMatterTag(1404, 585, impairment)>, <KeyAuditMatterTag(1405, 586, ecl)>, <KeyAuditMatterTag(1406, 586, expected credit loss)>]",https://www1.hkexnews.hk/listedco/listconews/sehk/2020/0727/2020072700163.pdf
9,307,9365262,22/07/2020 12:19,899,ASIA RESOURCES,Annual Report 2020,Financial Statements/ESG Information - [Annual Report],5MB,"[<Auditor(293, 9365262, Lau & Au Yeung C.P.A. Limited)>]","[<KeyAuditMatter(751, 9365262 Recoverability of properties under development and completed properties held for sale)>, <KeyAuditMatter(752, 9365262 Recoverability of properties under development and completed properties held for sale (continued))>, <KeyAuditMatter(753, 9365262 Impairment assessment of water mining licence included in intangible assets)>, <KeyAuditMatter(754, 9365262 Impairment assessment of water mining licence included in intangible assets (continued))>, <KeyAuditMatter(755, 9365262 Impairment assessment of interests in associates)>, <KeyAuditMatter(756, 9365262 Impairment assessment of interests in associates (continued))>, <KeyAuditMatter(757, 9365262 Impairment assessment on deposit paid for the acquisition of Shenyang Properties)>]","[<KeyAuditMatterTag(1820, 751, properties)>, <KeyAuditMatterTag(1821, 751, recoverability)>, <KeyAuditMatterTag(1822, 752, properties)>, <KeyAuditMatterTag(1823, 752, recoverability)>, <KeyAuditMatterTag(1824, 753, assessment)>, <KeyAuditMatterTag(1825, 753, asset)>, <KeyAuditMatterTag(1826, 753, impairment)>, <KeyAuditMatterTag(1827, 753, licence)>, <KeyAuditMatterTag(1828, 753, mining)>, <KeyAuditMatterTag(1829, 754, assessment)>, <KeyAuditMatterTag(1830, 754, asset)>, <KeyAuditMatterTag(1831, 754, impairment)>, <KeyAuditMatterTag(1832, 754, licence)>, <KeyAuditMatterTag(1833, 754, mining)>, <KeyAuditMatterTag(1834, 755, assessment)>, <KeyAuditMatterTag(1835, 755, associate)>, <KeyAuditMatterTag(1836, 755, impairment)>, <KeyAuditMatterTag(1837, 756, assessment)>, <KeyAuditMatterTag(1838, 756, associate)>, <KeyAuditMatterTag(1839, 756, impairment)>, <KeyAuditMatterTag(1840, 757, acquisition)>, <KeyAuditMatterTag(1841, 757, assessment)>, <KeyAuditMatterTag(1842, 757, impairment)>, <KeyAuditMatterTag(1843, 757, properties)>]",https://www1.hkexnews.hk/listedco/listconews/sehk/2020/0722/2020072200165.pdf
10,354,9360199,16/07/2020 19:49,650,IDG ENERGY INV,Annual Report 2020,"Financial Statements/ESG Information - [Annual Report / Environmental, Social and Governance Information/Report]",6MB,"[<Auditor(339, 9360199, KPMG)>]","[<KeyAuditMatter(875, 9360199 INDEPENDENT AUDITORS REPORT TO THE SHAREHOLDERS OF IDG ENERGY INVESTMENT LIMITED(incorporated in Bermuda with limited liability))>, <KeyAuditMatter(876, 9360199 KEY AUDIT MATTERS Valuation of the Stonehold investmentRefer to note 20(a) to the consolidated financial statements and the accounting policies on page 140.)>, <KeyAuditMatter(877, 9360199 	performing	recalculation	of	interest	income	StonegateTarget AssetsStonehold 	involving	our	internal	valuation	specialists	to	assist	investment)>, <KeyAuditMatter(878, 9360199 KEY AUDIT MATTERS mpairment assessment of oil and gas propertiesRefer to note 13 to the consolidated financial statements and the accounting policies on page 148.)>, <KeyAuditMatter(879, 9360199 Xilin	Gol	League	Hongbo	Mining	Development	Company		evaluating	the	methodology	applied	in	the	)>, <KeyAuditMatter(880, 9360199 	involving	our	internal	valuation	specialists	to	assist	)>, <KeyAuditMatter(881, 9360199 KEY AUDIT MATTERS Accounting for the acquisition of WeipinRefer to note 34 to the consolidated financial statements and the accounting policies on page 137.)>, <KeyAuditMatter(882, 9360199 	challenging	the	forecast	revenue	growth	rate	and	)>, <KeyAuditMatter(883, 9360199 	involving	our	internal	valuation	specialists	to	assist	)>]","[<KeyAuditMatterTag(2115, 875, investment)>, <KeyAuditMatterTag(2116, 876, investment)>, <KeyAuditMatterTag(2117, 876, valuation)>, <KeyAuditMatterTag(2118, 877, asset)>, <KeyAuditMatterTag(2119, 877, income)>, <KeyAuditMatterTag(2120, 877, investment)>, <KeyAuditMatterTag(2121, 877, valuation)>, <KeyAuditMatterTag(2122, 878, assessment)>, <KeyAuditMatterTag(2123, 878, properties)>, <KeyAuditMatterTag(2124, 879, mining)>, <KeyAuditMatterTag(2125, 880, valuation)>, <KeyAuditMatterTag(2126, 881, acquisition)>, <KeyAuditMatterTag(2127, 882, revenue)>, <KeyAuditMatterTag(2128, 883, valuation)>]",https://www1.hkexnews.hk/listedco/listconews/sehk/2020/0716/2020071601178.pdf
11,409,9352290,09/07/2020 16:38,18,ORIENTAL PRESS,Annual Report 2020,Financial Statements/ESG Information - [Annual Report],2MB,"[<Auditor(388, 9352290, HLM CPA Limited)>]","[<KeyAuditMatter(991, 9352290 Key Audit Matter: Revenue recognition)>, <KeyAuditMatter(992, 9352290 	understanding	the	revenue	and	business	process	of	the	Group;	assessing	the	appropriateness	of	the	Groups	revenue	recognition	accounting	policy	in	line	with	HKFRSs;	evaluating	and	testing	the	operating	effectiveness	of	key	controls	on	the	recognition	of	revenue;	and	selecting	a	sample	of	sales	transactions	recorded	during	the	reporting	period	near	the	year	end	and	just	after	the	end	)>, <KeyAuditMatter(993, 9352290 Key Audit Matter: Impairment assessment of trade receivables)>, <KeyAuditMatter(994, 9352290 	assessing	the	appropriateness	of	the	ECL	provisioning	methodology,	examining	the	key	data	inputs	on	a	sample	basis	)>, <KeyAuditMatter(995, 9352290 Key Audit Matter: Impairment assessment of leasehold building)>, <KeyAuditMatter(996, 9352290 	evaluating	the	independent	external	valuers	competence,	capabilities	and	objectivity;	assessing	the	valuation	methodologies	used	and	the	appropriateness	of	the	key	assumptions;	and	discussing	the	valuations	with	the	valuers	and	challenging	key	estimates	adopted	in	the	valuations,	including	those	)>, <KeyAuditMatter(997, 9352290 Key Audit Matter: Valuation of investment properties)>, <KeyAuditMatter(998, 9352290 	evaluating	the	independent	external	valuers	competence,	capabilities	and	objectivity;	assessing	the	methodologies	used	and	the	appropriateness	of	the	key	assumptions	based	on	our	knowledge	of	the	)>, <KeyAuditMatter(999, 9352290 	considering	the	appropriateness	of	the	resale	values	and	market	unit	rent	estimated	by	the	external	valuer	based	on	)>, <KeyAuditMatter(1000, 9352290 	on	a	sample	basis,	comparing	the	occupancy	rates,	room	rates,	and	tenancy	information	included	in	the	valuation	)>, <KeyAuditMatter(1001, 9352290 	discussing	the	valuations	with	the	valuers	and	challenging	key	estimates	adopted	in	the	valuations,	including	those	)>, <KeyAuditMatter(1002, 9352290 Key Audit Matter: Estimation of provision for long service payments)>, <KeyAuditMatter(1003, 9352290 	assessing	the	completeness	and	accuracy	of	personnel	data	underlying	the	estimation	of	fair	value	of	MPF	by	testing	)>, <KeyAuditMatter(1004, 9352290 	assessing	the	appropriateness	of	the	asset	valuation	in	the	MPF	scheme	underlying	the	calculation;	testing	the	internal	controls	over	the	provision	for	long	service	payments;	and	testing	the	accuracy	of	changes	in	the	provision	made	and	the	benefits	paid	to	the	pensioners.)>, <KeyAuditMatter(1005, 9352290 Key Audit Matter: Impairment assessment of loans and interest receivables)>, <KeyAuditMatter(1006, 9352290 	understanding	the	Groups	internal	controls	relating	to	the	collection,	use	and	retention	of	the	Groups	data	for	ECL	)>, <KeyAuditMatter(1007, 9352290 	understanding	the	ECL	models	established	by	the	Group	and	assessing	the	ECL	estimation	of	loans	and	interest	)>, <KeyAuditMatter(1008, 9352290 	reviewing	the	Groups	assumptions	on	the	expected	future	cash	flows,	including	the	value	of	realisable	collaterals	)>, <KeyAuditMatter(1009, 9352290 	evaluating	the	disclosure	regarding	the	impairment	measurement	of	loans	and	interest	receivables	in	Note	36(b)	to	the	)>]","[<KeyAuditMatterTag(2388, 991, recognition)>, <KeyAuditMatterTag(2389, 991, revenue)>, <KeyAuditMatterTag(2390, 992, recognition)>, <KeyAuditMatterTag(2391, 992, revenue)>, <KeyAuditMatterTag(2392, 993, assessment)>, <KeyAuditMatterTag(2393, 993, impairment)>, <KeyAuditMatterTag(2394, 994, ecl)>, <KeyAuditMatterTag(2395, 994, mining)>, <KeyAuditMatterTag(2396, 994, provision)>, <KeyAuditMatterTag(2397, 995, assessment)>, <KeyAuditMatterTag(2398, 995, impairment)>, <KeyAuditMatterTag(2399, 996, valuation)>, <KeyAuditMatterTag(2400, 996, value)>, <KeyAuditMatterTag(2401, 997, investment)>, <KeyAuditMatterTag(2402, 997, properties)>, <KeyAuditMatterTag(2403, 997, valuation)>, <KeyAuditMatterTag(2404, 998, value)>, <KeyAuditMatterTag(2405, 999, value)>, <KeyAuditMatterTag(2406, 999, values)>, <KeyAuditMatterTag(2407, 1000, valuation)>, <KeyAuditMatterTag(2408, 1001, valuation)>, <KeyAuditMatterTag(2409, 1001, value)>, <KeyAuditMatterTag(2410, 1002, estimation)>, <KeyAuditMatterTag(2411, 1002, long service payment)>, <KeyAuditMatterTag(2412, 1002, provision)>, <KeyAuditMatterTag(2413, 1003, estimation)>, <KeyAuditMatterTag(2414, 1003, fair)>, <KeyAuditMatterTag(2415, 1003, value)>, <KeyAuditMatterTag(2416, 1004, asset)>, <KeyAuditMatterTag(2417, 1004, provision)>, <KeyAuditMatterTag(2418, 1004, valuation)>, <KeyAuditMatterTag(2419, 1005, assessment)>, <KeyAuditMatterTag(2420, 1005, impairment)>, <KeyAuditMatterTag(2421, 1006, ecl)>, <KeyAuditMatterTag(2422, 1007, ecl)>, <KeyAuditMatterTag(2423, 1007, estimation)>, <KeyAuditMatterTag(2424, 1008, value)>, <KeyAuditMatterTag(2425, 1009, impairment)>, <KeyAuditMatterTag(2426, 1009, measurement)>]",https://www1.hkexnews.hk/listedco/listconews/sehk/2020/0709/2020070900612.pdf
12,434,9340588,02/07/2020 16:59,8299,GRAND T G GOLD,Annual Report 2019/2020,Financial Statements/ESG Information - [Annual Report],3MB,"[<Auditor(413, 9340588, McM (HK) CPA Limited)>]","[<KeyAuditMatter(1038, 9340588 Impairment assessment of property, plant and equipment, mining rights related assets and construction in progress.)>, <KeyAuditMatter(1039, 9340588 Assessment on the impact of current litigation cases which the Company or its subsidiary is being the defendant.)>]","[<KeyAuditMatterTag(2495, 1038, assessment)>, <KeyAuditMatterTag(2496, 1038, asset)>, <KeyAuditMatterTag(2497, 1038, impairment)>, <KeyAuditMatterTag(2498, 1038, mining)>, <KeyAuditMatterTag(2499, 1038, plant and equipment)>, <KeyAuditMatterTag(2500, 1038, property)>, <KeyAuditMatterTag(2501, 1038, right)>, <KeyAuditMatterTag(2502, 1039, assessment)>, <KeyAuditMatterTag(2503, 1039, litigation)>]",https://www1.hkexnews.hk/listedco/listconews/gem/2020/0702/2020070202255.pdf
13,480,9334829,30/06/2020 06:10,442,HIFOOD GROUP,2020 Annual Report,"Financial Statements/ESG Information - [Annual Report / Environmental, Social and Governance Information/Report]",4MB,"[<Auditor(459, 9334829, PricewaterhouseCoopers)>]","[<KeyAuditMatter(1125, 9334829 Revenue Recognition: Sales of goods)>, <KeyAuditMatter(1126, 9334829 revenue	from	sales	of	goods	of	approximately	HK$154	million.)>, <KeyAuditMatter(1127, 9334829 obligation	by	transferring	the	control	of	promised	goods	to	a	Group	by	reviewing	the	sales	contracts	entered	into	with	the	)>, <KeyAuditMatter(1128, 9334829 locations	and	customers,	on	a	sample	basis,	by	examining	the	relevant	)>, <KeyAuditMatter(1129, 9334829 revenue	recognition	accounting	policy	and	was	supported	by	the	)>]","[<KeyAuditMatterTag(2704, 1125, recognition)>, <KeyAuditMatterTag(2705, 1125, revenue)>, <KeyAuditMatterTag(2706, 1126, revenue)>, <KeyAuditMatterTag(2707, 1127, contracts)>, <KeyAuditMatterTag(2708, 1128, mining)>, <KeyAuditMatterTag(2709, 1129, recognition)>, <KeyAuditMatterTag(2710, 1129, revenue)>]",https://www1.hkexnews.hk/listedco/listconews/sehk/2020/0630/2020063000053.pdf
14,520,9333096,29/06/2020 16:54,8028,TIMELESS,ANNUAL REPORT 2020,Financial Statements/ESG Information - [Annual Report],5MB,"[<Auditor(498, 9333096, HLB Hodgson Impey Cheng Limited)>]","[<KeyAuditMatter(1222, 9333096 Impairment assessment of mining right on nickel-copper mining)>]","[<KeyAuditMatterTag(2909, 1222, assessment)>, <KeyAuditMatterTag(2910, 1222, impairment)>, <KeyAuditMatterTag(2911, 1222, mining)>, <KeyAuditMatterTag(2912, 1222, right)>]",https://www1.hkexnews.hk/listedco/listconews/gem/2020/0629/2020062900688.pdf
15,631,9282331,15/05/2020 17:06,1826,STEERING HLDGS,Annual Report 2019,"Financial Statements/ESG Information - [Annual Report / Environmental, Social and Governance Information/Report]",3MB,"[<Auditor(605, 9282331, Deloitte Touche Tohmatsu)>]","[<KeyAuditMatter(1434, 9282331 Revenue and profit recognition of contracting service and contract assets)>, <KeyAuditMatter(1435, 9282331  Evaluating the estimation of revenue and profit )>, <KeyAuditMatter(1436, 9282331  agreeing the contract sum and budgeted costs new development. As disclosed in Note 19 to the consolidated financial statements, at 31 December budgets;2019, the Group recorded contract assets of HK$131,132,000 in relation to contracting service. The project managers about how the approved contracting service of HK$489,053,000 and budgets were prepared and the respective HK$28,926,000, respectively for the year ended 31 December 2019 as described in Note 5 to the  challenging the reasonableness of key judgements inherent in the approved budgets;As set out in Note 4 to the consolidated financial )>, <KeyAuditMatter(1437, 9282331 the Groups ability to deliver contracts within service which is measured based on the Groups budgeted timescales and any penalty for late delivery of contract works by comparing the obligation relative to the total expected inputs to the satisfaction of that performance obligation. The )>, <KeyAuditMatter(1438, 9282331 ability to deliver contracts within forecasted reasonableness of stage of completion as at )>, <KeyAuditMatter(1439, 9282331  Checking the accuracy of the contract assets by )>, <KeyAuditMatter(1440, 9282331 Impairment assessment of trade and retention receivables and contract assets)>, <KeyAuditMatter(1441, 9282331 We identified impairment assessment of trade and Our procedures in relation to the impairment assessment )>, <KeyAuditMatter(1442, 9282331 Groups consolidated financial position and the process of assessing the ECL for trade and retention estimates in evaluating the expected credit losses ECLand contract assets at the end of the reporting period.management to develop the provision matrix;)>, <KeyAuditMatter(1443, 9282331 determining credit losses allowance on trade and )>, <KeyAuditMatter(1444, 9282331 statements, the management of the Group estimates the amount of lifetime ECL of trade and retention rates applied in each category in the provision matrix (with reference to historical default rates and forward-similar loss patterns, after considering internal credit )>, <KeyAuditMatter(1445, 9282331 documents in relation to cash receipt from trade adjusted for forward-looking information. In addition, reporting period.that are credit impaired are assessed for ECL individually. The loss allowance amount of the credit )>, <KeyAuditMatter(1446, 9282331 assets carrying amount and the present value of estimated future cash flows with the consideration of expected future credit losses.)>, <KeyAuditMatter(1447, 9282331 contract assets, respectively for the year and the )>]","[<KeyAuditMatterTag(3446, 1434, asset)>, <KeyAuditMatterTag(3447, 1434, recognition)>, <KeyAuditMatterTag(3448, 1434, revenue)>, <KeyAuditMatterTag(3449, 1435, estimation)>, <KeyAuditMatterTag(3450, 1435, revenue)>, <KeyAuditMatterTag(3451, 1436, asset)>, <KeyAuditMatterTag(3452, 1437, contracts)>, <KeyAuditMatterTag(3453, 1438, contracts)>, <KeyAuditMatterTag(3454, 1439, asset)>, <KeyAuditMatterTag(3455, 1440, assessment)>, <KeyAuditMatterTag(3456, 1440, asset)>, <KeyAuditMatterTag(3457, 1440, impairment)>, <KeyAuditMatterTag(3458, 1441, assessment)>, <KeyAuditMatterTag(3459, 1441, impairment)>, <KeyAuditMatterTag(3460, 1442, asset)>, <KeyAuditMatterTag(3461, 1442, ecl)>, <KeyAuditMatterTag(3462, 1442, expected credit loss)>, <KeyAuditMatterTag(3463, 1442, land)>, <KeyAuditMatterTag(3464, 1442, provision)>, <KeyAuditMatterTag(3465, 1443, mining)>, <KeyAuditMatterTag(3466, 1444, ecl)>, <KeyAuditMatterTag(3467, 1444, provision)>, <KeyAuditMatterTag(3468, 1445, ecl)>, <KeyAuditMatterTag(3469, 1446, asset)>, <KeyAuditMatterTag(3470, 1446, value)>, <KeyAuditMatterTag(3471, 1447, asset)>]",https://www1.hkexnews.hk/listedco/listconews/sehk/2020/0515/2020051500994.pdf
16,646,9281929,15/05/2020 16:34,582,LANDING INTL,Annual Report 2019,"Financial Statements/ESG Information - [Annual Report / Environmental, Social and Governance Information/Report]",13MB,"[<Auditor(620, 9281929, Zenith CPA Limited)>]","[<KeyAuditMatter(1477, 9281929 our procedures in relation to the carrying Impairment assessment of property, plant and equipment of the value of property, plant and equipment of business for development and operation of the integrated leisure the Jeju Shinhwa World included: and entertainment resort (the Integrated Resort Development Business) and the business for operation of gaming and entertainment facilities (the Gaming Business) operated in Jeju Shinhwa World	Understanding,	evaluating	and	)>, <KeyAuditMatter(1478, 9281929 	determining	which	costs,	including	borrowing	costs,	meet	the	)>, <KeyAuditMatter(1479, 9281929 	determining	the	date	on	which	construction-in-progress	is	)>, <KeyAuditMatter(1480, 9281929 	determining	if	any	impairment	indicators	exists	at	the	year	end.)>, <KeyAuditMatter(1481, 9281929 our procedures in relation to managements Impairment assessment on goodwill and other intangible assets of impairment assessment on goodwill and the Gaming Business operated in Jeju Shinhwa Worldintangible assets included: )>, <KeyAuditMatter(1482, 9281929 	Discussing	with	the	external	valuer	their	)>, <KeyAuditMatter(1483, 9281929 our procedures in relation to the impairment Impairment of trade and gaming receivablesof trade and gaming receivables included: )>, <KeyAuditMatter(1484, 9281929 our procedures in relation to assess the Net realisable value of properties under development (PUD) net realisable value of PUD and CPFS and completed properties held for sale (CPFS)included:)>, <KeyAuditMatter(1485, 9281929 	Conducting	site	visits	to	property	)>]","[<KeyAuditMatterTag(3538, 1477, assessment)>, <KeyAuditMatterTag(3539, 1477, impairment)>, <KeyAuditMatterTag(3540, 1477, plant and equipment)>, <KeyAuditMatterTag(3541, 1477, property)>, <KeyAuditMatterTag(3542, 1477, value)>, <KeyAuditMatterTag(3543, 1478, mining)>, <KeyAuditMatterTag(3544, 1479, mining)>, <KeyAuditMatterTag(3545, 1480, impairment)>, <KeyAuditMatterTag(3546, 1480, indicator)>, <KeyAuditMatterTag(3547, 1480, mining)>, <KeyAuditMatterTag(3548, 1481, assessment)>, <KeyAuditMatterTag(3549, 1481, asset)>, <KeyAuditMatterTag(3550, 1481, goodwill)>, <KeyAuditMatterTag(3551, 1481, impairment)>, <KeyAuditMatterTag(3552, 1482, value)>, <KeyAuditMatterTag(3553, 1483, impairment)>, <KeyAuditMatterTag(3554, 1484, net realisable value)>, <KeyAuditMatterTag(3555, 1484, properties)>, <KeyAuditMatterTag(3556, 1484, value)>, <KeyAuditMatterTag(3557, 1485, property)>]",https://www1.hkexnews.hk/listedco/listconews/sehk/2020/0515/2020051500594.pdf
17,660,9281338,15/05/2020 06:24,2212,FB MINING,Annual Report 2019,Financial Statements/ESG Information - [Annual Report],5MB,"[<Auditor(634, 9281338, Ernst & Young)>]","[<KeyAuditMatter(1508, 9281338 To the shareholders of Future Bright Mining Holdings Limited)>, <KeyAuditMatter(1509, 9281338 Key audit matterHow our audit addressed the key audit matter1.  Impairment assessment on non-financial assets)>, <KeyAuditMatter(1510, 9281338 Key audit matterHow our audit addressed the key audit matter2.  Recoverability of receivables)>]","[<KeyAuditMatterTag(3613, 1508, mining)>, <KeyAuditMatterTag(3614, 1508, right)>, <KeyAuditMatterTag(3615, 1509, assessment)>, <KeyAuditMatterTag(3616, 1509, asset)>, <KeyAuditMatterTag(3617, 1509, financial asset)>, <KeyAuditMatterTag(3618, 1509, impairment)>, <KeyAuditMatterTag(3619, 1510, recoverability)>]",https://www1.hkexnews.hk/listedco/listconews/sehk/2020/0515/2020051500091.pdf
18,684,9280658,14/05/2020 19:17,758,MACROLINK CAP,ANNUAL REPORT 2019,"Financial Statements/ESG Information - [Annual Report / Environmental, Social and Governance Information/Report]",5MB,"[<Auditor(657, 9280658, HLB Hodgson Impey Cheng Limited)>]","[<KeyAuditMatter(1590, 9280658 Impairment assessments on mining rights and exploration and evaluation assets)>, <KeyAuditMatter(1591, 9280658 Valuation of investment properties)>]","[<KeyAuditMatterTag(3763, 1590, assessment)>, <KeyAuditMatterTag(3764, 1590, asset)>, <KeyAuditMatterTag(3765, 1590, impairment)>, <KeyAuditMatterTag(3766, 1590, mining)>, <KeyAuditMatterTag(3767, 1590, right)>, <KeyAuditMatterTag(3768, 1590, valuation)>, <KeyAuditMatterTag(3769, 1591, investment)>, <KeyAuditMatterTag(3770, 1591, properties)>, <KeyAuditMatterTag(3771, 1591, valuation)>]",https://www1.hkexnews.hk/listedco/listconews/sehk/2020/0514/2020051401617.pdf
19,691,9280341,14/05/2020 18:02,2623,ADD NEW ENERGY,Annual Report 2019,"Financial Statements/ESG Information - [Annual Report / Environmental, Social and Governance Information/Report]",7MB,"[<Auditor(664, 9280341, Crowe (HK) CPA Limited)>]","[<KeyAuditMatter(1599, 9280341 (a) Impairment assessment of property, plant and equipment and intangible assets (theMining Assets))>, <KeyAuditMatter(1600, 9280341 Impairment assessment of property, plant and equipment and intangible assets (theMining Assets) (continued))>, <KeyAuditMatter(1601, 9280341 Valuation of inventories)>, <KeyAuditMatter(1602, 9280341 Revenue recognition)>]","[<KeyAuditMatterTag(3787, 1599, assessment)>, <KeyAuditMatterTag(3788, 1599, asset)>, <KeyAuditMatterTag(3789, 1599, impairment)>, <KeyAuditMatterTag(3790, 1599, mining)>, <KeyAuditMatterTag(3791, 1599, plant and equipment)>, <KeyAuditMatterTag(3792, 1599, property)>, <KeyAuditMatterTag(3793, 1600, assessment)>, <KeyAuditMatterTag(3794, 1600, asset)>, <KeyAuditMatterTag(3795, 1600, impairment)>, <KeyAuditMatterTag(3796, 1600, mining)>, <KeyAuditMatterTag(3797, 1600, plant and equipment)>, <KeyAuditMatterTag(3798, 1600, property)>, <KeyAuditMatterTag(3799, 1601, inventories)>, <KeyAuditMatterTag(3800, 1601, valuation)>, <KeyAuditMatterTag(3801, 1602, recognition)>, <KeyAuditMatterTag(3802, 1602, revenue)>]",https://www1.hkexnews.hk/listedco/listconews/sehk/2020/0514/2020051401302.pdf
20,759,9276722,12/05/2020 17:35,866,CHINA QINFA,Annual Report 2019,Financial Statements/ESG Information - [Annual Report],3MB,"[<Auditor(729, 9276722, Moore Stephens CPA Limited)>]","[<KeyAuditMatter(1771, 9276722 Impairment assessment of property, plant and equipment and coal mining rights)>, <KeyAuditMatter(1772, 9276722 Assessment of loss allowance for expected credit losses on trade receivables and other receivables)>]","[<KeyAuditMatterTag(4192, 1771, assessment)>, <KeyAuditMatterTag(4193, 1771, impairment)>, <KeyAuditMatterTag(4194, 1771, mining)>, <KeyAuditMatterTag(4195, 1771, plant and equipment)>, <KeyAuditMatterTag(4196, 1771, property)>, <KeyAuditMatterTag(4197, 1771, right)>, <KeyAuditMatterTag(4198, 1772, assessment)>, <KeyAuditMatterTag(4199, 1772, expected credit loss)>]",https://www1.hkexnews.hk/listedco/listconews/sehk/2020/0512/2020051200589.pdf
21,773,9481244,22/10/2020 16:38,1166,SOLARTECH INT'L,ANNUAL REPORT 2020,"Financial Statements/ESG Information - [Annual Report / Environmental, Social and Governance Information/Report]",8MB,"[<Auditor(742, 9481244, BDO Limited)>]","[<KeyAuditMatter(1808, 9481244 Impairment of intangible asset  mining right)>, <KeyAuditMatter(1809, 9481244 Mining CGU)>, <KeyAuditMatter(1810, 9481244 Impairment of interests in associates and interests in joint ventures)>, <KeyAuditMatter(1811, 9481244 Impairment assessment of property, plant and equipment)>]","[<KeyAuditMatterTag(4290, 1808, asset)>, <KeyAuditMatterTag(4291, 1808, impairment)>, <KeyAuditMatterTag(4292, 1808, mining)>, <KeyAuditMatterTag(4293, 1808, right)>, <KeyAuditMatterTag(4294, 1809, mining)>, <KeyAuditMatterTag(4295, 1810, associate)>, <KeyAuditMatterTag(4296, 1810, impairment)>, <KeyAuditMatterTag(4297, 1810, joint ventures)>, <KeyAuditMatterTag(4298, 1811, assessment)>, <KeyAuditMatterTag(4299, 1811, impairment)>, <KeyAuditMatterTag(4300, 1811, plant and equipment)>, <KeyAuditMatterTag(4301, 1811, property)>]",https://www1.hkexnews.hk/listedco/listconews/sehk/2020/1022/2020102200386.pdf
22,779,9266643,05/05/2020 16:38,6833,SINCO PHARMA,Annual Report 2019,"Financial Statements/ESG Information - [Annual Report / Environmental, Social and Governance Information/Report]",3MB,"[<Auditor(748, 9266643, Crowe (HK) CPA Limited)>]","[<KeyAuditMatter(1825, 9266643 The cash flow forecast involved key assumptions such as revenue growth, gross profit margin, and availability of banking facilities and availability of facilities from an independent third party to the Group.)>, <KeyAuditMatter(1826, 9266643 We focused on this assessment as it involves consideration of future events and application of significant judgements and estimates and accordingly, this was an area of audit focus.)>, <KeyAuditMatter(1827, 9266643 Key Audit Matters Impairment assessment of other property, plant and equipment)>, <KeyAuditMatter(1828, 9266643 As at 31 December 2019, other property, plant and equipment held by the Group amounted to approximately RMB198,034,000. The recoverable amount of the other property, plant and equipment is determined by management at the higher of the value in use and the fair value less cost of disposal of these assets.)>, <KeyAuditMatter(1829, 9266643 In determining the fair value less cost of disposal of other property, plant and equipment, the Group engaged an external valuer to perform that valuation. The valuation process was inherently subjective and dependent on a number of estimates, therefore this is considered as a key audit matter.)>]","[<KeyAuditMatterTag(4335, 1825, revenue)>, <KeyAuditMatterTag(4336, 1826, assessment)>, <KeyAuditMatterTag(4337, 1827, assessment)>, <KeyAuditMatterTag(4338, 1827, impairment)>, <KeyAuditMatterTag(4339, 1827, plant and equipment)>, <KeyAuditMatterTag(4340, 1827, property)>, <KeyAuditMatterTag(4341, 1828, asset)>, <KeyAuditMatterTag(4342, 1828, fair)>, <KeyAuditMatterTag(4343, 1828, plant and equipment)>, <KeyAuditMatterTag(4344, 1828, property)>, <KeyAuditMatterTag(4345, 1828, value)>, <KeyAuditMatterTag(4346, 1829, fair)>, <KeyAuditMatterTag(4347, 1829, mining)>, <KeyAuditMatterTag(4348, 1829, plant and equipment)>, <KeyAuditMatterTag(4349, 1829, property)>, <KeyAuditMatterTag(4350, 1829, valuation)>, <KeyAuditMatterTag(4351, 1829, value)>]",https://www1.hkexnews.hk/listedco/listconews/sehk/2020/0505/2020050501031.pdf
23,849,9259230,29/04/2020 16:55,2899,ZIJIN MINING,2019 Annual Report,Financial Statements/ESG Information - [Annual Report],2MB,"[<Auditor(805, 9259230, Ernst & Young Hua Ming LLP  Chinese)>]","[<KeyAuditMatter(1947, 9259230 Annual Report 2019ZIJIN MINING GROUP CO., LTD. )>, <KeyAuditMatter(1948, 9259230 Annual Report 2019ZIJIN MINING GROUP CO., LTD. )>]","[<KeyAuditMatterTag(4619, 1947, mining)>, <KeyAuditMatterTag(4620, 1948, mining)>]",https://www1.hkexnews.hk/listedco/listconews/sehk/2020/0429/2020042901137.pdf
24,850,9259198,29/04/2020 16:52,2362,JINCHUAN INTL,ANNUAL REPORT 2019,"Financial Statements/ESG Information - [Annual Report / Environmental, Social and Governance Information/Report]",8MB,"[<Auditor(806, 9259198, Deloitte Touche Tohmatsu)>]","[<KeyAuditMatter(1949, 9259198 Depreciation/amortisation of property, plant and equipment and mineral rights for mining operations (Mining Assets))>, <KeyAuditMatter(1950, 9259198 Impairment assessment of property, plant and equipment, mineral rights and exploration and evaluation assets for mining operations (Non-current Assets))>, <KeyAuditMatter(1951, 9259198 Impairment assessment of property, plant and equipment, mineral rights and exploration and evaluation assets (Non-current Assets) (Continued))>]","[<KeyAuditMatterTag(4621, 1949, asset)>, <KeyAuditMatterTag(4622, 1949, mining)>, <KeyAuditMatterTag(4623, 1949, plant and equipment)>, <KeyAuditMatterTag(4624, 1949, property)>, <KeyAuditMatterTag(4625, 1949, right)>, <KeyAuditMatterTag(4626, 1950, assessment)>, <KeyAuditMatterTag(4627, 1950, asset)>, <KeyAuditMatterTag(4628, 1950, impairment)>, <KeyAuditMatterTag(4629, 1950, mining)>, <KeyAuditMatterTag(4630, 1950, plant and equipment)>, <KeyAuditMatterTag(4631, 1950, property)>, <KeyAuditMatterTag(4632, 1950, right)>, <KeyAuditMatterTag(4633, 1950, valuation)>, <KeyAuditMatterTag(4634, 1951, assessment)>, <KeyAuditMatterTag(4635, 1951, asset)>, <KeyAuditMatterTag(4636, 1951, impairment)>, <KeyAuditMatterTag(4637, 1951, plant and equipment)>, <KeyAuditMatterTag(4638, 1951, property)>, <KeyAuditMatterTag(4639, 1951, right)>, <KeyAuditMatterTag(4640, 1951, valuation)>]",https://www1.hkexnews.hk/listedco/listconews/sehk/2020/0429/2020042901105.pdf
25,870,9258913,29/04/2020 16:31,1866,CHINA XLX FERT,Annual Report 2019,Financial Statements/ESG Information - [Annual Report],7MB,"[<Auditor(825, 9258913, Public Accountants and)>]","[<KeyAuditMatter(1991, 9258913 IMPAIRMENT ASSESSMENT OF COAL MINING OPERATION)>]","[<KeyAuditMatterTag(4727, 1991, assessment)>, <KeyAuditMatterTag(4728, 1991, impairment)>, <KeyAuditMatterTag(4729, 1991, mining)>]",https://www1.hkexnews.hk/listedco/listconews/sehk/2020/0429/2020042900826.pdf
26,935,9257287,28/04/2020 19:53,663,KING STONE ENGY,Annual Report 2019,Financial Statements/ESG Information - [Annual Report],2MB,"[<Auditor(890, 9257287, Ernst & Young)>]","[<KeyAuditMatter(2094, 9257287 Impairment assessment of silver mining assets and oil and gas assets)>, <KeyAuditMatter(2095, 9257287 Impairment assessment of silver mining assets and oil and gas assets )>, <KeyAuditMatter(2096, 9257287 Recoverability assessment of lease, factoring, trade and other receivables)>]","[<KeyAuditMatterTag(4957, 2094, assessment)>, <KeyAuditMatterTag(4958, 2094, asset)>, <KeyAuditMatterTag(4959, 2094, impairment)>, <KeyAuditMatterTag(4960, 2094, mining)>, <KeyAuditMatterTag(4961, 2095, assessment)>, <KeyAuditMatterTag(4962, 2095, asset)>, <KeyAuditMatterTag(4963, 2095, impairment)>, <KeyAuditMatterTag(4964, 2095, mining)>, <KeyAuditMatterTag(4965, 2096, assessment)>, <KeyAuditMatterTag(4966, 2096, recoverability)>]",https://www1.hkexnews.hk/listedco/listconews/sehk/2020/0428/2020042802933.pdf
27,948,9256970,28/04/2020 18:47,718,TAI UNITED HOLD,ANNUAL REPORT 2019,"Financial Statements/ESG Information - [Annual Report / Environmental, Social and Governance Information/Report]",2MB,"[<Auditor(902, 9256970, Deloitte Touche Tohmatsu)>]","[<KeyAuditMatter(2121, 9256970 Valuation of investment properties)>, <KeyAuditMatter(2122, 9256970 Estimated impairment of mining rights)>]","[<KeyAuditMatterTag(5017, 2121, investment)>, <KeyAuditMatterTag(5018, 2121, properties)>, <KeyAuditMatterTag(5019, 2121, valuation)>, <KeyAuditMatterTag(5020, 2122, impairment)>, <KeyAuditMatterTag(5021, 2122, mining)>, <KeyAuditMatterTag(5022, 2122, right)>]",https://www1.hkexnews.hk/listedco/listconews/sehk/2020/0428/2020042802616.pdf
28,1160,9253627,27/04/2020 18:46,1258,CHINFMINING,2019 ANNUAL REPORT,"Financial Statements/ESG Information - [Annual Report / Environmental, Social and Governance Information/Report]",4MB,"[<Auditor(1109, 9253627, Deloitte Touche Tohmatsu)>]","[<KeyAuditMatter(2613, 9253627 TO THE MEMBERS OF CHINA NONFERROUS MINING CORPORATION LIMITED)>]","[<KeyAuditMatterTag(6191, 2613, mining)>]",https://www1.hkexnews.hk/listedco/listconews/sehk/2020/0427/2020042702055.pdf
29,1171,9253443,27/04/2020 18:10,81,CH OVS G OCEANS,ANNUAL REPORT 2019,Financial Statements/ESG Information - [Annual Report],8MB,"[<Auditor(1120, 9253443, BDO Limited)>]","[<KeyAuditMatter(2633, 9253443 KEY AUDIT MATTERS (CONTINUED)Determining net realizable value of inventories of propertiesRefer to notes 5.1(b) and 23 in the consolidated financial statements)>, <KeyAuditMatter(2634, 9253443 KEY AUDIT MATTERS (CONTINUED)Recognition of revenue from sales of propertiesRefer to notes 4.16, 5.2(a), 6 and 7 in the consolidated financial statements)>, <KeyAuditMatter(2635, 9253443 KEY AUDIT MATTERS (CONTINUED)Recognition of revenue from sales of properties (Continued))>]","[<KeyAuditMatterTag(6242, 2633, inventories)>, <KeyAuditMatterTag(6243, 2633, mining)>, <KeyAuditMatterTag(6244, 2633, properties)>, <KeyAuditMatterTag(6245, 2633, value)>, <KeyAuditMatterTag(6246, 2634, properties)>, <KeyAuditMatterTag(6247, 2634, recognition)>, <KeyAuditMatterTag(6248, 2634, revenue)>, <KeyAuditMatterTag(6249, 2635, properties)>, <KeyAuditMatterTag(6250, 2635, recognition)>, <KeyAuditMatterTag(6251, 2635, revenue)>]",https://www1.hkexnews.hk/listedco/listconews/sehk/2020/0427/2020042701871.pdf
30,1184,9253241,27/04/2020 17:47,1093,CSPC PHARMA,2019 ANNUAL REPORT,Financial Statements/ESG Information - [Annual Report],3MB,"[<Auditor(1133, 9253241, Deloitte touche tohmatsu)>]","[<KeyAuditMatter(2663, 9253241 Expected credit losses on trade receivables)>, <KeyAuditMatter(2664, 9253241 Impairment assessment of other intangible assets)>, <KeyAuditMatter(2665, 9253241 	Checking	the	mathematical	accuracy	of	the	value	)>, <KeyAuditMatter(2666, 9253241 	Assessing	the	key	factors	in	determining	the	)>, <KeyAuditMatter(2667, 9253241 Provision for inventories)>, <KeyAuditMatter(2668, 9253241 	Testing	the	accuracy	of	the	inventory	ageing	and	)>, <KeyAuditMatter(2669, 9253241 	Testing	the	net	realisable	values	of	the	inventories	)>]","[<KeyAuditMatterTag(6313, 2663, expected credit loss)>, <KeyAuditMatterTag(6314, 2664, assessment)>, <KeyAuditMatterTag(6315, 2664, asset)>, <KeyAuditMatterTag(6316, 2664, impairment)>, <KeyAuditMatterTag(6317, 2665, value)>, <KeyAuditMatterTag(6318, 2666, mining)>, <KeyAuditMatterTag(6319, 2667, inventories)>, <KeyAuditMatterTag(6320, 2667, provision)>, <KeyAuditMatterTag(6321, 2668, inventory)>, <KeyAuditMatterTag(6322, 2669, inventories)>, <KeyAuditMatterTag(6323, 2669, value)>, <KeyAuditMatterTag(6324, 2669, values)>]",https://www1.hkexnews.hk/listedco/listconews/sehk/2020/0427/2020042701669.pdf
31,1198,9253006,27/04/2020 17:21,712,COMTEC SOLAR,Annual Report 2019,"Financial Statements/ESG Information - [Annual Report / Environmental, Social and Governance Information/Report]",10MB,"[<Auditor(1147, 9253006, Mazars CPA Limited)>]","[<KeyAuditMatter(2702, 9253006 Impairment assessment of goodwill arising from acquisitionRefer to Note 21 to the consolidated financial statements)>, <KeyAuditMatter(2703, 9253006 	Examining	the	determination	of	the	recoverable	amount	)>, <KeyAuditMatter(2704, 9253006 significant	judgements	and	estimations.	Discussing	with	management	about	the	cash	flow	projections	used	in	the	value	in	use	calculations;)>, <KeyAuditMatter(2705, 9253006 	Evaluating	the	reasonableness	of	key	assumptions	and	critical	judgement	areas	underpinning	the	value	in	use	)>, <KeyAuditMatter(2706, 9253006 management	judgements	and	estimations.	Checking	arithmetical	accuracy	of	the	calculations.)>]","[<KeyAuditMatterTag(6397, 2702, acquisition)>, <KeyAuditMatterTag(6398, 2702, assessment)>, <KeyAuditMatterTag(6399, 2702, goodwill)>, <KeyAuditMatterTag(6400, 2702, impairment)>, <KeyAuditMatterTag(6401, 2703, mining)>, <KeyAuditMatterTag(6402, 2704, estimation)>, <KeyAuditMatterTag(6403, 2704, value)>, <KeyAuditMatterTag(6404, 2705, value)>, <KeyAuditMatterTag(6405, 2706, estimation)>]",https://www1.hkexnews.hk/listedco/listconews/sehk/2020/0427/2020042701441.pdf
32,1205,9252902,27/04/2020 17:11,1370,AOWEI HOLDING,Annual Report 2019,"Financial Statements/ESG Information - [Annual Report / Environmental, Social and Governance Information/Report]",2MB,"[<Auditor(1154, 9252902, KPMG)>]","[<KeyAuditMatter(2712, 9252902 Assessment of impairment/reversal of impairment on mining assets)>]","[<KeyAuditMatterTag(6418, 2712, assessment)>, <KeyAuditMatterTag(6419, 2712, asset)>, <KeyAuditMatterTag(6420, 2712, impairment)>, <KeyAuditMatterTag(6421, 2712, mining)>]",https://www1.hkexnews.hk/listedco/listconews/sehk/2020/0427/2020042701337.pdf
33,1270,9252224,27/04/2020 16:32,3668,YANCOAL AUS,Annual Report 2019,Financial Statements/ESG Information - [Annual Report],10MB,"[<Auditor(1218, 9252224, ShineWing Australia)>]","[<KeyAuditMatter(2875, 9252224 significant accounting policies and other explanatory information, and the directors declaration)>, <KeyAuditMatter(2876, 9252224 Corporations Act 2001giving a true and fair view of the Groups financial position as at 31 December 2019 and of its performance )>, <KeyAuditMatter(2877, 9252224 Impairment of interest-bearing loan to Watagan Mining Company Pty Ltd (Watagan)(cid:120))>, <KeyAuditMatter(2878, 9252224 Accounting for an associate - Watagan(cid:120))>, <KeyAuditMatter(2879, 9252224 Investments in Associates and Joint Ventures(cid:120)Evaluating managements key valuation )>, <KeyAuditMatter(2880, 9252224 Watagan consolidation assessment (cid:120)Consolidated Financial Statements)>, <KeyAuditMatter(2881, 9252224 Impairment of non-current assets  (cid:120)Assessing the determination of the Groups A substantial portion of the value of the Groups non(cid:120))>, <KeyAuditMatter(2882, 9252224 Impairment of AssetsFinancial Instruments(cid:120))>, <KeyAuditMatter(2883, 9252224 (cid:120)Assessing the Groups impairment disclosures.)>, <KeyAuditMatter(2884, 9252224 Taxation  (cid:120))>, <KeyAuditMatter(2885, 9252224 (cid:120)(cid:120)estimates its tax liabilities based on the Groups interpretation of (cid:120)(cid:120)(cid:120)Assessing the Groups taxation disclosures.)>, <KeyAuditMatter(2886, 9252224 (COT) to continue to carry forward deferred tax )>]","[<KeyAuditMatterTag(6806, 2875, ecl)>, <KeyAuditMatterTag(6807, 2876, fair)>, <KeyAuditMatterTag(6808, 2877, impairment)>, <KeyAuditMatterTag(6809, 2877, mining)>, <KeyAuditMatterTag(6810, 2878, associate)>, <KeyAuditMatterTag(6811, 2879, associate)>, <KeyAuditMatterTag(6812, 2879, investment)>, <KeyAuditMatterTag(6813, 2879, joint ventures)>, <KeyAuditMatterTag(6814, 2879, valuation)>, <KeyAuditMatterTag(6815, 2880, assessment)>, <KeyAuditMatterTag(6816, 2881, asset)>, <KeyAuditMatterTag(6817, 2881, impairment)>, <KeyAuditMatterTag(6818, 2881, value)>, <KeyAuditMatterTag(6819, 2882, asset)>, <KeyAuditMatterTag(6820, 2882, impairment)>, <KeyAuditMatterTag(6821, 2883, impairment)>, <KeyAuditMatterTag(6822, 2884, tax)>, <KeyAuditMatterTag(6823, 2885, tax)>, <KeyAuditMatterTag(6824, 2886, deferred)>, <KeyAuditMatterTag(6825, 2886, tax)>]",https://www1.hkexnews.hk/listedco/listconews/sehk/2020/0427/2020042700659.pdf
34,1378,9249736,24/04/2020 17:02,1303,HUILI RES,2019 Annual Report,Financial Statements/ESG Information - [Annual Report],5MB,"[<Auditor(1322, 9249736, bdO limited)>]","[<KeyAuditMatter(3130, 9249736 Impairment of the mining rights and mining structures)>, <KeyAuditMatter(3131, 9249736 Impairment of the mining rights and mining structures )>, <KeyAuditMatter(3132, 9249736 Impairment of provision of trade receivables, loan receivables and other receivables)>, <KeyAuditMatter(3133, 9249736 Impairment of provision of trade receivables, loan receivables and other receivables(Continued))>]","[<KeyAuditMatterTag(7384, 3130, impairment)>, <KeyAuditMatterTag(7385, 3130, mining)>, <KeyAuditMatterTag(7386, 3130, right)>, <KeyAuditMatterTag(7387, 3131, impairment)>, <KeyAuditMatterTag(7388, 3131, mining)>, <KeyAuditMatterTag(7389, 3131, right)>, <KeyAuditMatterTag(7390, 3132, impairment)>, <KeyAuditMatterTag(7391, 3132, provision)>, <KeyAuditMatterTag(7392, 3133, impairment)>, <KeyAuditMatterTag(7393, 3133, provision)>]",https://www1.hkexnews.hk/listedco/listconews/sehk/2020/0424/2020042401172.pdf
35,1399,9249422,24/04/2020 16:42,3788,CHINA HANKING,2019 Annual Report,Financial Statements/ESG Information - [Annual Report],2MB,"[<Auditor(1343, 9249422, Deloitte Touche Tohmatsu)>]","[<KeyAuditMatter(3174, 9249422 Impairment of long-lived assets (including property, plant and equipment, mining rights, exploration and evaluation assets and right-of-use assets related to Iron Ore Business)Refer to notes 21 to 25)>, <KeyAuditMatter(3175, 9249422 Impairment of Assets)>]","[<KeyAuditMatterTag(7507, 3174, asset)>, <KeyAuditMatterTag(7508, 3174, impairment)>, <KeyAuditMatterTag(7509, 3174, mining)>, <KeyAuditMatterTag(7510, 3174, plant and equipment)>, <KeyAuditMatterTag(7511, 3174, property)>, <KeyAuditMatterTag(7512, 3174, right)>, <KeyAuditMatterTag(7513, 3174, valuation)>, <KeyAuditMatterTag(7514, 3175, asset)>, <KeyAuditMatterTag(7515, 3175, impairment)>]",https://www1.hkexnews.hk/listedco/listconews/sehk/2020/0424/2020042400858.pdf
36,1438,9248913,24/04/2020 08:08,665,HAITONG INT'L,ANNUAL REPORT 2019,Financial Statements/ESG Information - [Annual Report],5MB,"[<Auditor(1381, 9248913, Deloitte Touche Tohmatsu)>]","[<KeyAuditMatter(3244, 9248913 Evaluation of HKFRS 9 Financial Instruments (HKFRS 9) on the application of Expected Credit Loss (ECL) Model on advances to customers in margin financing, advances to customers for merger and acquisition activities, asset-backed financing to customers (collectively referred to as the Advances to Customers) and investment securities at amortised cost (Debt Investment Securities))>, <KeyAuditMatter(3245, 9248913 of	the	ECL	Model	upon	the	adoption	of	HKFRS	9,	as	of	the	ECL	Model	upon	the	adoption	of	HKFRS	9,	and	estimation	by	management	to	determine	the	ECL	)>, <KeyAuditMatter(3246, 9248913 statements,	the	ECL	measurement	involves	significant	application	of	ECL	model	under	HKFRS	9,	)>, <KeyAuditMatter(3247, 9248913 appropriate	models	and	key	inputs	used	in	the	ECL	key	inputs	into	the	model;loss	given	default	(LGD),	and	(ii)	the	selection	and		Understanding	the	key	controls	over	ongoing	information	without	undue	cost	or	effort	in	the	ECL	)>, <KeyAuditMatter(3248, 9248913 lifetime	ECL	rather	than	12-month	ECL.	In	assessing	Securities;)>, <KeyAuditMatter(3249, 9248913 and	appropriateness	of	the	ECL	models	and	)>, <KeyAuditMatter(3250, 9248913 the	key	inputs,	including	PD	and	LGD,	in	the	ECL	model	to	determine	the	impairment	)>, <KeyAuditMatter(3251, 9248913 Investment	Securities	in	stage	1	or	2;	and)>, <KeyAuditMatter(3252, 9248913 	Testing	the	accuracy	and	completeness	of	key	data	sources	applied	in	the	ECL	)>, <KeyAuditMatter(3253, 9248913 Impairment of advances to customers in Stage3)>, <KeyAuditMatter(3254, 9248913 ECL	model	on	Advances	to	Customers	and	Debt	uncertainty	in	determining	the	ECL	amount.)>, <KeyAuditMatter(3255, 9248913 	For	impairment	of	the	Margin	Loan,	our	)>, <KeyAuditMatter(3256, 9248913 An	ECL	of	HK$811	million,	HK$39	million	and	HK$11	)>, <KeyAuditMatter(3257, 9248913 In	assessing	the	lifetime	ECL	on	individual	credit-)>, <KeyAuditMatter(3258, 9248913 Valuation of Level 3 financial instruments)>, <KeyAuditMatter(3259, 9248913 Our	procedures	in	relation	to	the	valuation	of	Level	We	identified	the	valuation	of	Level	3	financial	)>, <KeyAuditMatter(3260, 9248913 	Understanding	the	Groups	valuation	models	and	the	subjectivity	in	determination	of	Level	3	fair	value	for	Level	3	financial	instruments	and	the	key	)>, <KeyAuditMatter(3261, 9248913 	Discussing	with	management,	together	with	at	FVTPL,	asset	acquired	for	financial	products	issued	)>, <KeyAuditMatter(3262, 9248913 necessary,	on	the	valuation	of	the	Level	3	Level	3,	amounted	to	HK$339	million,	HK$2,317	million,	)>]","[<KeyAuditMatterTag(7663, 3244, acquisition)>, <KeyAuditMatterTag(7664, 3244, asset)>, <KeyAuditMatterTag(7665, 3244, ecl)>, <KeyAuditMatterTag(7666, 3244, expected credit loss)>, <KeyAuditMatterTag(7667, 3244, investment)>, <KeyAuditMatterTag(7668, 3244, valuation)>, <KeyAuditMatterTag(7669, 3245, ecl)>, <KeyAuditMatterTag(7670, 3245, estimation)>, <KeyAuditMatterTag(7671, 3246, ecl)>, <KeyAuditMatterTag(7672, 3246, measurement)>, <KeyAuditMatterTag(7673, 3247, ecl)>, <KeyAuditMatterTag(7674, 3248, ecl)>, <KeyAuditMatterTag(7675, 3249, ecl)>, <KeyAuditMatterTag(7676, 3250, ecl)>, <KeyAuditMatterTag(7677, 3250, impairment)>, <KeyAuditMatterTag(7678, 3251, investment)>, <KeyAuditMatterTag(7679, 3252, ecl)>, <KeyAuditMatterTag(7680, 3253, impairment)>, <KeyAuditMatterTag(7681, 3254, ecl)>, <KeyAuditMatterTag(7682, 3254, mining)>, <KeyAuditMatterTag(7683, 3255, impairment)>, <KeyAuditMatterTag(7684, 3256, ecl)>, <KeyAuditMatterTag(7685, 3257, ecl)>, <KeyAuditMatterTag(7686, 3258, valuation)>, <KeyAuditMatterTag(7687, 3259, valuation)>, <KeyAuditMatterTag(7688, 3260, fair)>, <KeyAuditMatterTag(7689, 3260, valuation)>, <KeyAuditMatterTag(7690, 3260, value)>, <KeyAuditMatterTag(7691, 3261, asset)>, <KeyAuditMatterTag(7692, 3262, valuation)>]",https://www1.hkexnews.hk/listedco/listconews/sehk/2020/0424/2020042400361.pdf
37,1472,9247848,23/04/2020 18:16,3993,CMOC,Annual Report 2019,Financial Statements/ESG Information - [Annual Report],4MB,[],"[<KeyAuditMatter(3325, 9247848 (I) Impairment of Mining Rights and Goodwill)>]","[<KeyAuditMatterTag(7837, 3325, goodwill)>, <KeyAuditMatterTag(7838, 3325, impairment)>, <KeyAuditMatterTag(7839, 3325, mining)>, <KeyAuditMatterTag(7840, 3325, right)>]",https://www1.hkexnews.hk/listedco/listconews/sehk/2020/0423/2020042301655.pdf
38,1525,9247094,23/04/2020 16:58,2798,PER ENERGY,Annual Report 2019,"Financial Statements/ESG Information - [Annual Report / Environmental, Social and Governance Information/Report]",2MB,"[<Auditor(1463, 9247094, Deloitte Touche Tohmatsu)>]","[<KeyAuditMatter(3450, 9247094 (Incorporated in the Cayman Islands with limited liability))>, <KeyAuditMatter(3451, 9247094 (Incorporated in the Cayman Islands with limited liability))>, <KeyAuditMatter(3452, 9247094 Depreciation of mining structures included in property, plant and equipment and amortisation of mining rights)>]","[<KeyAuditMatterTag(8114, 3450, land)>, <KeyAuditMatterTag(8115, 3451, land)>, <KeyAuditMatterTag(8116, 3452, mining)>, <KeyAuditMatterTag(8117, 3452, plant and equipment)>, <KeyAuditMatterTag(8118, 3452, property)>, <KeyAuditMatterTag(8119, 3452, right)>]",https://www1.hkexnews.hk/listedco/listconews/sehk/2020/0423/2020042300901.pdf
39,1604,9245606,22/04/2020 18:48,1171,YANZHOU COAL,Annual Report 2019,Financial Statements/ESG Information - [Annual Report],2MB,"[<Auditor(1538, 9245606, SHINEWING (HK) CPA Limited)>]","[<KeyAuditMatter(3605, 9245606 TO THE SHAREHOLDERS OF YANZHOU COAL MINING COMPANY LIMITED(A joint stock company with limited liability established in the Peoples Republic of China))>, <KeyAuditMatter(3606, 9245606 IMPAIRMENT OF INTANGIBLE ASSETS)>, <KeyAuditMatter(3607, 9245606 IMPAIRMENT OF PROPERTY, PLANT AND EQUIPMENT)>, <KeyAuditMatter(3608, 9245606 IMPAIRMENT ASSESSMENT ON GOODWILL)>]","[<KeyAuditMatterTag(8479, 3605, mining)>, <KeyAuditMatterTag(8480, 3606, asset)>, <KeyAuditMatterTag(8481, 3606, impairment)>, <KeyAuditMatterTag(8482, 3607, impairment)>, <KeyAuditMatterTag(8483, 3607, plant and equipment)>, <KeyAuditMatterTag(8484, 3607, property)>, <KeyAuditMatterTag(8485, 3608, assessment)>, <KeyAuditMatterTag(8486, 3608, goodwill)>, <KeyAuditMatterTag(8487, 3608, impairment)>]",https://www1.hkexnews.hk/listedco/listconews/sehk/2020/0422/2020042201328.pdf
40,1614,9245420,22/04/2020 17:47,1529,GOAL RISE,ANNUAL REPORT 2019,Financial Statements/ESG Information - [Annual Report],4MB,"[<Auditor(1547, 9245420, Deloitte Touche Tohmatsu)>]","[<KeyAuditMatter(3627, 9245420 Estimated provision of expected credit losses for trade receivables)>, <KeyAuditMatter(3628, 9245420 	Assessing	managements	basis	in	determining	allowance	)>]","[<KeyAuditMatterTag(8522, 3627, expected credit loss)>, <KeyAuditMatterTag(8523, 3627, provision)>, <KeyAuditMatterTag(8524, 3628, mining)>]",https://www1.hkexnews.hk/listedco/listconews/sehk/2020/0422/2020042201142.pdf
41,1628,9245097,22/04/2020 17:04,975,MONGOL MINING,ANNUAL REPORT 2019,"Financial Statements/ESG Information - [Annual Report / Environmental, Social and Governance Information/Report]",4MB,"[<Auditor(1561, 9245097, KPMG)>]","[<KeyAuditMatter(3657, 9245097 Assessing impairment of mining related assets)>]","[<KeyAuditMatterTag(8601, 3657, asset)>, <KeyAuditMatterTag(8602, 3657, impairment)>, <KeyAuditMatterTag(8603, 3657, mining)>]",https://www1.hkexnews.hk/listedco/listconews/sehk/2020/0422/2020042200823.pdf
42,1669,9244620,22/04/2020 13:04,3882,SKYLIGHT HLDG,2019 ANNUAL REPORT,Financial Statements/ESG Information - [Annual Report],5MB,"[<Auditor(1601, 9244620, Ernst & Young)>]","[<KeyAuditMatter(3737, 9244620 To the members of Sky Light Holdings Limited(Incorporated in the Cayman Islands with limited liability))>, <KeyAuditMatter(3738, 9244620 Impairment assessment of trade receivables)>, <KeyAuditMatter(3739, 9244620 provision	matrix;	(ii)	examining	the	information	used	by	)>, <KeyAuditMatter(3740, 9244620 Property, plant and equipment impairment review)>, <KeyAuditMatter(3741, 9244620 Inventory provision)>]","[<KeyAuditMatterTag(8805, 3737, land)>, <KeyAuditMatterTag(8806, 3738, assessment)>, <KeyAuditMatterTag(8807, 3738, impairment)>, <KeyAuditMatterTag(8808, 3739, mining)>, <KeyAuditMatterTag(8809, 3739, provision)>, <KeyAuditMatterTag(8810, 3740, impairment)>, <KeyAuditMatterTag(8811, 3740, plant and equipment)>, <KeyAuditMatterTag(8812, 3740, property)>, <KeyAuditMatterTag(8813, 3741, inventory)>, <KeyAuditMatterTag(8814, 3741, provision)>]",https://www1.hkexnews.hk/listedco/listconews/sehk/2020/0422/2020042200357.pdf
43,1755,9241663,20/04/2020 17:32,1818,ZHAOJIN MINING,ANNUAL REPORT 2019,Financial Statements/ESG Information - [Annual Report],1MB,"[<Auditor(1687, 9241663, Ernst & Young)>]","[<KeyAuditMatter(3903, 9241663 Independent auditors reportTo the shareholders of Zhaojin Mining Industry Company Limited(A joint stock company established in the Peoples Republic of China with limited liability))>, <KeyAuditMatter(3904, 9241663 Impairment of goodwill)>, <KeyAuditMatter(3905, 9241663 Business combinations and goodwillEstimation uncertainty)>, <KeyAuditMatter(3906, 9241663 Impairment of property, plant and equipment, right-of-use assets and other intangible assets)>, <KeyAuditMatter(3907, 9241663 Property, plant and equipment and depreciationIntangible assets (other than goodwill)Estimation uncertainty)>]","[<KeyAuditMatterTag(9235, 3903, mining)>, <KeyAuditMatterTag(9236, 3904, goodwill)>, <KeyAuditMatterTag(9237, 3904, impairment)>, <KeyAuditMatterTag(9238, 3905, business combination)>, <KeyAuditMatterTag(9239, 3905, estimation)>, <KeyAuditMatterTag(9240, 3905, goodwill)>, <KeyAuditMatterTag(9241, 3906, asset)>, <KeyAuditMatterTag(9242, 3906, impairment)>, <KeyAuditMatterTag(9243, 3906, plant and equipment)>, <KeyAuditMatterTag(9244, 3906, property)>, <KeyAuditMatterTag(9245, 3906, right)>, <KeyAuditMatterTag(9246, 3907, asset)>, <KeyAuditMatterTag(9247, 3907, estimation)>, <KeyAuditMatterTag(9248, 3907, goodwill)>, <KeyAuditMatterTag(9249, 3907, plant and equipment)>, <KeyAuditMatterTag(9250, 3907, property)>]",https://www1.hkexnews.hk/listedco/listconews/sehk/2020/0420/2020042000864.pdf
44,1908,9237294,16/04/2020 16:36,195,GREENTECH INTL,Annual Report 2019,Financial Statements/ESG Information - [Annual Report],9MB,"[<Auditor(1834, 9237294, Deloitte Touche Tohmatsu)>]","[<KeyAuditMatter(4290, 9237294 Impairment assessment on mining related property, plant and equipment, right-of-use assets and exploration and evaluation assets)>]","[<KeyAuditMatterTag(10079, 4290, assessment)>, <KeyAuditMatterTag(10080, 4290, asset)>, <KeyAuditMatterTag(10081, 4290, impairment)>, <KeyAuditMatterTag(10082, 4290, mining)>, <KeyAuditMatterTag(10083, 4290, plant and equipment)>, <KeyAuditMatterTag(10084, 4290, property)>, <KeyAuditMatterTag(10085, 4290, right)>, <KeyAuditMatterTag(10086, 4290, valuation)>]",https://www1.hkexnews.hk/listedco/listconews/sehk/2020/0416/2020041600427.pdf
45,1956,9235581,15/04/2020 16:37,639,SHOUGANG RES,Annual Report 2019,"Financial Statements/ESG Information - [Annual Report / Environmental, Social and Governance Information/Report]",5MB,"[<Auditor(1880, 9235581, PricewaterhouseCoopers)>]","[<KeyAuditMatter(4389, 9235581 Impairment assessments of goodwill, mining rights and property, plant and equipment)>, <KeyAuditMatter(4390, 9235581 Impairment assessments of goodwill, mining rights and property, plant and equipment (continued))>, <KeyAuditMatter(4391, 9235581 Impairment assessments of goodwill, mining rights and property, plant and equipment (continued))>]","[<KeyAuditMatterTag(10310, 4389, assessment)>, <KeyAuditMatterTag(10311, 4389, goodwill)>, <KeyAuditMatterTag(10312, 4389, impairment)>, <KeyAuditMatterTag(10313, 4389, mining)>, <KeyAuditMatterTag(10314, 4389, plant and equipment)>, <KeyAuditMatterTag(10315, 4389, property)>, <KeyAuditMatterTag(10316, 4389, right)>, <KeyAuditMatterTag(10317, 4390, assessment)>, <KeyAuditMatterTag(10318, 4390, goodwill)>, <KeyAuditMatterTag(10319, 4390, impairment)>, <KeyAuditMatterTag(10320, 4390, mining)>, <KeyAuditMatterTag(10321, 4390, plant and equipment)>, <KeyAuditMatterTag(10322, 4390, property)>, <KeyAuditMatterTag(10323, 4390, right)>, <KeyAuditMatterTag(10324, 4391, assessment)>, <KeyAuditMatterTag(10325, 4391, goodwill)>, <KeyAuditMatterTag(10326, 4391, impairment)>, <KeyAuditMatterTag(10327, 4391, mining)>, <KeyAuditMatterTag(10328, 4391, plant and equipment)>, <KeyAuditMatterTag(10329, 4391, property)>, <KeyAuditMatterTag(10330, 4391, right)>]",https://www1.hkexnews.hk/listedco/listconews/sehk/2020/0415/2020041500485.pdf
46,2087,9225286,03/04/2020 18:00,2133,GREENWAY MINING,2019 ANNUAL REPORT,"Financial Statements/ESG Information - [Annual Report / Environmental, Social and Governance Information/Report]",8MB,"[<Auditor(2006, 9225286, Ernst & Young)>]","[<KeyAuditMatter(4666, 9225286 Independent Auditors ReportTo the shareholders of Greenway Mining Group Limited(Incorporated in the Cayman Islands with limited liability))>, <KeyAuditMatter(4667, 9225286 Impairment assessment of non-current assets)>, <KeyAuditMatter(4668, 9225286 Estimation of mineral reserves)>, <KeyAuditMatter(4669, 9225286 Deferred tax assets)>]","[<KeyAuditMatterTag(10951, 4666, land)>, <KeyAuditMatterTag(10952, 4666, mining)>, <KeyAuditMatterTag(10953, 4667, assessment)>, <KeyAuditMatterTag(10954, 4667, asset)>, <KeyAuditMatterTag(10955, 4667, impairment)>, <KeyAuditMatterTag(10956, 4668, estimation)>, <KeyAuditMatterTag(10957, 4669, asset)>, <KeyAuditMatterTag(10958, 4669, deferred)>, <KeyAuditMatterTag(10959, 4669, tax)>]",https://www1.hkexnews.hk/listedco/listconews/sehk/2020/0403/2020040301475.pdf
47,2167,9212606,31/03/2020 07:13,2099,CHINAGOLDINTL,Annual Report 2019,Financial Statements/ESG Information - [Annual Report],2MB,"[<Auditor(2081, 9212606, Deloitte Touche Tohmatsu)>]","[<KeyAuditMatter(4842, 9212606 Impairment assessment of mining rights and How our audit addressed the key audit matterproperty, plant and equipment)>]","[<KeyAuditMatterTag(11347, 4842, assessment)>, <KeyAuditMatterTag(11348, 4842, impairment)>, <KeyAuditMatterTag(11349, 4842, mining)>, <KeyAuditMatterTag(11350, 4842, plant and equipment)>, <KeyAuditMatterTag(11351, 4842, property)>, <KeyAuditMatterTag(11352, 4842, right)>]",https://www1.hkexnews.hk/listedco/listconews/sehk/2020/0331/2020033100413.pdf
48,2435,3619866,24/10/2019 16:41,513,CONTINENTAL H,ANNUAL REPORT 2019,Financial Statements/ESG Information - [Annual Report],5105KB,"[<Auditor(2337, 3619866, BDO Limited)>]","[<KeyAuditMatter(5409, 3619866 Impairment assessment of mining right and related non-financial assets(Refer to notes 3.7, 3.8, 3.10, 3.11, 4, 14, 15, and 17 to the consolidated financial statements))>, <KeyAuditMatter(5410, 3619866 Valuation of investment properties(Refer to notes 3.9, 4 and 16 to the consolidated financial statements))>]","[<KeyAuditMatterTag(12584, 5409, assessment)>, <KeyAuditMatterTag(12585, 5409, asset)>, <KeyAuditMatterTag(12586, 5409, financial asset)>, <KeyAuditMatterTag(12587, 5409, impairment)>, <KeyAuditMatterTag(12588, 5409, mining)>, <KeyAuditMatterTag(12589, 5409, right)>, <KeyAuditMatterTag(12590, 5410, investment)>, <KeyAuditMatterTag(12591, 5410, properties)>, <KeyAuditMatterTag(12592, 5410, valuation)>]",https://www1.hkexnews.hk/listedco/listconews/sehk/2019/1024/ltn20191024047.pdf
49,2436,3619862,24/10/2019 16:39,1166,SOLARTECH INT'L,ANNUAL REPORT 2019,"Financial Statements/ESG Information - [Annual Report / Environmental, Social and Governance Information/Report]",3741KB,"[<Auditor(2338, 3619862, BDO Limited)>]","[<KeyAuditMatter(5411, 3619862 Impairment of intangible asset  mining right)>, <KeyAuditMatter(5412, 3619862 CGUMining CGU)>, <KeyAuditMatter(5413, 3619862 Impairment of interests in associates and interests in joint ventures)>, <KeyAuditMatter(5414, 3619862 Impairment assessment of property, plant and equipment)>]","[<KeyAuditMatterTag(12593, 5411, asset)>, <KeyAuditMatterTag(12594, 5411, impairment)>, <KeyAuditMatterTag(12595, 5411, mining)>, <KeyAuditMatterTag(12596, 5411, right)>, <KeyAuditMatterTag(12597, 5412, mining)>, <KeyAuditMatterTag(12598, 5413, associate)>, <KeyAuditMatterTag(12599, 5413, impairment)>, <KeyAuditMatterTag(12600, 5413, joint ventures)>, <KeyAuditMatterTag(12601, 5414, assessment)>, <KeyAuditMatterTag(12602, 5414, impairment)>, <KeyAuditMatterTag(12603, 5414, plant and equipment)>, <KeyAuditMatterTag(12604, 5414, property)>]",https://www1.hkexnews.hk/listedco/listconews/sehk/2019/1024/ltn20191024043.pdf
50,2456,9283682,15/05/2020 22:56,661,CDAYENONFER,Annual Report 2019,Financial Statements/ESG Information - [Annual Report],4MB,"[<Auditor(2357, 9283682, Deloitte Touche Tohmatsu)>]","[<KeyAuditMatter(5474, 9283682 TO THE MEMBERS OFCHINA DAYE NON-FERROUS METALS MINING LIMITED)>, <KeyAuditMatter(5475, 9283682 Key audit matterHow our audit addressed the key audit matterImpairment assessment of property,plant and equipment, right-of-use assetsand mining rights attributable to a copper mine)>]","[<KeyAuditMatterTag(12735, 5474, mining)>, <KeyAuditMatterTag(12736, 5475, assessment)>, <KeyAuditMatterTag(12737, 5475, asset)>, <KeyAuditMatterTag(12738, 5475, impairment)>, <KeyAuditMatterTag(12739, 5475, mining)>, <KeyAuditMatterTag(12740, 5475, plant and equipment)>, <KeyAuditMatterTag(12741, 5475, property)>, <KeyAuditMatterTag(12742, 5475, right)>]",https://www1.hkexnews.hk/listedco/listconews/sehk/2020/0515/2020051502373.pdf
51,2480,9275504,11/05/2020 18:15,3939,WANGUO MINING,Annual Report 2019,"Financial Statements/ESG Information - [Annual Report / Environmental, Social and Governance Information/Report]",4MB,"[<Auditor(2380, 9275504, Crowe (HK) CPA Limited)>]","[<KeyAuditMatter(5514, 9275504 TO THE SHAREHOLDERS OF WANGUO INTERNATIONAL MINING GROUP LIMITED)>]","[<KeyAuditMatterTag(12835, 5514, mining)>]",https://www1.hkexnews.hk/listedco/listconews/sehk/2020/0511/2020051100916.pdf
52,2488,9273205,08/05/2020 16:39,274,C BILLION RES,ANNUAL REPORT 2019,Financial Statements/ESG Information - [Annual Report],2MB,"[<Auditor(2388, 9273205, ZHONGHUI ANDA CPA Limited)>]","[<KeyAuditMatter(5530, 9273205 PROPERTY, PLANT AND EQUIPMENT AND MINING RIGHT)>]","[<KeyAuditMatterTag(12866, 5530, mining)>, <KeyAuditMatterTag(12867, 5530, plant and equipment)>, <KeyAuditMatterTag(12868, 5530, property)>, <KeyAuditMatterTag(12869, 5530, right)>]",https://www1.hkexnews.hk/listedco/listconews/sehk/2020/0508/2020050800529.pdf
