,id,news_id,date_time,stock_code,stock_name,title,long_text,file_info,audit_firms,kams,kam_tags,file_link
0,140,9376376,30/07/2020 17:31,259,YEEBO (INT'L H),2019/20 ANNUAL REPORT,Financial Statements/ESG Information - [Annual Report],1MB,"[<Auditor(130, 9376376, Deloitte Touche Tohmatsu)>]","[<KeyAuditMatter(251, 9376376 We identified valuation of trade receivables Our procedures in relation to impairment as a key audit matter due to the involvement )>, <KeyAuditMatter(252, 9376376 credit losses (eCL) of trade receivables based  Challenging managements basis in determining )>, <KeyAuditMatter(253, 9376376 category in the provision matrix (with reference looking information.to historical default rates and forward-looking information); and)>, <KeyAuditMatter(254, 9376376 We identified the valuation of inventories as a key Our procedures in relation to assessing the )>, <KeyAuditMatter(255, 9376376 measurement of the allowance for inventories;)>, <KeyAuditMatter(256, 9376376 assessment of the allowance for inventories;usability and saleability of inventories taking into account the nature of inventories, prevailing market  Testing the accuracy of the inventory ageing )>, <KeyAuditMatter(257, 9376376 usages/sales. Where the inventories are determined for inventories;)>, <KeyAuditMatter(258, 9376376  Testing the net realisable values of inventories )>, <KeyAuditMatter(259, 9376376 latest selling prices in recent sales or the market prices, on a sample basis; and)>, <KeyAuditMatter(260, 9376376 amount of inventories is HK$111,450,000 (net of allowance for inventories of HK$51,912,000).)>]","[<KeyAuditMatterTag(591, 251, impairment)>, <KeyAuditMatterTag(592, 251, valuation)>, <KeyAuditMatterTag(593, 252, ecl)>, <KeyAuditMatterTag(594, 252, mining)>, <KeyAuditMatterTag(595, 253, provision)>, <KeyAuditMatterTag(596, 254, inventories)>, <KeyAuditMatterTag(597, 254, valuation)>, <KeyAuditMatterTag(598, 255, inventories)>, <KeyAuditMatterTag(599, 255, measurement)>, <KeyAuditMatterTag(600, 256, assessment)>, <KeyAuditMatterTag(601, 256, inventories)>, <KeyAuditMatterTag(602, 256, inventory)>, <KeyAuditMatterTag(603, 257, inventories)>, <KeyAuditMatterTag(604, 258, inventories)>, <KeyAuditMatterTag(605, 258, net realisable value)>, <KeyAuditMatterTag(606, 258, value)>, <KeyAuditMatterTag(607, 258, values)>, <KeyAuditMatterTag(608, 259, price)>, <KeyAuditMatterTag(609, 260, inventories)>]",https://www1.hkexnews.hk/listedco/listconews/sehk/2020/0730/2020073001035.pdf
1,151,9376158,30/07/2020 16:51,989,GROUND INTL DEV,2019/20 Annual Report,"Financial Statements/ESG Information - [Annual Report / Environmental, Social and Governance Information/Report]",11MB,"[<Auditor(141, 9376158, Mazars CPA Limited)>]","[<KeyAuditMatter(286, 9376158 Net realisable value of properties under development and completed properties held for sale)>, <KeyAuditMatter(287, 9376158  Checking the expected selling price to the prices of )>, <KeyAuditMatter(288, 9376158  If the net realisable value is based on the valuation )>, <KeyAuditMatter(289, 9376158 Expected credit loss (ECL) on entrusted loan receivables and provision for guarantee losses)>, <KeyAuditMatter(290, 9376158  Evaluating the estimation methodology and input )>]","[<KeyAuditMatterTag(667, 286, net realisable value)>, <KeyAuditMatterTag(668, 286, properties)>, <KeyAuditMatterTag(669, 286, value)>, <KeyAuditMatterTag(670, 287, price)>, <KeyAuditMatterTag(671, 288, net realisable value)>, <KeyAuditMatterTag(672, 288, valuation)>, <KeyAuditMatterTag(673, 288, value)>, <KeyAuditMatterTag(674, 289, ecl)>, <KeyAuditMatterTag(675, 289, expected credit loss)>, <KeyAuditMatterTag(676, 289, provision)>, <KeyAuditMatterTag(677, 290, estimation)>]",https://www1.hkexnews.hk/listedco/listconews/sehk/2020/0730/2020073000823.pdf
2,313,9364371,21/07/2020 17:09,1172,MAGNUSCONCORDIA,ANNUAL REPORT 2020,"Financial Statements/ESG Information - [Annual Report / Environmental, Social and Governance Information/Report]",9MB,"[<Auditor(299, 9364371, Ernst & Young)>]","[<KeyAuditMatter(771, 9364371 Valuation of investment properties)>, <KeyAuditMatter(772, 9364371 Purchase price allocation for a business combination)>, <KeyAuditMatter(773, 9364371 Net realisable value of completed properties for sale and properties under development)>]","[<KeyAuditMatterTag(1863, 771, investment)>, <KeyAuditMatterTag(1864, 771, properties)>, <KeyAuditMatterTag(1865, 771, valuation)>, <KeyAuditMatterTag(1866, 772, allocation)>, <KeyAuditMatterTag(1867, 772, business combination)>, <KeyAuditMatterTag(1868, 772, price)>, <KeyAuditMatterTag(1869, 772, purchase)>, <KeyAuditMatterTag(1870, 773, net realisable value)>, <KeyAuditMatterTag(1871, 773, properties)>, <KeyAuditMatterTag(1872, 773, value)>]",https://www1.hkexnews.hk/listedco/listconews/sehk/2020/0721/2020072100713.pdf
3,515,9333222,29/06/2020 17:16,8060,GLOBAL LINK,ANNUAL REPORT 2019/20,Financial Statements/ESG Information - [Annual Report],2MB,"[<Auditor(493, 9333222, Crowe (HK) CPA Limited)>]","[<KeyAuditMatter(1213, 9333222 KEY AUDIT MATTERS Impairment of intangible assets)>, <KeyAuditMatter(1214, 9333222 KEY AUDIT MATTERS Purchase price allocation of a business combination)>, <KeyAuditMatter(1215, 9333222 KEY AUDIT MATTERS Impairment of goodwill)>, <KeyAuditMatter(1216, 9333222 KEY AUDIT MATTERS Impairment of trade receivables and contract assets)>]","[<KeyAuditMatterTag(2889, 1213, asset)>, <KeyAuditMatterTag(2890, 1213, impairment)>, <KeyAuditMatterTag(2891, 1214, allocation)>, <KeyAuditMatterTag(2892, 1214, business combination)>, <KeyAuditMatterTag(2893, 1214, price)>, <KeyAuditMatterTag(2894, 1214, purchase)>, <KeyAuditMatterTag(2895, 1215, goodwill)>, <KeyAuditMatterTag(2896, 1215, impairment)>, <KeyAuditMatterTag(2897, 1216, asset)>, <KeyAuditMatterTag(2898, 1216, impairment)>]",https://www1.hkexnews.hk/listedco/listconews/gem/2020/0629/2020062900814.pdf
4,588,9315865,11/06/2020 16:42,8476,OCEAN ONE HLDG,ANNUAL REPORT 2020,"Financial Statements/ESG Information - [Annual Report / Environmental, Social and Governance Information/Report]",2MB,"[<Auditor(563, 9315865, Deloitte Touche Tohmatsu)>]","[<KeyAuditMatter(1344, 9315865 Net realisable value (NRV) assessment of inventories)>, <KeyAuditMatter(1345, 9315865 	Testing	the	aging	analysis	of	inventories,	on	a	sample	)>, <KeyAuditMatter(1346, 9315865 	Checking	the	subsequent	selling	prices	of	inventories,	)>]","[<KeyAuditMatterTag(3191, 1344, assessment)>, <KeyAuditMatterTag(3192, 1344, inventories)>, <KeyAuditMatterTag(3193, 1344, net realisable value)>, <KeyAuditMatterTag(3194, 1344, value)>, <KeyAuditMatterTag(3195, 1345, inventories)>, <KeyAuditMatterTag(3196, 1346, inventories)>, <KeyAuditMatterTag(3197, 1346, price)>]",https://www1.hkexnews.hk/listedco/listconews/gem/2020/0611/2020061100420.pdf
5,727,9279530,14/05/2020 16:32,1176,ZHUGUANG HOLD,Annual Report 2019,"Financial Statements/ESG Information - [Annual Report / Environmental, Social and Governance Information/Report]",6MB,"[<Auditor(700, 9279530, Ernst & Young)>]","[<KeyAuditMatter(1680, 9279530 Key audit matterHow our audit addressed the key audit matterImpairment	assessment	on	deposits	for	acquisition	of	equity	interests	in	property	development	projects	and	other	receivables	for	urban	redevelopment	projects)>, <KeyAuditMatter(1681, 9279530 Key audit matterHow our audit addressed the key audit matterFair	value	measurement	of	other	receivables	at	fair	value	through	profit	or	loss)>, <KeyAuditMatter(1682, 9279530 Key audit matterHow our audit addressed the key audit matterValuation of investment properties)>, <KeyAuditMatter(1683, 9279530 Key audit matterHow our audit addressed the key audit matterPurchase price allocation for acquisition of an associate)>]","[<KeyAuditMatterTag(4002, 1680, acquisition)>, <KeyAuditMatterTag(4003, 1680, assessment)>, <KeyAuditMatterTag(4004, 1680, impairment)>, <KeyAuditMatterTag(4005, 1680, property)>, <KeyAuditMatterTag(4006, 1681, fair)>, <KeyAuditMatterTag(4007, 1681, measurement)>, <KeyAuditMatterTag(4008, 1681, value)>, <KeyAuditMatterTag(4009, 1682, investment)>, <KeyAuditMatterTag(4010, 1682, properties)>, <KeyAuditMatterTag(4011, 1682, valuation)>, <KeyAuditMatterTag(4012, 1683, acquisition)>, <KeyAuditMatterTag(4013, 1683, allocation)>, <KeyAuditMatterTag(4014, 1683, associate)>, <KeyAuditMatterTag(4015, 1683, price)>, <KeyAuditMatterTag(4016, 1683, purchase)>]",https://www1.hkexnews.hk/listedco/listconews/sehk/2020/0514/2020051400499.pdf
6,772,9481332,22/10/2020 17:00,1752,TOP EDUCATION,ANNUAL REPORT 2020,"Financial Statements/ESG Information - [Annual Report / Environmental, Social and Governance Information/Report]",5MB,[],"[<KeyAuditMatter(1799, 9481332 Revenue Recognition)>, <KeyAuditMatter(1800, 9481332  Evaluated the Groups revenue accounting and )>, <KeyAuditMatter(1801, 9481332  Tested a sample of transactions by agreeing revenue )>, <KeyAuditMatter(1802, 9481332  For a sample of revenue transactions we assessed )>, <KeyAuditMatter(1803, 9481332 Business Acquisition  Scots English College)>, <KeyAuditMatter(1804, 9481332  Reviewed Managements assessment of, and )>, <KeyAuditMatter(1805, 9481332  Agreed the purchase price paid to bank statements, )>, <KeyAuditMatter(1806, 9481332  With the involvement of our valuation specialists, )>, <KeyAuditMatter(1807, 9481332  Assessed the adequacy of the business acquisition )>]","[<KeyAuditMatterTag(4279, 1799, recognition)>, <KeyAuditMatterTag(4280, 1799, revenue)>, <KeyAuditMatterTag(4281, 1800, revenue)>, <KeyAuditMatterTag(4282, 1801, revenue)>, <KeyAuditMatterTag(4283, 1802, revenue)>, <KeyAuditMatterTag(4284, 1803, acquisition)>, <KeyAuditMatterTag(4285, 1804, assessment)>, <KeyAuditMatterTag(4286, 1805, price)>, <KeyAuditMatterTag(4287, 1805, purchase)>, <KeyAuditMatterTag(4288, 1806, valuation)>, <KeyAuditMatterTag(4289, 1807, acquisition)>]",https://www1.hkexnews.hk/listedco/listconews/sehk/2020/1022/2020102200474.pdf
7,794,9261072,29/04/2020 21:32,708,EVERG HEALTH,Annual Report 2019,Financial Statements/ESG Information - [Annual Report],2MB,"[<Auditor(761, 9261072, PricewaterhouseCoopers)>]","[<KeyAuditMatter(1854, 9261072 	Health	Management	Segment		Assessment	of	net	realisable	value	of	properties	under	development	and	)>, <KeyAuditMatter(1855, 9261072 	New	Energy	Vehicle	Segment		Impairment	assessment	on	goodwill)>, <KeyAuditMatter(1856, 9261072 	New	Energy	Vehicle	Segment		Fair	value	of	financial	asset	at	fair	value	through	profit	or	loss)>, <KeyAuditMatter(1857, 9261072 Health Management Segment  Assessment of net realisable value of properties under development and completed properties held for sale)>, <KeyAuditMatter(1858, 9261072 	Estimated	selling	price	which	is	based	on	)>, <KeyAuditMatter(1859, 9261072 New Energy Vehicle Segment  Impairment assessment on goodwill )>, <KeyAuditMatter(1860, 9261072 New Energy Vehicle Segment  Fair value of financial asset at fair value through profit or loss )>]","[<KeyAuditMatterTag(4420, 1854, assessment)>, <KeyAuditMatterTag(4421, 1854, properties)>, <KeyAuditMatterTag(4422, 1854, value)>, <KeyAuditMatterTag(4423, 1855, assessment)>, <KeyAuditMatterTag(4424, 1855, goodwill)>, <KeyAuditMatterTag(4425, 1855, impairment)>, <KeyAuditMatterTag(4426, 1856, asset)>, <KeyAuditMatterTag(4427, 1856, fair)>, <KeyAuditMatterTag(4428, 1856, value)>, <KeyAuditMatterTag(4429, 1857, assessment)>, <KeyAuditMatterTag(4430, 1857, net realisable value)>, <KeyAuditMatterTag(4431, 1857, properties)>, <KeyAuditMatterTag(4432, 1857, value)>, <KeyAuditMatterTag(4433, 1858, price)>, <KeyAuditMatterTag(4434, 1859, assessment)>, <KeyAuditMatterTag(4435, 1859, goodwill)>, <KeyAuditMatterTag(4436, 1859, impairment)>, <KeyAuditMatterTag(4437, 1860, asset)>, <KeyAuditMatterTag(4438, 1860, fair)>, <KeyAuditMatterTag(4439, 1860, financial asset)>, <KeyAuditMatterTag(4440, 1860, value)>]",https://www1.hkexnews.hk/listedco/listconews/sehk/2020/0429/2020042902995.pdf
8,979,9256383,28/04/2020 17:35,1987,BENG SOON MACH,ANNUAL REPORT 2019,Financial Statements/ESG Information - [Annual Report],8MB,"[<Auditor(933, 9256383, PricewaterhouseCoopers)>]","[<KeyAuditMatter(2200, 9256383 (a) Transaction price of demolition service projects)>, <KeyAuditMatter(2201, 9256383 	Inspected	the	signed	contracts	and	correspondence	with	)>, <KeyAuditMatter(2202, 9256383 	Assessed	the	effectiveness	of	managements	estimation	)>, <KeyAuditMatter(2203, 9256383 (b) Measurement on progress)>, <KeyAuditMatter(2204, 9256383 	Assessed	the	effectiveness	of	managements	estimation	)>]","[<KeyAuditMatterTag(5194, 2200, price)>, <KeyAuditMatterTag(5195, 2201, contracts)>, <KeyAuditMatterTag(5196, 2202, estimation)>, <KeyAuditMatterTag(5197, 2203, measurement)>, <KeyAuditMatterTag(5198, 2204, estimation)>]",https://www1.hkexnews.hk/listedco/listconews/sehk/2020/0428/2020042802029.pdf
9,1099,9255070,28/04/2020 16:30,3333,EVERGRANDE,2019 Annual Report,Financial Statements/ESG Information - [Annual Report],17MB,"[<Auditor(1051, 9255070, PricewaterhouseCoopers)>]","[<KeyAuditMatter(2461, 9255070 	Assessment	of	net	realisable	value	of	properties	under	development	and	completed	properties	held	for	sale)>, <KeyAuditMatter(2462, 9255070 	Fair	value	of	investment	properties)>, <KeyAuditMatter(2463, 9255070 	Fair	value	of	derivative	financial	liabilities	arising	from	strategy	investment	in	a	major	subsidiary)>, <KeyAuditMatter(2464, 9255070 Assessment of net realisable value of properties under development and completed properties held for sale)>, <KeyAuditMatter(2465, 9255070 	Estimated	selling	price	which	is	based	on	the	)>, <KeyAuditMatter(2466, 9255070 Fair value of investment properties)>, <KeyAuditMatter(2467, 9255070 Fair value of derivative financial liabilities arising from strategy investment in a major subsidiary)>, <KeyAuditMatter(2468, 9255070 	comparing	the	revenue	growth	rates	with	)>]","[<KeyAuditMatterTag(5816, 2461, assessment)>, <KeyAuditMatterTag(5817, 2461, properties)>, <KeyAuditMatterTag(5818, 2461, value)>, <KeyAuditMatterTag(5819, 2462, fair)>, <KeyAuditMatterTag(5820, 2462, investment)>, <KeyAuditMatterTag(5821, 2462, properties)>, <KeyAuditMatterTag(5822, 2462, value)>, <KeyAuditMatterTag(5823, 2463, fair)>, <KeyAuditMatterTag(5824, 2463, investment)>, <KeyAuditMatterTag(5825, 2463, value)>, <KeyAuditMatterTag(5826, 2464, assessment)>, <KeyAuditMatterTag(5827, 2464, net realisable value)>, <KeyAuditMatterTag(5828, 2464, properties)>, <KeyAuditMatterTag(5829, 2464, value)>, <KeyAuditMatterTag(5830, 2465, price)>, <KeyAuditMatterTag(5831, 2466, fair)>, <KeyAuditMatterTag(5832, 2466, investment)>, <KeyAuditMatterTag(5833, 2466, properties)>, <KeyAuditMatterTag(5834, 2466, value)>, <KeyAuditMatterTag(5835, 2467, fair)>, <KeyAuditMatterTag(5836, 2467, investment)>, <KeyAuditMatterTag(5837, 2467, value)>, <KeyAuditMatterTag(5838, 2468, revenue)>]",https://www1.hkexnews.hk/listedco/listconews/sehk/2020/0428/2020042800718.pdf
10,1115,9254814,28/04/2020 12:02,1931,IVD MEDICAL,Annual Report 2019,"Financial Statements/ESG Information - [Annual Report / Environmental, Social and Governance Information/Report]",2MB,"[<Auditor(1065, 9254814, Ernst & Young)>]","[<KeyAuditMatter(2505, 9254814 Purchase price allocation for a business combination)>, <KeyAuditMatter(2506, 9254814 Impairment assessment of goodwill and other intangible assets)>]","[<KeyAuditMatterTag(5934, 2505, allocation)>, <KeyAuditMatterTag(5935, 2505, business combination)>, <KeyAuditMatterTag(5936, 2505, price)>, <KeyAuditMatterTag(5937, 2505, purchase)>, <KeyAuditMatterTag(5938, 2506, assessment)>, <KeyAuditMatterTag(5939, 2506, asset)>, <KeyAuditMatterTag(5940, 2506, goodwill)>, <KeyAuditMatterTag(5941, 2506, impairment)>]",https://www1.hkexnews.hk/listedco/listconews/sehk/2020/0428/2020042800388.pdf
11,1175,9253405,27/04/2020 18:04,1759,SINO GAS HLDGS,2019 ANNUAL REPORT,"Financial Statements/ESG Information - [Annual Report / Environmental, Social and Governance Information/Report]",10MB,"[<Auditor(1124, 9253405, KPMG)>]","[<KeyAuditMatter(2639, 9253405 Independent auditors report to the shareholders of Sino Gas Holdings Group Limited(Incorporated in the Cayman Islands with limited liability))>, <KeyAuditMatter(2640, 9253405 Assessment of the potential impairment of the property, plant and equipment attributable to gas refuelling stationsRefer to Note 11 to the consolidated financial statements and the accounting policies in Note 2(k)(iii).The Key Audit MatterHow the matter was addressed in our audit)>, <KeyAuditMatter(2641, 9253405 	assessing	managements	identification	of	indicators	of	LPGCNGLNG)>, <KeyAuditMatter(2642, 9253405 Assessment of the potential impairment of the property, plant and equipment attributable to gas refuelling stationsRefer to Note 11 to the consolidated financial statements and the accounting policies in Note 2(k)(iii).The Key Audit MatterHow the matter was addressed in our audit)>, <KeyAuditMatter(2643, 9253405 	comparing	the	forecast	retail	selling	prices	and	CGU)>, <KeyAuditMatter(2644, 9253405 	comparing	key	financial	data,	including	revenue,	cost	)>, <KeyAuditMatter(2645, 9253405 	assessing,	with	the	assistance	of	our	internal	valuation	)>]","[<KeyAuditMatterTag(6258, 2639, land)>, <KeyAuditMatterTag(6259, 2640, assessment)>, <KeyAuditMatterTag(6260, 2640, impairment)>, <KeyAuditMatterTag(6261, 2640, plant and equipment)>, <KeyAuditMatterTag(6262, 2640, property)>, <KeyAuditMatterTag(6263, 2641, indicator)>, <KeyAuditMatterTag(6264, 2642, assessment)>, <KeyAuditMatterTag(6265, 2642, impairment)>, <KeyAuditMatterTag(6266, 2642, plant and equipment)>, <KeyAuditMatterTag(6267, 2642, property)>, <KeyAuditMatterTag(6268, 2643, price)>, <KeyAuditMatterTag(6269, 2644, revenue)>, <KeyAuditMatterTag(6270, 2645, valuation)>]",https://www1.hkexnews.hk/listedco/listconews/sehk/2020/0427/2020042701833.pdf
12,1308,9251634,27/04/2020 07:29,467,UNITEDENERGY GP,2019 Annual Report,Financial Statements/ESG Information - [Annual Report],4MB,"[<Auditor(1256, 9251634, RSM Hong Kong)>]","[<KeyAuditMatter(2954, 9251634 TO THE SHAREHOLDERS OFUNITED ENERGY GROUP LIMITED(Incorporated in the Cayman Islands and continued in Bermuda with limited liability))>, <KeyAuditMatter(2955, 9251634 Key Audit MatterHow our audit addressed the Key Audit MatterAudit procedures performed by the component Impairment of property, plant and equipment of auditors of the Groups businesses in Pakistan, exploration and production segmentMiddle East and North Africa and by the Group audit engagement team included:)>, <KeyAuditMatter(2956, 9251634 Key Audit MatterHow our audit addressed the Key Audit MatterAudit procedures performed by the Group audit Purchase price allocation for a business combinationengagement team included:)>, <KeyAuditMatter(2957, 9251634 Key Audit MatterHow our audit addressed the Key Audit MatterAudit procedures performed by the Group audit Purchase price allocation for a business combination engagement team included: (Continued)(Continued))>]","[<KeyAuditMatterTag(6991, 2954, land)>, <KeyAuditMatterTag(6992, 2955, impairment)>, <KeyAuditMatterTag(6993, 2955, plant and equipment)>, <KeyAuditMatterTag(6994, 2955, property)>, <KeyAuditMatterTag(6995, 2956, allocation)>, <KeyAuditMatterTag(6996, 2956, business combination)>, <KeyAuditMatterTag(6997, 2956, price)>, <KeyAuditMatterTag(6998, 2956, purchase)>, <KeyAuditMatterTag(6999, 2957, allocation)>, <KeyAuditMatterTag(7000, 2957, business combination)>, <KeyAuditMatterTag(7001, 2957, price)>, <KeyAuditMatterTag(7002, 2957, purchase)>]",https://www1.hkexnews.hk/listedco/listconews/sehk/2020/0427/2020042700019.pdf
13,1361,9249955,24/04/2020 17:19,270,GUANGDONG INV,2019 Annual Report,Financial Statements/ESG Information - [Annual Report],5MB,"[<Auditor(1306, 9249955, Ernst & Young)>]","[<KeyAuditMatter(3100, 9249955 To the members of Guangdong Investment Limited(Incorporated in Hong Kong with limited liability))>, <KeyAuditMatter(3101, 9249955 Valuation of investment properties at fair values)>, <KeyAuditMatter(3102, 9249955 Assessment of net realisable value of completed properties held for sale and properties held for sale under development)>, <KeyAuditMatter(3103, 9249955 Purchase price allocation for a business combination)>]","[<KeyAuditMatterTag(7311, 3100, investment)>, <KeyAuditMatterTag(7312, 3101, fair)>, <KeyAuditMatterTag(7313, 3101, investment)>, <KeyAuditMatterTag(7314, 3101, properties)>, <KeyAuditMatterTag(7315, 3101, valuation)>, <KeyAuditMatterTag(7316, 3101, value)>, <KeyAuditMatterTag(7317, 3101, values)>, <KeyAuditMatterTag(7318, 3102, assessment)>, <KeyAuditMatterTag(7319, 3102, net realisable value)>, <KeyAuditMatterTag(7320, 3102, properties)>, <KeyAuditMatterTag(7321, 3102, value)>, <KeyAuditMatterTag(7322, 3103, allocation)>, <KeyAuditMatterTag(7323, 3103, business combination)>, <KeyAuditMatterTag(7324, 3103, price)>, <KeyAuditMatterTag(7325, 3103, purchase)>]",https://www1.hkexnews.hk/listedco/listconews/sehk/2020/0424/2020042401381.pdf
14,1367,9249845,24/04/2020 17:09,1055,CHINA SOUTH AIR,ANNUAL REPORT 2019,Financial Statements/ESG Information - [Annual Report],4MB,"[<Auditor(1312, 9249845, KPMG)>]","[<KeyAuditMatter(3108, 9249845 Assessment of the standalone selling price for mileage awarded)>, <KeyAuditMatter(3109, 9249845 Key audit matters (continued)Evaluation of discount rate and return overhaul costs used to measure right-of-use assets relating to aircraft)>]","[<KeyAuditMatterTag(7333, 3108, assessment)>, <KeyAuditMatterTag(7334, 3108, price)>, <KeyAuditMatterTag(7335, 3109, asset)>, <KeyAuditMatterTag(7336, 3109, right)>, <KeyAuditMatterTag(7337, 3109, valuation)>]",https://www1.hkexnews.hk/listedco/listconews/sehk/2020/0424/2020042401271.pdf
15,1379,9249724,24/04/2020 17:01,187,JINGCHENG MAC,ANNUAL REPORT 2019,Financial Statements/ESG Information - [Annual Report],14MB,"[<Auditor(1323, 9249724, ShineWing Certified Public Accountants (special general partnership))>]","[<KeyAuditMatter(3134, 9249724 1. 1. Provision for Inventory Falling Price Reserves)>, <KeyAuditMatter(3135, 9249724 (Continued)1. Provision for Inventory Falling Price Reserves1. )>]","[<KeyAuditMatterTag(7394, 3134, inventory)>, <KeyAuditMatterTag(7395, 3134, price)>, <KeyAuditMatterTag(7396, 3134, provision)>, <KeyAuditMatterTag(7397, 3135, inventory)>, <KeyAuditMatterTag(7398, 3135, price)>, <KeyAuditMatterTag(7399, 3135, provision)>]",https://www1.hkexnews.hk/listedco/listconews/sehk/2020/0424/2020042401160.pdf
16,1442,9248889,24/04/2020 07:59,3990,MIDEA REAL EST,ANNUAL REPORT 2019,Financial Statements/ESG Information - [Annual Report],6MB,"[<Auditor(1383, 9248889, PricewaterhouseCoopers)>]","[<KeyAuditMatter(3270, 9248889 	Recognition	of	revenue	from	sales	of	properties	over	time)>, <KeyAuditMatter(3271, 9248889 	Assessment	of	net	realisable	value	of	properties	under	development	and	completed	properties	held	for	sale)>, <KeyAuditMatter(3272, 9248889 Key audit matterHow our audit addressed the key audit matterRecognition of revenue from sales of properties over time)>, <KeyAuditMatter(3273, 9248889 Key audit matterHow our audit addressed the key audit matterRecognition of revenue from sales of properties over time (Continued))>, <KeyAuditMatter(3274, 9248889 Key audit matterHow our audit addressed the key audit matterAssessment of net realisable value of properties under development and completed properties held for sale)>, <KeyAuditMatter(3275, 9248889 	Selling	price	which	is	estimated	based	on	the	)>]","[<KeyAuditMatterTag(7706, 3270, properties)>, <KeyAuditMatterTag(7707, 3270, recognition)>, <KeyAuditMatterTag(7708, 3270, revenue)>, <KeyAuditMatterTag(7709, 3271, assessment)>, <KeyAuditMatterTag(7710, 3271, properties)>, <KeyAuditMatterTag(7711, 3271, value)>, <KeyAuditMatterTag(7712, 3272, properties)>, <KeyAuditMatterTag(7713, 3272, recognition)>, <KeyAuditMatterTag(7714, 3272, revenue)>, <KeyAuditMatterTag(7715, 3273, properties)>, <KeyAuditMatterTag(7716, 3273, recognition)>, <KeyAuditMatterTag(7717, 3273, revenue)>, <KeyAuditMatterTag(7718, 3274, assessment)>, <KeyAuditMatterTag(7719, 3274, net realisable value)>, <KeyAuditMatterTag(7720, 3274, properties)>, <KeyAuditMatterTag(7721, 3274, value)>, <KeyAuditMatterTag(7722, 3275, price)>]",https://www1.hkexnews.hk/listedco/listconews/sehk/2020/0424/2020042400337.pdf
17,1492,9247484,23/04/2020 17:28,2232,CRYSTAL INTL,Annual Report 2019,Financial Statements/ESG Information - [Annual Report],8MB,"[<Auditor(1431, 9247484, Deloitte Touche Tohmatsu)>]","[<KeyAuditMatter(3364, 9247484 TO THE SHAREHOLDERS OF CRYSTAL INTERNATIONAL GROUP LIMITED(incorporated in Bermuda with limited liability and registered by way of continuation in the Cayman Islands))>, <KeyAuditMatter(3365, 9247484 Impairment assessment of goodwill and an intangible asset with indefinite useful life)>, <KeyAuditMatter(3366, 9247484 	Involving	our	internal	valuation	expert	to	evaluate	the	)>, <KeyAuditMatter(3367, 9247484 Assessment of the net realisable value of inventories)>, <KeyAuditMatter(3368, 9247484 	Comparing	the	actual	selling	prices	of	finished	goods	)>, <KeyAuditMatter(3369, 9247484 	Assessing	the	historical	accuracy	of	the	write-down	of	)>]","[<KeyAuditMatterTag(7949, 3364, land)>, <KeyAuditMatterTag(7950, 3365, assessment)>, <KeyAuditMatterTag(7951, 3365, asset)>, <KeyAuditMatterTag(7952, 3365, goodwill)>, <KeyAuditMatterTag(7953, 3365, impairment)>, <KeyAuditMatterTag(7954, 3366, valuation)>, <KeyAuditMatterTag(7955, 3367, assessment)>, <KeyAuditMatterTag(7956, 3367, inventories)>, <KeyAuditMatterTag(7957, 3367, net realisable value)>, <KeyAuditMatterTag(7958, 3367, value)>, <KeyAuditMatterTag(7959, 3368, price)>, <KeyAuditMatterTag(7960, 3369, write-down)>]",https://www1.hkexnews.hk/listedco/listconews/sehk/2020/0423/2020042301291.pdf
18,1508,9247294,23/04/2020 17:12,1790,TIL ENVIRO,Annual Report 2019,"Financial Statements/ESG Information - [Annual Report / Environmental, Social and Governance Information/Report]",4MB,"[<Auditor(1447, 9247294, PricewaterhouseCoopers)>]","[<KeyAuditMatter(3420, 9247294 	Recognition	of	revenue	from	wastewater	treatment	services	and	construction	services	under	the	terms	of	the	service	concession	)>, <KeyAuditMatter(3421, 9247294 	Assessment	on	carrying	amounts	of	receivables	and	intangible	assets	under	the	service	concession	arrangement)>, <KeyAuditMatter(3422, 9247294 Recognition of revenue from wastewater treatment services and construction services under the terms of the service concession arrangement)>, <KeyAuditMatter(3423, 9247294 Assessment on carrying amounts of receivables and intangible assets under the service concession arrangement)>, <KeyAuditMatter(3424, 9247294 	forecasted	unit	price	of	service	fees,	and	operating	)>]","[<KeyAuditMatterTag(8061, 3420, recognition)>, <KeyAuditMatterTag(8062, 3420, revenue)>, <KeyAuditMatterTag(8063, 3421, assessment)>, <KeyAuditMatterTag(8064, 3421, asset)>, <KeyAuditMatterTag(8065, 3422, recognition)>, <KeyAuditMatterTag(8066, 3422, revenue)>, <KeyAuditMatterTag(8067, 3423, assessment)>, <KeyAuditMatterTag(8068, 3423, asset)>, <KeyAuditMatterTag(8069, 3424, price)>]",https://www1.hkexnews.hk/listedco/listconews/sehk/2020/0423/2020042301101.pdf
19,1685,9243670,21/04/2020 18:20,6098,CG SERVICES,2019 ANNUAL REPORT,Financial Statements/ESG Information - [Annual Report],5MB,"[<Auditor(1617, 9243670, PricewaterhouseCoopers)>]","[<KeyAuditMatter(3766, 9243670 Assessment of the expected credit losses of trade receivables )>, <KeyAuditMatter(3767, 9243670 Purchase price allocation for business combinations)>, <KeyAuditMatter(3768, 9243670 Goodwill impairment assessment)>]","[<KeyAuditMatterTag(8881, 3766, assessment)>, <KeyAuditMatterTag(8882, 3766, expected credit loss)>, <KeyAuditMatterTag(8883, 3767, allocation)>, <KeyAuditMatterTag(8884, 3767, business combination)>, <KeyAuditMatterTag(8885, 3767, price)>, <KeyAuditMatterTag(8886, 3767, purchase)>, <KeyAuditMatterTag(8887, 3768, assessment)>, <KeyAuditMatterTag(8888, 3768, goodwill)>, <KeyAuditMatterTag(8889, 3768, impairment)>]",https://www1.hkexnews.hk/listedco/listconews/sehk/2020/0421/2020042101001.pdf
20,1844,9239260,17/04/2020 16:40,02359<br/>06015,WUXI APPTEC<br/>WXAT B2409,2019 ANNUAL REPORT,Financial Statements/ESG Information - [Annual Report],2MB,"[<Auditor(1775, 9239260, Deloitte Touche Tohmatsu)>]","[<KeyAuditMatter(4133, 9239260 Impairment of goodwill acquired in business combinations)>, <KeyAuditMatter(4134, 9239260 Revenue recognition for Fee-For-Service (FFS) revenue)>, <KeyAuditMatter(4135, 9239260 Revenue from Contracts with Customers)>, <KeyAuditMatter(4136, 9239260 Fair value measurement for investments with no quoted market prices in active markets)>]","[<KeyAuditMatterTag(9724, 4133, business combination)>, <KeyAuditMatterTag(9725, 4133, goodwill)>, <KeyAuditMatterTag(9726, 4133, impairment)>, <KeyAuditMatterTag(9727, 4134, recognition)>, <KeyAuditMatterTag(9728, 4134, revenue)>, <KeyAuditMatterTag(9729, 4135, contracts)>, <KeyAuditMatterTag(9730, 4135, revenue)>, <KeyAuditMatterTag(9731, 4136, fair)>, <KeyAuditMatterTag(9732, 4136, investment)>, <KeyAuditMatterTag(9733, 4136, measurement)>, <KeyAuditMatterTag(9734, 4136, price)>, <KeyAuditMatterTag(9735, 4136, value)>]",https://www1.hkexnews.hk/listedco/listconews/sehk/2020/0417/2020041700618.pdf
21,1902,9237362,16/04/2020 16:44,1336,NCI,Annual Report 2019,Financial Statements/ESG Information - [Annual Report],2MB,"[<Auditor(1828, 9237362, Ernst & Young)>]","[<KeyAuditMatter(4280, 9237362 Key audit matterHow our audit addressed the key audit matterValuation of insurance contract liabilities)>, <KeyAuditMatter(4281, 9237362 Key audit matterHow our audit addressed the key audit matterImpairment of available-for-sale financial assets)>, <KeyAuditMatter(4282, 9237362 Key audit matterHow our audit addressed the key audit matterFair value of financial assets with no quoted prices in an active market)>]","[<KeyAuditMatterTag(10052, 4280, valuation)>, <KeyAuditMatterTag(10053, 4281, asset)>, <KeyAuditMatterTag(10054, 4281, financial asset)>, <KeyAuditMatterTag(10055, 4281, impairment)>, <KeyAuditMatterTag(10056, 4282, asset)>, <KeyAuditMatterTag(10057, 4282, fair)>, <KeyAuditMatterTag(10058, 4282, financial asset)>, <KeyAuditMatterTag(10059, 4282, price)>, <KeyAuditMatterTag(10060, 4282, value)>]",https://www1.hkexnews.hk/listedco/listconews/sehk/2020/0416/2020041600495.pdf
22,1998,9232098,09/04/2020 18:14,2886,BINHAI INV,Annual Report 2019,"Financial Statements/ESG Information - [Annual Report / Environmental, Social and Governance Information/Report]",2MB,"[<Auditor(1922, 9232098, PricewaterhouseCoopers)>]","[<KeyAuditMatter(4479, 9232098 Impairment assessment of property, plant and equipment)>, <KeyAuditMatter(4480, 9232098 	Engaged	our	internal	valuation	experts	)>, <KeyAuditMatter(4481, 9232098 Impairment assessment of property, plant and equipment)>, <KeyAuditMatter(4482, 9232098 Impairment assessment of property, plant and equipment)>, <KeyAuditMatter(4483, 9232098 	Compared	the	estimated	selling	price	to	the	)>]","[<KeyAuditMatterTag(10515, 4479, assessment)>, <KeyAuditMatterTag(10516, 4479, impairment)>, <KeyAuditMatterTag(10517, 4479, plant and equipment)>, <KeyAuditMatterTag(10518, 4479, property)>, <KeyAuditMatterTag(10519, 4480, valuation)>, <KeyAuditMatterTag(10520, 4481, assessment)>, <KeyAuditMatterTag(10521, 4481, impairment)>, <KeyAuditMatterTag(10522, 4481, plant and equipment)>, <KeyAuditMatterTag(10523, 4481, property)>, <KeyAuditMatterTag(10524, 4482, assessment)>, <KeyAuditMatterTag(10525, 4482, impairment)>, <KeyAuditMatterTag(10526, 4482, plant and equipment)>, <KeyAuditMatterTag(10527, 4482, property)>, <KeyAuditMatterTag(10528, 4483, price)>]",https://www1.hkexnews.hk/listedco/listconews/sehk/2020/0409/2020040900912.pdf
23,2120,9219490,01/04/2020 17:06,1368,XTEP INT'L,ANNUAL REPORT 2019,Financial Statements/ESG Information - [Annual Report],7MB,"[<Auditor(2036, 9219490, Ernst & Young)>]","[<KeyAuditMatter(4737, 9219490 To the shareholders of Xtep International Holdings Limited(Incorporated in the Cayman Islands with limited liability))>, <KeyAuditMatter(4738, 9219490 Impairment assessment of trade receivables)>, <KeyAuditMatter(4739, 9219490 Provision for inventories)>, <KeyAuditMatter(4740, 9219490 Purchase price allocation for a business combination)>, <KeyAuditMatter(4741, 9219490 Impairment assessment of goodwill and intangible assets)>]","[<KeyAuditMatterTag(11118, 4737, land)>, <KeyAuditMatterTag(11119, 4738, assessment)>, <KeyAuditMatterTag(11120, 4738, impairment)>, <KeyAuditMatterTag(11121, 4739, inventories)>, <KeyAuditMatterTag(11122, 4739, provision)>, <KeyAuditMatterTag(11123, 4740, allocation)>, <KeyAuditMatterTag(11124, 4740, business combination)>, <KeyAuditMatterTag(11125, 4740, price)>, <KeyAuditMatterTag(11126, 4740, purchase)>, <KeyAuditMatterTag(11127, 4741, assessment)>, <KeyAuditMatterTag(11128, 4741, asset)>, <KeyAuditMatterTag(11129, 4741, goodwill)>, <KeyAuditMatterTag(11130, 4741, impairment)>]",https://www1.hkexnews.hk/listedco/listconews/sehk/2020/0401/2020040102228.pdf
24,2157,9213177,31/03/2020 16:31,8405,HANG CHI HLDG,2019 ANNUAL REPORT,"Financial Statements/ESG Information - [Annual Report / Environmental, Social and Governance Information/Report]",7MB,"[<Auditor(2071, 9213177, Ernst & Young)>]","[<KeyAuditMatter(4820, 9213177 TOR(Incorporated in the Cayman Islands with limited liability)SREPOpinion)>, <KeyAuditMatter(4821, 9213177 Impairment of goodwill)>, <KeyAuditMatter(4822, 9213177 Purchase price allocation for business combination)>]","[<KeyAuditMatterTag(11304, 4820, land)>, <KeyAuditMatterTag(11305, 4821, goodwill)>, <KeyAuditMatterTag(11306, 4821, impairment)>, <KeyAuditMatterTag(11307, 4822, allocation)>, <KeyAuditMatterTag(11308, 4822, business combination)>, <KeyAuditMatterTag(11309, 4822, price)>, <KeyAuditMatterTag(11310, 4822, purchase)>]",https://www1.hkexnews.hk/listedco/listconews/gem/2020/0331/2020033100807.pdf
25,2196,9210253,30/03/2020 17:20,1665,PENTAMASTER,Annual Report 2019,Financial Statements/ESG Information - [Annual Report],2MB,"[<Auditor(2109, 9210253, Grant Thornton Hong Kong Limited)>]","[<KeyAuditMatter(4907, 9210253 Revenue recognition)>, <KeyAuditMatter(4908, 9210253 Valuation of inventories)>, <KeyAuditMatter(4909, 9210253 Valuation of inventories)>, <KeyAuditMatter(4910, 9210253 Provision for expected credit losses of trade receivables)>, <KeyAuditMatter(4911, 9210253 Purchase price allocation for acquisition of a subsidiary)>]","[<KeyAuditMatterTag(11489, 4907, recognition)>, <KeyAuditMatterTag(11490, 4907, revenue)>, <KeyAuditMatterTag(11491, 4908, inventories)>, <KeyAuditMatterTag(11492, 4908, valuation)>, <KeyAuditMatterTag(11493, 4909, inventories)>, <KeyAuditMatterTag(11494, 4909, valuation)>, <KeyAuditMatterTag(11495, 4910, expected credit loss)>, <KeyAuditMatterTag(11496, 4910, provision)>, <KeyAuditMatterTag(11497, 4911, acquisition)>, <KeyAuditMatterTag(11498, 4911, allocation)>, <KeyAuditMatterTag(11499, 4911, price)>, <KeyAuditMatterTag(11500, 4911, purchase)>]",https://www1.hkexnews.hk/listedco/listconews/sehk/2020/0330/2020033000838.pdf
26,2225,9209863,30/03/2020 16:35,460,SIHUAN PHARM,Annual Report 2019,Financial Statements/ESG Information - [Annual Report],7MB,"[<Auditor(2138, 9209863, Ernst & Young)>]","[<KeyAuditMatter(4966, 9209863 Impairment	of	goodwill)>, <KeyAuditMatter(4967, 9209863 impairment	analysis,	in	particular	discount	rate	and	long-term	)>, <KeyAuditMatter(4968, 9209863 the	respective	CGUs	to	which	the	goodwill	was	allocated.)>, <KeyAuditMatter(4969, 9209863 Please	refer	to	Note	2.5	Business	combinations	and	goodwill,	Note	4(b)	Goodwill	impairment	and	Note	9	Goodwill	to	the	)>, <KeyAuditMatter(4970, 9209863 the	Group	with	IAS	38,	evaluated	management	judgement	mentioned	in	Note	2.10(a)	Research	and	development	were	satisfied.	Significant	management	estimation	and	judgement	)>, <KeyAuditMatter(4971, 9209863 Please	refer	to	Note	2.10(a)	Research	and	development,	Note	4(e)	Capitalisation	of	development	costs	and	Note	10Intangible	assets	to	the	consolidated	financial	statements	for	)>, <KeyAuditMatter(4972, 9209863 Impairment	of	intangible	assets)>, <KeyAuditMatter(4973, 9209863 products	projected	market	share,	expected	selling	price	and	)>, <KeyAuditMatter(4974, 9209863 Please	refer	to	Note	2.10	Intangible	assets,	Note	4(a)	Impairment	of	deferred	development	costs	and	Note	10	Intangible	assets	to	the	consolidated	financial	statements	for	)>]","[<KeyAuditMatterTag(11602, 4966, goodwill)>, <KeyAuditMatterTag(11603, 4966, impairment)>, <KeyAuditMatterTag(11604, 4967, impairment)>, <KeyAuditMatterTag(11605, 4968, goodwill)>, <KeyAuditMatterTag(11606, 4969, goodwill)>, <KeyAuditMatterTag(11607, 4969, impairment)>, <KeyAuditMatterTag(11608, 4970, estimation)>, <KeyAuditMatterTag(11609, 4971, asset)>, <KeyAuditMatterTag(11610, 4972, asset)>, <KeyAuditMatterTag(11611, 4972, impairment)>, <KeyAuditMatterTag(11612, 4973, price)>, <KeyAuditMatterTag(11613, 4974, asset)>, <KeyAuditMatterTag(11614, 4974, deferred)>, <KeyAuditMatterTag(11615, 4974, impairment)>]",https://www1.hkexnews.hk/listedco/listconews/sehk/2020/0330/2020033000450.pdf
27,2392,9072697,20/11/2019 17:53,191,LAI SUN INT'L,Annual Report Year ended 31 July 2019,"Financial Statements/ESG Information - [Annual Report / Environmental, Social and Governance Information/Report]",5MB,"[<Auditor(2294, 9072697, Ernst & Young)>]","[<KeyAuditMatter(5304, 9072697 Key audit matterHow our audit addressed the key audit matterImpairment of a hotel property located in Hong Kong)>, <KeyAuditMatter(5305, 9072697 Estimation of fair values of investment properties)>, <KeyAuditMatter(5306, 9072697 Key audit matterHow our audit addressed the key audit matterPurchase price allocation for a business combination)>]","[<KeyAuditMatterTag(12305, 5304, impairment)>, <KeyAuditMatterTag(12306, 5304, property)>, <KeyAuditMatterTag(12307, 5305, estimation)>, <KeyAuditMatterTag(12308, 5305, fair)>, <KeyAuditMatterTag(12309, 5305, investment)>, <KeyAuditMatterTag(12310, 5305, properties)>, <KeyAuditMatterTag(12311, 5305, value)>, <KeyAuditMatterTag(12312, 5305, values)>, <KeyAuditMatterTag(12313, 5306, allocation)>, <KeyAuditMatterTag(12314, 5306, business combination)>, <KeyAuditMatterTag(12315, 5306, price)>, <KeyAuditMatterTag(12316, 5306, purchase)>]",https://www1.hkexnews.hk/listedco/listconews/sehk/2019/1120/2019112000484.pdf
28,2393,9072647,20/11/2019 17:39,488,LAI SUN DEV,Annual Report Year ended 31 July 2019,"Financial Statements/ESG Information - [Annual Report / Environmental, Social and Governance Information/Report]",4MB,"[<Auditor(2295, 9072647, Ernst & Young)>]","[<KeyAuditMatter(5307, 9072647 Key audit matterHow our audit addressed the key audit matterImpairment of a hotel property located in Hong Kong)>, <KeyAuditMatter(5308, 9072647 Estimation of fair values of investment properties)>, <KeyAuditMatter(5309, 9072647 Key audit matterHow our audit addressed the key audit matterPurchase price allocation for a business combination)>]","[<KeyAuditMatterTag(12317, 5307, impairment)>, <KeyAuditMatterTag(12318, 5307, property)>, <KeyAuditMatterTag(12319, 5308, estimation)>, <KeyAuditMatterTag(12320, 5308, fair)>, <KeyAuditMatterTag(12321, 5308, investment)>, <KeyAuditMatterTag(12322, 5308, properties)>, <KeyAuditMatterTag(12323, 5308, value)>, <KeyAuditMatterTag(12324, 5308, values)>, <KeyAuditMatterTag(12325, 5309, allocation)>, <KeyAuditMatterTag(12326, 5309, business combination)>, <KeyAuditMatterTag(12327, 5309, price)>, <KeyAuditMatterTag(12328, 5309, purchase)>]",https://www1.hkexnews.hk/listedco/listconews/sehk/2019/1120/2019112000434.pdf
