,id,news_id,date_time,stock_code,stock_name,title,long_text,file_info,audit_firms,kams,kam_tags,file_link
0,313,9364371,21/07/2020 17:09,1172,MAGNUSCONCORDIA,ANNUAL REPORT 2020,"Financial Statements/ESG Information - [Annual Report / Environmental, Social and Governance Information/Report]",9MB,"[<Auditor(299, 9364371, Ernst & Young)>]","[<KeyAuditMatter(771, 9364371 Valuation of investment properties)>, <KeyAuditMatter(772, 9364371 Purchase price allocation for a business combination)>, <KeyAuditMatter(773, 9364371 Net realisable value of completed properties for sale and properties under development)>]","[<KeyAuditMatterTag(1863, 771, investment)>, <KeyAuditMatterTag(1864, 771, properties)>, <KeyAuditMatterTag(1865, 771, valuation)>, <KeyAuditMatterTag(1866, 772, allocation)>, <KeyAuditMatterTag(1867, 772, business combination)>, <KeyAuditMatterTag(1868, 772, price)>, <KeyAuditMatterTag(1869, 772, purchase)>, <KeyAuditMatterTag(1870, 773, net realisable value)>, <KeyAuditMatterTag(1871, 773, properties)>, <KeyAuditMatterTag(1872, 773, value)>]",https://www1.hkexnews.hk/listedco/listconews/sehk/2020/0721/2020072100713.pdf
1,515,9333222,29/06/2020 17:16,8060,GLOBAL LINK,ANNUAL REPORT 2019/20,Financial Statements/ESG Information - [Annual Report],2MB,"[<Auditor(493, 9333222, Crowe (HK) CPA Limited)>]","[<KeyAuditMatter(1213, 9333222 KEY AUDIT MATTERS Impairment of intangible assets)>, <KeyAuditMatter(1214, 9333222 KEY AUDIT MATTERS Purchase price allocation of a business combination)>, <KeyAuditMatter(1215, 9333222 KEY AUDIT MATTERS Impairment of goodwill)>, <KeyAuditMatter(1216, 9333222 KEY AUDIT MATTERS Impairment of trade receivables and contract assets)>]","[<KeyAuditMatterTag(2889, 1213, asset)>, <KeyAuditMatterTag(2890, 1213, impairment)>, <KeyAuditMatterTag(2891, 1214, allocation)>, <KeyAuditMatterTag(2892, 1214, business combination)>, <KeyAuditMatterTag(2893, 1214, price)>, <KeyAuditMatterTag(2894, 1214, purchase)>, <KeyAuditMatterTag(2895, 1215, goodwill)>, <KeyAuditMatterTag(2896, 1215, impairment)>, <KeyAuditMatterTag(2897, 1216, asset)>, <KeyAuditMatterTag(2898, 1216, impairment)>]",https://www1.hkexnews.hk/listedco/listconews/gem/2020/0629/2020062900814.pdf
2,523,9333072,29/06/2020 16:49,8130,DADI INTL GROUP,Annual Report 2020,Financial Statements/ESG Information - [Annual Report],904KB,"[<Auditor(501, 9333072, HLB Hodgson Impey Cheng Limited)>]","[<KeyAuditMatter(1225, 9333072 Impairment assessment on goodwill)>, <KeyAuditMatter(1226, 9333072 Assessment of expected credit losses (ECL) of trade and other receivables and deposits, deposit for film production and deposit for purchase of film rights)>]","[<KeyAuditMatterTag(2916, 1225, assessment)>, <KeyAuditMatterTag(2917, 1225, goodwill)>, <KeyAuditMatterTag(2918, 1225, impairment)>, <KeyAuditMatterTag(2919, 1226, assessment)>, <KeyAuditMatterTag(2920, 1226, ecl)>, <KeyAuditMatterTag(2921, 1226, expected credit loss)>, <KeyAuditMatterTag(2922, 1226, film)>, <KeyAuditMatterTag(2923, 1226, purchase)>, <KeyAuditMatterTag(2924, 1226, right)>]",https://www1.hkexnews.hk/listedco/listconews/gem/2020/0629/2020062900664.pdf
3,627,9282467,15/05/2020 17:28,593,DREAMEAST,2019 ANNUAL REPORT,"Financial Statements/ESG Information - [Annual Report / Environmental, Social and Governance Information/Report]",3MB,"[<Auditor(601, 9282467, Mazars CPA Limited)>]","[<KeyAuditMatter(1422, 9282467 Valuation of investment properties)>, <KeyAuditMatter(1423, 9282467  Obtaining a copy of valuation report prepared )>, <KeyAuditMatter(1424, 9282467  Challenging the independent external valuer the )>, <KeyAuditMatter(1425, 9282467 Revenue recognised from sales of properties)>, <KeyAuditMatter(1426, 9282467  Testing key internal controls over revenue )>, <KeyAuditMatter(1427, 9282467  Reading the signed sales and purchase )>, <KeyAuditMatter(1428, 9282467  Obtaining evidence regarding the property )>]","[<KeyAuditMatterTag(3422, 1422, investment)>, <KeyAuditMatterTag(3423, 1422, properties)>, <KeyAuditMatterTag(3424, 1422, valuation)>, <KeyAuditMatterTag(3425, 1423, valuation)>, <KeyAuditMatterTag(3426, 1424, value)>, <KeyAuditMatterTag(3427, 1425, properties)>, <KeyAuditMatterTag(3428, 1425, revenue)>, <KeyAuditMatterTag(3429, 1426, revenue)>, <KeyAuditMatterTag(3430, 1427, purchase)>, <KeyAuditMatterTag(3431, 1428, property)>]",https://www1.hkexnews.hk/listedco/listconews/sehk/2020/0515/2020051501122.pdf
4,662,9281294,15/05/2020 06:14,1652,FUSEN PHARM,ANNUAL REPORT 2019,"Financial Statements/ESG Information - [Annual Report / Environmental, Social and Governance Information/Report]",5MB,"[<Auditor(636, 9281294, KPMG)>]","[<KeyAuditMatter(1513, 9281294 Independent auditors report to the shareholders of Fusen Pharmaceutical Company Limited(Incorporated in the Cayman Islands with limited liability))>, <KeyAuditMatter(1514, 9281294 (Continued)Revenue recognitionefer to Note 4 to the consolidated financial statements and the accounting policies in Note 2(u).)>, <KeyAuditMatter(1515, 9281294 	inspecting	agreements	and	purchase	orders	with	)>, <KeyAuditMatter(1516, 9281294 	comparing	the	revenue	recorded	during	the	financial	)>, <KeyAuditMatter(1517, 9281294 (Continued)Acquisitions of equity interests in entities engaged in the pharmaceutical businessefer to Note 19 and Note 20 to the consolidated financial statements and the accounting policies in Note 2(d) and Note 2(e).)>, <KeyAuditMatter(1518, 9281294 	inspecting	the	capital	injection	or	acquisition	)>, <KeyAuditMatter(1519, 9281294 	engaging	our	internal	valuation	specialists	to	)>]","[<KeyAuditMatterTag(3626, 1513, land)>, <KeyAuditMatterTag(3627, 1514, recognition)>, <KeyAuditMatterTag(3628, 1514, revenue)>, <KeyAuditMatterTag(3629, 1515, purchase)>, <KeyAuditMatterTag(3630, 1516, revenue)>, <KeyAuditMatterTag(3631, 1517, acquisition)>, <KeyAuditMatterTag(3632, 1518, acquisition)>, <KeyAuditMatterTag(3633, 1519, valuation)>]",https://www1.hkexnews.hk/listedco/listconews/sehk/2020/0515/2020051500063.pdf
5,727,9279530,14/05/2020 16:32,1176,ZHUGUANG HOLD,Annual Report 2019,"Financial Statements/ESG Information - [Annual Report / Environmental, Social and Governance Information/Report]",6MB,"[<Auditor(700, 9279530, Ernst & Young)>]","[<KeyAuditMatter(1680, 9279530 Key audit matterHow our audit addressed the key audit matterImpairment	assessment	on	deposits	for	acquisition	of	equity	interests	in	property	development	projects	and	other	receivables	for	urban	redevelopment	projects)>, <KeyAuditMatter(1681, 9279530 Key audit matterHow our audit addressed the key audit matterFair	value	measurement	of	other	receivables	at	fair	value	through	profit	or	loss)>, <KeyAuditMatter(1682, 9279530 Key audit matterHow our audit addressed the key audit matterValuation of investment properties)>, <KeyAuditMatter(1683, 9279530 Key audit matterHow our audit addressed the key audit matterPurchase price allocation for acquisition of an associate)>]","[<KeyAuditMatterTag(4002, 1680, acquisition)>, <KeyAuditMatterTag(4003, 1680, assessment)>, <KeyAuditMatterTag(4004, 1680, impairment)>, <KeyAuditMatterTag(4005, 1680, property)>, <KeyAuditMatterTag(4006, 1681, fair)>, <KeyAuditMatterTag(4007, 1681, measurement)>, <KeyAuditMatterTag(4008, 1681, value)>, <KeyAuditMatterTag(4009, 1682, investment)>, <KeyAuditMatterTag(4010, 1682, properties)>, <KeyAuditMatterTag(4011, 1682, valuation)>, <KeyAuditMatterTag(4012, 1683, acquisition)>, <KeyAuditMatterTag(4013, 1683, allocation)>, <KeyAuditMatterTag(4014, 1683, associate)>, <KeyAuditMatterTag(4015, 1683, price)>, <KeyAuditMatterTag(4016, 1683, purchase)>]",https://www1.hkexnews.hk/listedco/listconews/sehk/2020/0514/2020051400499.pdf
6,772,9481332,22/10/2020 17:00,1752,TOP EDUCATION,ANNUAL REPORT 2020,"Financial Statements/ESG Information - [Annual Report / Environmental, Social and Governance Information/Report]",5MB,[],"[<KeyAuditMatter(1799, 9481332 Revenue Recognition)>, <KeyAuditMatter(1800, 9481332  Evaluated the Groups revenue accounting and )>, <KeyAuditMatter(1801, 9481332  Tested a sample of transactions by agreeing revenue )>, <KeyAuditMatter(1802, 9481332  For a sample of revenue transactions we assessed )>, <KeyAuditMatter(1803, 9481332 Business Acquisition  Scots English College)>, <KeyAuditMatter(1804, 9481332  Reviewed Managements assessment of, and )>, <KeyAuditMatter(1805, 9481332  Agreed the purchase price paid to bank statements, )>, <KeyAuditMatter(1806, 9481332  With the involvement of our valuation specialists, )>, <KeyAuditMatter(1807, 9481332  Assessed the adequacy of the business acquisition )>]","[<KeyAuditMatterTag(4279, 1799, recognition)>, <KeyAuditMatterTag(4280, 1799, revenue)>, <KeyAuditMatterTag(4281, 1800, revenue)>, <KeyAuditMatterTag(4282, 1801, revenue)>, <KeyAuditMatterTag(4283, 1802, revenue)>, <KeyAuditMatterTag(4284, 1803, acquisition)>, <KeyAuditMatterTag(4285, 1804, assessment)>, <KeyAuditMatterTag(4286, 1805, price)>, <KeyAuditMatterTag(4287, 1805, purchase)>, <KeyAuditMatterTag(4288, 1806, valuation)>, <KeyAuditMatterTag(4289, 1807, acquisition)>]",https://www1.hkexnews.hk/listedco/listconews/sehk/2020/1022/2020102200474.pdf
7,1079,9255182,28/04/2020 16:36,456,NEW CITY DEV,Annual Report 2019,Financial Statements/ESG Information - [Annual Report],2MB,"[<Auditor(1032, 9255182, McMillan Woods (Hong Kong) CPA Limited)>]","[<KeyAuditMatter(2428, 9255182 Fair value of the investment properties  Guangzhou Properties)>, <KeyAuditMatter(2429, 9255182 Impairment assessment of the investment properties  Luoyang Properties and Zhuhai Properties)>, <KeyAuditMatter(2430, 9255182 Recoverability and impairment assessment for the deposits and other receivables)>, <KeyAuditMatter(2431, 9255182 Business combinations and gain on bargain purchase)>]","[<KeyAuditMatterTag(5743, 2428, fair)>, <KeyAuditMatterTag(5744, 2428, investment)>, <KeyAuditMatterTag(5745, 2428, properties)>, <KeyAuditMatterTag(5746, 2428, value)>, <KeyAuditMatterTag(5747, 2429, assessment)>, <KeyAuditMatterTag(5748, 2429, impairment)>, <KeyAuditMatterTag(5749, 2429, investment)>, <KeyAuditMatterTag(5750, 2429, properties)>, <KeyAuditMatterTag(5751, 2430, assessment)>, <KeyAuditMatterTag(5752, 2430, impairment)>, <KeyAuditMatterTag(5753, 2430, recoverability)>, <KeyAuditMatterTag(5754, 2431, business combination)>, <KeyAuditMatterTag(5755, 2431, purchase)>]",https://www1.hkexnews.hk/listedco/listconews/sehk/2020/0428/2020042800830.pdf
8,1106,9255042,28/04/2020 16:30,2500,VENUS MEDTECH-B,2019 ANNUAL REPORT,"Financial Statements/ESG Information - [Annual Report / Environmental, Social and Governance Information/Report]",2MB,"[<Auditor(1057, 9255042, Ernst & Young)>]","[<KeyAuditMatter(2476, 9255042 Key audit matterHow our audit addressed the key audit matterImpairment assessment of goodwill and purchased intellectual property)>, <KeyAuditMatter(2477, 9255042 Key audit matter (continued)How our audit addressed the key audit matter (continued)Impairment assessment of goodwill and purchased intellectual property (continued))>]","[<KeyAuditMatterTag(5855, 2476, assessment)>, <KeyAuditMatterTag(5856, 2476, goodwill)>, <KeyAuditMatterTag(5857, 2476, impairment)>, <KeyAuditMatterTag(5858, 2476, property)>, <KeyAuditMatterTag(5859, 2476, purchase)>, <KeyAuditMatterTag(5860, 2477, assessment)>, <KeyAuditMatterTag(5861, 2477, goodwill)>, <KeyAuditMatterTag(5862, 2477, impairment)>, <KeyAuditMatterTag(5863, 2477, property)>, <KeyAuditMatterTag(5864, 2477, purchase)>]",https://www1.hkexnews.hk/listedco/listconews/sehk/2020/0428/2020042800690.pdf
9,1115,9254814,28/04/2020 12:02,1931,IVD MEDICAL,Annual Report 2019,"Financial Statements/ESG Information - [Annual Report / Environmental, Social and Governance Information/Report]",2MB,"[<Auditor(1065, 9254814, Ernst & Young)>]","[<KeyAuditMatter(2505, 9254814 Purchase price allocation for a business combination)>, <KeyAuditMatter(2506, 9254814 Impairment assessment of goodwill and other intangible assets)>]","[<KeyAuditMatterTag(5934, 2505, allocation)>, <KeyAuditMatterTag(5935, 2505, business combination)>, <KeyAuditMatterTag(5936, 2505, price)>, <KeyAuditMatterTag(5937, 2505, purchase)>, <KeyAuditMatterTag(5938, 2506, assessment)>, <KeyAuditMatterTag(5939, 2506, asset)>, <KeyAuditMatterTag(5940, 2506, goodwill)>, <KeyAuditMatterTag(5941, 2506, impairment)>]",https://www1.hkexnews.hk/listedco/listconews/sehk/2020/0428/2020042800388.pdf
10,1235,9252510,27/04/2020 16:46,2869,GREENTOWN SER,ANNUAL REPORT 2019,"Financial Statements/ESG Information - [Annual Report / Environmental, Social and Governance Information/Report]",8MB,"[<Auditor(1184, 9252510, KPMG)>]","[<KeyAuditMatter(2785, 9252510 Recoverability of trade receivables)>, <KeyAuditMatter(2786, 9252510 Recoverability of trade receivables (Continued))>, <KeyAuditMatter(2787, 9252510 Assessment of the fair value of financial instruments)>, <KeyAuditMatter(2788, 9252510 	assessing	the	fair	value	of	level	1	financial	)>, <KeyAuditMatter(2789, 9252510 	assessing	the	external	valuers	qualifications,	)>, <KeyAuditMatter(2790, 9252510 Assessment of the fair value of financial instruments (Continued))>, <KeyAuditMatter(2791, 9252510 	with	the	assistance	of	our	internal	valuation	)>, <KeyAuditMatter(2792, 9252510 Accounting for the acquisition of Montessori Academy Group Holdings Pty LtdMontessori Academy Group Holdings Pty Ltd)>, <KeyAuditMatter(2793, 9252510 	inspecting	the	relevant	share	purchase	)>, <KeyAuditMatter(2794, 9252510 	assessing	the	external	valuers	qualifications,	)>, <KeyAuditMatter(2795, 9252510 Accounting for the acquisition of Montessori Academy Group Holdings Pty Ltd (Continued)Montessori Academy Group Holdings Pty Ltd)>, <KeyAuditMatter(2796, 9252510 	with	the	assistance	of	our	internal	valuation	)>, <KeyAuditMatter(2797, 9252510 Assessment of potential impairment of goodwill and brand with an indefinite useful life)>, <KeyAuditMatter(2798, 9252510 Assessment of potential impairment of goodwill and brand with an indefinite useful life (Continued))>, <KeyAuditMatter(2799, 9252510 	with	the	assistance	of	our	internal	valuation	)>]","[<KeyAuditMatterTag(6598, 2785, recoverability)>, <KeyAuditMatterTag(6599, 2786, recoverability)>, <KeyAuditMatterTag(6600, 2787, assessment)>, <KeyAuditMatterTag(6601, 2787, fair)>, <KeyAuditMatterTag(6602, 2787, value)>, <KeyAuditMatterTag(6603, 2788, fair)>, <KeyAuditMatterTag(6604, 2788, value)>, <KeyAuditMatterTag(6605, 2789, value)>, <KeyAuditMatterTag(6606, 2790, assessment)>, <KeyAuditMatterTag(6607, 2790, fair)>, <KeyAuditMatterTag(6608, 2790, value)>, <KeyAuditMatterTag(6609, 2791, valuation)>, <KeyAuditMatterTag(6610, 2792, acquisition)>, <KeyAuditMatterTag(6611, 2793, purchase)>, <KeyAuditMatterTag(6612, 2794, value)>, <KeyAuditMatterTag(6613, 2795, acquisition)>, <KeyAuditMatterTag(6614, 2796, valuation)>, <KeyAuditMatterTag(6615, 2797, assessment)>, <KeyAuditMatterTag(6616, 2797, goodwill)>, <KeyAuditMatterTag(6617, 2797, impairment)>, <KeyAuditMatterTag(6618, 2798, assessment)>, <KeyAuditMatterTag(6619, 2798, goodwill)>, <KeyAuditMatterTag(6620, 2798, impairment)>, <KeyAuditMatterTag(6621, 2799, valuation)>]",https://www1.hkexnews.hk/listedco/listconews/sehk/2020/0427/2020042700945.pdf
11,1308,9251634,27/04/2020 07:29,467,UNITEDENERGY GP,2019 Annual Report,Financial Statements/ESG Information - [Annual Report],4MB,"[<Auditor(1256, 9251634, RSM Hong Kong)>]","[<KeyAuditMatter(2954, 9251634 TO THE SHAREHOLDERS OFUNITED ENERGY GROUP LIMITED(Incorporated in the Cayman Islands and continued in Bermuda with limited liability))>, <KeyAuditMatter(2955, 9251634 Key Audit MatterHow our audit addressed the Key Audit MatterAudit procedures performed by the component Impairment of property, plant and equipment of auditors of the Groups businesses in Pakistan, exploration and production segmentMiddle East and North Africa and by the Group audit engagement team included:)>, <KeyAuditMatter(2956, 9251634 Key Audit MatterHow our audit addressed the Key Audit MatterAudit procedures performed by the Group audit Purchase price allocation for a business combinationengagement team included:)>, <KeyAuditMatter(2957, 9251634 Key Audit MatterHow our audit addressed the Key Audit MatterAudit procedures performed by the Group audit Purchase price allocation for a business combination engagement team included: (Continued)(Continued))>]","[<KeyAuditMatterTag(6991, 2954, land)>, <KeyAuditMatterTag(6992, 2955, impairment)>, <KeyAuditMatterTag(6993, 2955, plant and equipment)>, <KeyAuditMatterTag(6994, 2955, property)>, <KeyAuditMatterTag(6995, 2956, allocation)>, <KeyAuditMatterTag(6996, 2956, business combination)>, <KeyAuditMatterTag(6997, 2956, price)>, <KeyAuditMatterTag(6998, 2956, purchase)>, <KeyAuditMatterTag(6999, 2957, allocation)>, <KeyAuditMatterTag(7000, 2957, business combination)>, <KeyAuditMatterTag(7001, 2957, price)>, <KeyAuditMatterTag(7002, 2957, purchase)>]",https://www1.hkexnews.hk/listedco/listconews/sehk/2020/0427/2020042700019.pdf
12,1361,9249955,24/04/2020 17:19,270,GUANGDONG INV,2019 Annual Report,Financial Statements/ESG Information - [Annual Report],5MB,"[<Auditor(1306, 9249955, Ernst & Young)>]","[<KeyAuditMatter(3100, 9249955 To the members of Guangdong Investment Limited(Incorporated in Hong Kong with limited liability))>, <KeyAuditMatter(3101, 9249955 Valuation of investment properties at fair values)>, <KeyAuditMatter(3102, 9249955 Assessment of net realisable value of completed properties held for sale and properties held for sale under development)>, <KeyAuditMatter(3103, 9249955 Purchase price allocation for a business combination)>]","[<KeyAuditMatterTag(7311, 3100, investment)>, <KeyAuditMatterTag(7312, 3101, fair)>, <KeyAuditMatterTag(7313, 3101, investment)>, <KeyAuditMatterTag(7314, 3101, properties)>, <KeyAuditMatterTag(7315, 3101, valuation)>, <KeyAuditMatterTag(7316, 3101, value)>, <KeyAuditMatterTag(7317, 3101, values)>, <KeyAuditMatterTag(7318, 3102, assessment)>, <KeyAuditMatterTag(7319, 3102, net realisable value)>, <KeyAuditMatterTag(7320, 3102, properties)>, <KeyAuditMatterTag(7321, 3102, value)>, <KeyAuditMatterTag(7322, 3103, allocation)>, <KeyAuditMatterTag(7323, 3103, business combination)>, <KeyAuditMatterTag(7324, 3103, price)>, <KeyAuditMatterTag(7325, 3103, purchase)>]",https://www1.hkexnews.hk/listedco/listconews/sehk/2020/0424/2020042401381.pdf
13,1468,9248065,23/04/2020 19:04,8227,HAITIAN ANTENNA,Annual Report 2019,"Financial Statements/ESG Information - [Annual Report / Environmental, Social and Governance Information/Report]",2MB,"[<Auditor(1409, 9248065, ShineWing Certified Public Accountants)>]","[<KeyAuditMatter(3324, 9248065 KEY AUDIT MATTERS Key audit mattersCountermeasures in the auditMatter on purchase of land and real estate)>]","[<KeyAuditMatterTag(7835, 3324, land)>, <KeyAuditMatterTag(7836, 3324, purchase)>]",https://www1.hkexnews.hk/listedco/listconews/gem/2020/0423/2020042301872.pdf
14,1685,9243670,21/04/2020 18:20,6098,CG SERVICES,2019 ANNUAL REPORT,Financial Statements/ESG Information - [Annual Report],5MB,"[<Auditor(1617, 9243670, PricewaterhouseCoopers)>]","[<KeyAuditMatter(3766, 9243670 Assessment of the expected credit losses of trade receivables )>, <KeyAuditMatter(3767, 9243670 Purchase price allocation for business combinations)>, <KeyAuditMatter(3768, 9243670 Goodwill impairment assessment)>]","[<KeyAuditMatterTag(8881, 3766, assessment)>, <KeyAuditMatterTag(8882, 3766, expected credit loss)>, <KeyAuditMatterTag(8883, 3767, allocation)>, <KeyAuditMatterTag(8884, 3767, business combination)>, <KeyAuditMatterTag(8885, 3767, price)>, <KeyAuditMatterTag(8886, 3767, purchase)>, <KeyAuditMatterTag(8887, 3768, assessment)>, <KeyAuditMatterTag(8888, 3768, goodwill)>, <KeyAuditMatterTag(8889, 3768, impairment)>]",https://www1.hkexnews.hk/listedco/listconews/sehk/2020/0421/2020042101001.pdf
15,2120,9219490,01/04/2020 17:06,1368,XTEP INT'L,ANNUAL REPORT 2019,Financial Statements/ESG Information - [Annual Report],7MB,"[<Auditor(2036, 9219490, Ernst & Young)>]","[<KeyAuditMatter(4737, 9219490 To the shareholders of Xtep International Holdings Limited(Incorporated in the Cayman Islands with limited liability))>, <KeyAuditMatter(4738, 9219490 Impairment assessment of trade receivables)>, <KeyAuditMatter(4739, 9219490 Provision for inventories)>, <KeyAuditMatter(4740, 9219490 Purchase price allocation for a business combination)>, <KeyAuditMatter(4741, 9219490 Impairment assessment of goodwill and intangible assets)>]","[<KeyAuditMatterTag(11118, 4737, land)>, <KeyAuditMatterTag(11119, 4738, assessment)>, <KeyAuditMatterTag(11120, 4738, impairment)>, <KeyAuditMatterTag(11121, 4739, inventories)>, <KeyAuditMatterTag(11122, 4739, provision)>, <KeyAuditMatterTag(11123, 4740, allocation)>, <KeyAuditMatterTag(11124, 4740, business combination)>, <KeyAuditMatterTag(11125, 4740, price)>, <KeyAuditMatterTag(11126, 4740, purchase)>, <KeyAuditMatterTag(11127, 4741, assessment)>, <KeyAuditMatterTag(11128, 4741, asset)>, <KeyAuditMatterTag(11129, 4741, goodwill)>, <KeyAuditMatterTag(11130, 4741, impairment)>]",https://www1.hkexnews.hk/listedco/listconews/sehk/2020/0401/2020040102228.pdf
16,2125,9218569,01/04/2020 16:30,699,CAR INC,Annual Report 2019,"Financial Statements/ESG Information - [Annual Report / Environmental, Social and Governance Information/Report]",2MB,"[<Auditor(2041, 9218569, Ernst & Young)>]","[<KeyAuditMatter(4751, 9218569 Accounting for investment in equity shares)>, <KeyAuditMatter(4752, 9218569 Residual values of rental vehicles acquired  outside of repurchase programs)>]","[<KeyAuditMatterTag(11148, 4751, investment)>, <KeyAuditMatterTag(11149, 4752, purchase)>, <KeyAuditMatterTag(11150, 4752, value)>, <KeyAuditMatterTag(11151, 4752, values)>]",https://www1.hkexnews.hk/listedco/listconews/sehk/2020/0401/2020040101309.pdf
17,2157,9213177,31/03/2020 16:31,8405,HANG CHI HLDG,2019 ANNUAL REPORT,"Financial Statements/ESG Information - [Annual Report / Environmental, Social and Governance Information/Report]",7MB,"[<Auditor(2071, 9213177, Ernst & Young)>]","[<KeyAuditMatter(4820, 9213177 TOR(Incorporated in the Cayman Islands with limited liability)SREPOpinion)>, <KeyAuditMatter(4821, 9213177 Impairment of goodwill)>, <KeyAuditMatter(4822, 9213177 Purchase price allocation for business combination)>]","[<KeyAuditMatterTag(11304, 4820, land)>, <KeyAuditMatterTag(11305, 4821, goodwill)>, <KeyAuditMatterTag(11306, 4821, impairment)>, <KeyAuditMatterTag(11307, 4822, allocation)>, <KeyAuditMatterTag(11308, 4822, business combination)>, <KeyAuditMatterTag(11309, 4822, price)>, <KeyAuditMatterTag(11310, 4822, purchase)>]",https://www1.hkexnews.hk/listedco/listconews/gem/2020/0331/2020033100807.pdf
18,2196,9210253,30/03/2020 17:20,1665,PENTAMASTER,Annual Report 2019,Financial Statements/ESG Information - [Annual Report],2MB,"[<Auditor(2109, 9210253, Grant Thornton Hong Kong Limited)>]","[<KeyAuditMatter(4907, 9210253 Revenue recognition)>, <KeyAuditMatter(4908, 9210253 Valuation of inventories)>, <KeyAuditMatter(4909, 9210253 Valuation of inventories)>, <KeyAuditMatter(4910, 9210253 Provision for expected credit losses of trade receivables)>, <KeyAuditMatter(4911, 9210253 Purchase price allocation for acquisition of a subsidiary)>]","[<KeyAuditMatterTag(11489, 4907, recognition)>, <KeyAuditMatterTag(11490, 4907, revenue)>, <KeyAuditMatterTag(11491, 4908, inventories)>, <KeyAuditMatterTag(11492, 4908, valuation)>, <KeyAuditMatterTag(11493, 4909, inventories)>, <KeyAuditMatterTag(11494, 4909, valuation)>, <KeyAuditMatterTag(11495, 4910, expected credit loss)>, <KeyAuditMatterTag(11496, 4910, provision)>, <KeyAuditMatterTag(11497, 4911, acquisition)>, <KeyAuditMatterTag(11498, 4911, allocation)>, <KeyAuditMatterTag(11499, 4911, price)>, <KeyAuditMatterTag(11500, 4911, purchase)>]",https://www1.hkexnews.hk/listedco/listconews/sehk/2020/0330/2020033000838.pdf
19,2392,9072697,20/11/2019 17:53,191,LAI SUN INT'L,Annual Report Year ended 31 July 2019,"Financial Statements/ESG Information - [Annual Report / Environmental, Social and Governance Information/Report]",5MB,"[<Auditor(2294, 9072697, Ernst & Young)>]","[<KeyAuditMatter(5304, 9072697 Key audit matterHow our audit addressed the key audit matterImpairment of a hotel property located in Hong Kong)>, <KeyAuditMatter(5305, 9072697 Estimation of fair values of investment properties)>, <KeyAuditMatter(5306, 9072697 Key audit matterHow our audit addressed the key audit matterPurchase price allocation for a business combination)>]","[<KeyAuditMatterTag(12305, 5304, impairment)>, <KeyAuditMatterTag(12306, 5304, property)>, <KeyAuditMatterTag(12307, 5305, estimation)>, <KeyAuditMatterTag(12308, 5305, fair)>, <KeyAuditMatterTag(12309, 5305, investment)>, <KeyAuditMatterTag(12310, 5305, properties)>, <KeyAuditMatterTag(12311, 5305, value)>, <KeyAuditMatterTag(12312, 5305, values)>, <KeyAuditMatterTag(12313, 5306, allocation)>, <KeyAuditMatterTag(12314, 5306, business combination)>, <KeyAuditMatterTag(12315, 5306, price)>, <KeyAuditMatterTag(12316, 5306, purchase)>]",https://www1.hkexnews.hk/listedco/listconews/sehk/2019/1120/2019112000484.pdf
20,2393,9072647,20/11/2019 17:39,488,LAI SUN DEV,Annual Report Year ended 31 July 2019,"Financial Statements/ESG Information - [Annual Report / Environmental, Social and Governance Information/Report]",4MB,"[<Auditor(2295, 9072647, Ernst & Young)>]","[<KeyAuditMatter(5307, 9072647 Key audit matterHow our audit addressed the key audit matterImpairment of a hotel property located in Hong Kong)>, <KeyAuditMatter(5308, 9072647 Estimation of fair values of investment properties)>, <KeyAuditMatter(5309, 9072647 Key audit matterHow our audit addressed the key audit matterPurchase price allocation for a business combination)>]","[<KeyAuditMatterTag(12317, 5307, impairment)>, <KeyAuditMatterTag(12318, 5307, property)>, <KeyAuditMatterTag(12319, 5308, estimation)>, <KeyAuditMatterTag(12320, 5308, fair)>, <KeyAuditMatterTag(12321, 5308, investment)>, <KeyAuditMatterTag(12322, 5308, properties)>, <KeyAuditMatterTag(12323, 5308, value)>, <KeyAuditMatterTag(12324, 5308, values)>, <KeyAuditMatterTag(12325, 5309, allocation)>, <KeyAuditMatterTag(12326, 5309, business combination)>, <KeyAuditMatterTag(12327, 5309, price)>, <KeyAuditMatterTag(12328, 5309, purchase)>]",https://www1.hkexnews.hk/listedco/listconews/sehk/2019/1120/2019112000434.pdf
